Varunummer,Namn,Producent,Pris,Volym,Forpackning,Kategori3,Ursprung,Druvor,AssortmentText,Antal_butiker,Butiker
213801,d'Arenberg Hermit Crab,d'Arenberg,129.0,750 ml,Lättare glasflaska,Fylligt & Smakrikt,Australien,"Viognier, Marsanne",Fast sortiment,75,"0102,0104,0106,0107,0110,0113,0114,0132,0133,0134,0135,0136,0137,0138,0140,0143,0144,0145,0147,0148,0150,0151,0163,0165,0167,0168,0170,0171,0172,0173,0174,0175,0176,0177,0178,0179,0180,0182,0201,0202,0204,0205,0206,0207,0208,0209,0210,0211,0212,0213,0214,0215,0216,0217,0218,0219,0220,0221,0222,0223,0224,0225,0226,0227,0228,0229,0230,0231,0232,0234,0235,0236,0237,0238,0239"
2032001,Castillo Monjardin Garnacha Organic,Castillo de Monjardin,99.0,750 ml,Lättare glasflaska,Kryddigt & Mustigt,Spanien,Garnacha,Fast sortiment,74,"0102,0104,0106,0107,0110,0113,0114,0132,0133,0134,0135,0136,0137,0140,0143,0144,0145,0147,0148,0150,0151,0163,0165,0167,0168,0170,0171,0172,0173,0174,0175,0176,0177,0178,0179,0180,0182,0201,0202,0204,0205,0206,0207,0208,0209,0210,0211,0212,0213,0214,0215,0216,0217,0218,0219,0220,0221,0222,0223,0224,0225,0226,0227,0228,0229,0230,0231,0232,0234,0235,0236,0237,0238,0239"
258701,Côté Mas Brut,Domaines Paul Mas,99.0,750 ml,Lättare glasflaska,Torrt vitt,Frankrike,,Fast sortiment,74,"0102,0104,0106,0107,0110,0113,0114,0132,0133,0134,0135,0136,0137,0140,0143,0144,0145,0147,0148,0150,0151,0163,0165,0167,0168,0170,0171,0172,0173,0174,0175,0176,0177,0178,0179,0180,0182,0201,0202,0204,0205,0206,0207,0208,0209,0210,0211,0212,0213,0214,0215,0216,0217,0218,0219,0220,0221,0222,0223,0224,0225,0226,0227,0228,0229,0230,0231,0232,0234,0235,0236,0237,0238,0239"
60168801,Ox & Rooster Merlot Reserve,Distileria Bulboaca SRL,79.0,750 ml,Lättare glasflaska,Fruktigt & Smakrikt,Moldavien,Merlot,Fast sortiment,74,"0102,0104,0106,0107,0110,0113,0114,0132,0133,0134,0135,0136,0137,0140,0143,0144,0145,0147,0148,0150,0151,0163,0165,0167,0168,0170,0171,0172,0173,0174,0175,0176,0177,0178,0179,0180,0182,0201,0202,0204,0205,0206,0207,0208,0209,0210,0211,0212,0213,0214,0215,0216,0217,0218,0219,0220,0221,0222,0223,0224,0225,0226,0227,0228,0229,0230,0231,0232,0234,0235,0236,0237,0238,0239"
281901,Quinta do Cardo Organic,Agrocardo SA.,99.0,750 ml,Lättare glasflaska,Fruktigt & Smakrikt,Portugal,"Touriga naçional, Tinta roriz, Touriga franca",Fast sortiment,73,"0102,0104,0106,0107,0110,0113,0114,0132,0133,0134,0135,0136,0137,0140,0143,0144,0145,0147,0148,0150,0151,0163,0165,0167,0168,0170,0171,0172,0173,0174,0175,0176,0177,0178,0179,0180,0182,0201,0202,0204,0205,0206,0207,0208,0209,0210,0211,0212,0213,0214,0215,0216,0217,0218,0219,0221,0222,0223,0224,0225,0226,0227,0228,0229,0230,0231,0232,0234,0235,0236,0237,0238,0239"
260101,Colombes des Vignes Côtes du Rhône Villages Sainte Cécile,Cave des vignerons Réunis,99.0,750 ml,Lättare glasflaska,Kryddigt & Mustigt,Frankrike,"Grenache, Mourvèdre, Syrah",Fast sortiment,73,"0102,0104,0106,0107,0110,0113,0114,0132,0133,0134,0135,0136,0137,0140,0143,0144,0145,0147,0148,0150,0151,0163,0165,0167,0168,0170,0171,0172,0173,0174,0175,0176,0177,0178,0179,0180,0182,0201,0202,0204,0205,0206,0207,0208,0209,0210,0211,0212,0213,0214,0215,0216,0217,0218,0219,0221,0222,0223,0224,0225,0226,0227,0228,0229,0230,0231,0232,0234,0235,0236,0237,0238,0239"
260801,Maison Vialade Côtes du Roussillon Villages,Domaines Gardies,99.0,750 ml,Lättare glasflaska,Fruktigt & Smakrikt,Frankrike,"Mourvèdre, Syrah, Grenache noir",Fast sortiment,70,"0102,0104,0106,0107,0113,0114,0132,0133,0134,0135,0136,0137,0140,0143,0144,0145,0147,0148,0150,0151,0163,0165,0167,0168,0170,0171,0172,0173,0174,0175,0176,0177,0178,0179,0180,0182,0201,0202,0204,0205,0206,0207,0208,0209,0210,0211,0212,0213,0214,0215,0216,0217,0218,0219,0221,0222,0223,0224,0225,0226,0228,0229,0230,0231,0232,0234,0235,0236,0237,0238"
262201,Grand Vin de Stellenbosch Heritage Blend,Stellenbosch Hills,149.0,750 ml,Lättare glasflaska,Fruktigt & Smakrikt,Sydafrika,"Cabernet sauvignon, Merlot, Petit verdot, Cinsault",Fast sortiment,71,"0102,0104,0106,0107,0110,0113,0114,0132,0133,0134,0135,0136,0137,0140,0143,0144,0145,0147,0148,0150,0151,0163,0165,0167,0168,0170,0171,0172,0173,0174,0175,0176,0177,0178,0179,0180,0182,0201,0202,0204,0205,0206,0207,0208,0209,0210,0211,0212,0213,0214,0215,0216,0217,0218,0219,0221,0222,0223,0224,0225,0226,0228,0229,0230,0231,0232,0234,0235,0236,0237,0238"
2031401,Southern Ridge Shiraz Victoria,Carramar Estate,119.0,750 ml,Lättare glasflaska,Fruktigt & Smakrikt,Australien,Shiraz,Fast sortiment,72,"0102,0104,0106,0107,0110,0113,0114,0132,0133,0134,0135,0136,0137,0138,0140,0143,0144,0145,0147,0148,0150,0151,0163,0165,0167,0168,0170,0171,0172,0173,0174,0175,0176,0177,0178,0179,0180,0182,0201,0202,0204,0205,0206,0207,0208,0209,0210,0211,0212,0213,0214,0215,0216,0217,0218,0219,0221,0222,0223,0224,0225,0226,0228,0229,0230,0231,0232,0234,0235,0236,0237,0238"
2032401,Poggio San Polo Chianti,San Polo,139.0,750 ml,Lättare glasflaska,Kryddigt & Mustigt,Italien,Sangiovese,Fast sortiment,54,"0102,0104,0106,0107,0113,0114,0134,0135,0136,0138,0140,0145,0147,0150,0151,0165,0167,0168,0170,0171,0172,0173,0174,0175,0176,0177,0178,0179,0180,0182,0201,0202,0206,0208,0209,0211,0212,0213,0214,0215,0216,0217,0218,0219,0222,0225,0226,0228,0229,0230,0231,0232,0237,0238"
2031801,JUWEL Grauburgunder,Juwel Weine,99.0,750 ml,Lättare glasflaska,Friskt & Fruktigt,Tyskland,Grauburgunder,Fast sortiment,63,"0102,0104,0106,0107,0113,0114,0132,0133,0134,0135,0136,0137,0140,0143,0144,0145,0147,0150,0151,0163,0165,0167,0168,0170,0171,0172,0173,0174,0175,0176,0177,0178,0179,0180,0182,0201,0202,0204,0206,0207,0208,0209,0211,0212,0213,0214,0215,0216,0217,0218,0219,0221,0222,0224,0225,0226,0228,0229,0230,0231,0232,0237,0238"
3028101,Zweigelt Klassik,Salzl Seewinkelhof GmbH,99.0,750 ml,Lättare glasflaska,Fruktigt & Smakrikt,Österrike,Zweigelt,Fast sortiment,65,"0102,0104,0106,0107,0110,0113,0114,0132,0133,0134,0135,0136,0137,0138,0140,0143,0144,0145,0147,0150,0151,0163,0165,0167,0168,0170,0171,0172,0173,0174,0175,0176,0177,0178,0179,0180,0182,0201,0202,0204,0206,0207,0208,0209,0211,0212,0213,0214,0215,0216,0217,0218,0219,0221,0222,0224,0225,0226,0228,0229,0230,0231,0232,0237,0238"
261134,Rebellion Furmint,Laposa Birtok Kft.,49.0,250 ml,Burk,Friskt & Fruktigt,Ungern,"Furmint, Olaszrizling",Fast sortiment,53,"0102,0104,0106,0107,0113,0114,0134,0135,0136,0138,0140,0145,0147,0150,0151,0165,0167,0168,0170,0171,0172,0173,0174,0175,0176,0177,0178,0179,0180,0182,0201,0202,0206,0208,0209,0211,0212,0213,0214,0215,0216,0217,0218,0219,0222,0225,0226,0228,0229,0230,0232,0237,0238"
259801,Coca i Fitó Natura,Coca i Fitó,149.0,750 ml,Lättare glasflaska,Kryddigt & Mustigt,Spanien,"Grenache, Carignan, Syrah",Fast sortiment,65,"0102,0104,0106,0107,0110,0113,0114,0132,0133,0134,0135,0136,0137,0138,0140,0143,0144,0145,0147,0150,0151,0163,0165,0167,0168,0170,0171,0172,0173,0174,0175,0176,0177,0178,0179,0180,0182,0201,0202,0204,0206,0207,0208,0209,0211,0212,0213,0214,0215,0216,0217,0218,0219,0221,0222,0224,0225,0226,0228,0229,0230,0231,0232,0237,0238"
2031901,Bender Riesling,Weinhaus Bender Manuel,129.0,750 ml,Lättare glasflaska,Friskt & Fruktigt,Tyskland,Riesling,Fast sortiment,51,"0102,0104,0106,0107,0113,0114,0132,0133,0134,0136,0137,0138,0140,0143,0144,0145,0147,0151,0163,0165,0167,0170,0171,0172,0173,0174,0175,0176,0178,0179,0180,0201,0202,0204,0207,0209,0211,0212,0213,0215,0216,0217,0221,0224,0226,0228,0230,0231,0232,0237,0238"
240101,Dauvergne et Ranvier Hermitage Sélection,Dauvergne Ranvier,399.0,750 ml,Glasflaska,Kryddigt & Mustigt,Frankrike,Syrah,Fast sortiment,55,"0102,0104,0106,0107,0113,0114,0134,0135,0136,0138,0140,0145,0147,0150,0151,0165,0167,0168,0170,0171,0172,0173,0174,0175,0176,0177,0178,0179,0180,0182,0201,0202,0206,0208,0209,0211,0212,0213,0214,0215,0216,0217,0218,0219,0221,0222,0225,0226,0228,0229,0230,0232,0237,0238,0239"
194101,Fontanafredda BollaCiao,Fontanafredda,139.0,750 ml,Glasflaska,Torrt vitt,Italien,"Chardonnay, Pinot noir",Fast sortiment,49,"0102,0104,0106,0107,0110,0113,0114,0132,0133,0134,0136,0137,0138,0140,0143,0144,0145,0147,0151,0163,0165,0167,0170,0171,0172,0173,0174,0175,0176,0179,0180,0201,0202,0204,0207,0211,0212,0213,0215,0216,0218,0221,0224,0228,0230,0231,0232,0237,0238"
2031501,Koyle Garnatxa,Viña Koyle,169.0,750 ml,Lättare glasflaska,Mjukt & Bärigt,Chile,Garnatxa,Fast sortiment,41,"0102,0104,0106,0107,0113,0114,0134,0136,0140,0145,0147,0151,0165,0167,0170,0171,0172,0173,0174,0175,0176,0178,0179,0180,0201,0202,0206,0209,0211,0212,0213,0215,0216,0217,0226,0228,0229,0230,0232,0237,0238"
223701,Txakoli Rezabal,Txakoli Rezabal,149.0,750 ml,Lättare glasflaska,Friskt & Fruktigt,Spanien,Hondarrabi zuri,Fast sortiment,40,"0102,0104,0106,0107,0113,0114,0134,0136,0140,0144,0145,0147,0151,0165,0167,0170,0171,0172,0173,0174,0175,0176,0178,0179,0180,0201,0202,0209,0211,0212,0213,0215,0216,0217,0226,0228,0230,0232,0237,0238"
236701,Waimea Albariño,Booster Wine Group,139.0,750 ml,Lättare glasflaska,Friskt & Fruktigt,Nya Zeeland,Albariño,Fast sortiment,47,"0102,0104,0106,0107,0113,0114,0132,0133,0134,0136,0137,0138,0140,0143,0144,0145,0147,0151,0163,0165,0167,0170,0171,0172,0173,0174,0175,0176,0179,0180,0201,0202,0204,0207,0211,0212,0213,0215,0216,0221,0224,0228,0230,0231,0232,0237,0238"
254801,Ramos Vinho de Talha,J. Portugal Ramos Vinhos,169.0,750 ml,Lättare glasflaska,Fruktigt & Smakrikt,Portugal,"Aragonez, Trincadeira, Castelão",Fast sortiment,49,"0102,0104,0106,0107,0110,0113,0114,0132,0133,0134,0136,0137,0138,0140,0143,0144,0145,0147,0151,0163,0165,0167,0170,0171,0172,0173,0174,0175,0176,0179,0180,0201,0202,0204,0207,0211,0212,0213,0215,0216,0217,0221,0224,0228,0230,0231,0232,0237,0238"
237001,Bishop's Peak Pinot Noir,Bishop’S Peak By Talley Vineyards,219.0,750 ml,Glasflaska,Kryddigt & Mustigt,USA,Pinot noir,Fast sortiment,46,"0102,0104,0106,0107,0110,0113,0114,0132,0133,0134,0136,0137,0140,0143,0144,0145,0147,0151,0163,0165,0167,0170,0171,0172,0173,0174,0175,0176,0179,0180,0201,0202,0204,0207,0211,0212,0213,0215,0216,0221,0224,0230,0231,0232,0237,0238"
667101,Viña Maipo Chardonnay,Viña Maipo SpA,69.0,750 ml,Lättare glasflaska,Friskt & Fruktigt,Chile,Chardonnay,Fast sortiment,75,"0102,0104,0106,0107,0110,0113,0114,0132,0133,0134,0135,0136,0137,0138,0140,0143,0144,0145,0147,0148,0150,0151,0163,0165,0167,0168,0170,0171,0172,0173,0174,0175,0176,0177,0178,0179,0180,0182,0201,0202,0204,0205,0206,0207,0208,0209,0210,0211,0212,0213,0214,0215,0216,0217,0218,0219,0220,0221,0222,0223,0224,0225,0226,0227,0228,0229,0230,0231,0232,0234,0235,0236,0237,0238,0239"
631101,Stoneleigh Sauvignon Blanc,Vinarchy,125.0,750 ml,Lättare glasflaska,Friskt & Fruktigt,Nya Zeeland,Sauvignon blanc,Fast sortiment,74,"0102,0104,0106,0107,0110,0113,0114,0132,0133,0134,0135,0136,0137,0138,0140,0143,0145,0147,0148,0150,0151,0163,0165,0167,0168,0170,0171,0172,0173,0174,0175,0176,0177,0178,0179,0180,0182,0201,0202,0204,0205,0206,0207,0208,0209,0210,0211,0212,0213,0214,0215,0216,0217,0218,0219,0220,0221,0222,0223,0224,0225,0226,0227,0228,0229,0230,0231,0232,0234,0235,0236,0237,0238,0239"
772002,Casalforte Prosecco Extra Dry,Collis Heritage S.p.A.,69.0,375 ml,Lättare glasflaska,Torrt vitt,Italien,Glera,Fast sortiment,74,"0102,0104,0106,0107,0110,0113,0114,0132,0133,0134,0135,0136,0137,0138,0140,0143,0144,0145,0147,0148,0150,0151,0163,0165,0167,0168,0170,0171,0172,0173,0174,0175,0176,0177,0178,0179,0180,0182,0201,0202,0204,0205,0206,0207,0208,0209,0210,0211,0212,0213,0214,0215,0216,0217,0218,0219,0220,0221,0222,0223,0224,0225,0226,0227,0228,0229,0230,0232,0234,0235,0236,0237,0238,0239"
420001,Leth Grüner Veltliner,Weingut Leth,99.0,750 ml,Lättare glasflaska,Friskt & Fruktigt,Österrike,Grüner veltliner,Fast sortiment,75,"0102,0104,0106,0107,0110,0113,0114,0132,0133,0134,0135,0136,0137,0138,0140,0143,0144,0145,0147,0148,0150,0151,0163,0165,0167,0168,0170,0171,0172,0173,0174,0175,0176,0177,0178,0179,0180,0182,0201,0202,0204,0205,0206,0207,0208,0209,0210,0211,0212,0213,0214,0215,0216,0217,0218,0219,0220,0221,0222,0223,0224,0225,0226,0227,0228,0229,0230,0231,0232,0234,0235,0236,0237,0238,0239"
7859601,R Riesling Organic,Ruppertsberger Weinkeller Hoheburg eG,99.0,1000 ml,Lättare glasflaska,Friskt & Fruktigt,Tyskland,Riesling,Fast sortiment,75,"0102,0104,0106,0107,0110,0113,0114,0132,0133,0134,0135,0136,0137,0138,0140,0143,0144,0145,0147,0148,0150,0151,0163,0165,0167,0168,0170,0171,0172,0173,0174,0175,0176,0177,0178,0179,0180,0182,0201,0202,0204,0205,0206,0207,0208,0209,0210,0211,0212,0213,0214,0215,0216,0217,0218,0219,0220,0221,0222,0223,0224,0225,0226,0227,0228,0229,0230,0231,0232,0234,0235,0236,0237,0238,0239"
216701,Terre de Mistral Reserve Côtes du Rhône Organic,Les Vignerons d'Estezargues,99.0,750 ml,Lättare glasflaska,Kryddigt & Mustigt,Frankrike,"Carignan, Grenache, Mourvèdre, Syrah",Fast sortiment,73,"0102,0104,0106,0107,0110,0113,0114,0132,0133,0134,0135,0136,0137,0138,0140,0143,0144,0145,0147,0148,0150,0151,0165,0167,0168,0170,0171,0172,0173,0174,0175,0176,0177,0178,0179,0180,0182,0201,0202,0204,0205,0206,0207,0208,0209,0210,0211,0212,0213,0214,0215,0216,0217,0218,0219,0220,0221,0222,0223,0224,0225,0226,0227,0228,0229,0230,0232,0234,0235,0236,0237,0238,0239"
1228401,Jean Biecher Riesling Organic Réserve,Jean Biecher,119.0,750 ml,Lättare glasflaska,Friskt & Fruktigt,Frankrike,Riesling,Fast sortiment,75,"0102,0104,0106,0107,0110,0113,0114,0132,0133,0134,0135,0136,0137,0138,0140,0143,0144,0145,0147,0148,0150,0151,0163,0165,0167,0168,0170,0171,0172,0173,0174,0175,0176,0177,0178,0179,0180,0182,0201,0202,0204,0205,0206,0207,0208,0209,0210,0211,0212,0213,0214,0215,0216,0217,0218,0219,0220,0221,0222,0223,0224,0225,0226,0227,0228,0229,0230,0231,0232,0234,0235,0236,0237,0238,0239"
1200001,Saint Clair Vicar's Choice Sauvignon Blanc,Saint Clair Family Estate,109.0,750 ml,Lättare glasflaska,Friskt & Fruktigt,Nya Zeeland,Sauvignon blanc,Fast sortiment,75,"0102,0104,0106,0107,0110,0113,0114,0132,0133,0134,0135,0136,0137,0138,0140,0143,0144,0145,0147,0148,0150,0151,0163,0165,0167,0168,0170,0171,0172,0173,0174,0175,0176,0177,0178,0179,0180,0182,0201,0202,0204,0205,0206,0207,0208,0209,0210,0211,0212,0213,0214,0215,0216,0217,0218,0219,0220,0221,0222,0223,0224,0225,0226,0227,0228,0229,0230,0231,0232,0234,0235,0236,0237,0238,0239"
536801,Sander Riesling trocken,Weingut Sander,124.0,750 ml,Lättare glasflaska,Friskt & Fruktigt,Tyskland,Riesling,Fast sortiment,75,"0102,0104,0106,0107,0110,0113,0114,0132,0133,0134,0135,0136,0137,0138,0140,0143,0144,0145,0147,0148,0150,0151,0163,0165,0167,0168,0170,0171,0172,0173,0174,0175,0176,0177,0178,0179,0180,0182,0201,0202,0204,0205,0206,0207,0208,0209,0210,0211,0212,0213,0214,0215,0216,0217,0218,0219,0220,0221,0222,0223,0224,0225,0226,0227,0228,0229,0230,0231,0232,0234,0235,0236,0237,0238,0239"
215101,Xavier Vignon Côtes-du-Rhône Grenache Vieilles Vignes Organic,Xavier Vignon,127.0,750 ml,Lättare glasflaska,Kryddigt & Mustigt,Frankrike,Grenache,Fast sortiment,74,"0102,0104,0106,0107,0110,0113,0114,0132,0133,0134,0135,0136,0137,0138,0140,0143,0144,0145,0147,0148,0150,0151,0163,0165,0167,0168,0170,0171,0172,0173,0174,0175,0176,0177,0178,0179,0180,0182,0201,0202,0204,0205,0206,0207,0208,0209,0211,0212,0213,0214,0215,0216,0217,0218,0219,0220,0221,0222,0223,0224,0225,0226,0227,0228,0229,0230,0231,0232,0234,0235,0236,0237,0238,0239"
219701,Ecologica La Pluma Rosé,Julià & Navinès,99.0,750 ml,Lättare glasflaska,Friskt & Bärigt,Spanien,"Tempranillo, Merlot, Cabernet sauvignon",Fast sortiment,73,"0102,0104,0106,0107,0110,0113,0114,0132,0133,0134,0135,0136,0137,0140,0143,0144,0145,0147,0148,0150,0151,0163,0165,0167,0168,0170,0171,0172,0173,0174,0175,0176,0177,0178,0179,0180,0182,0201,0202,0204,0205,0206,0207,0208,0209,0211,0212,0213,0214,0215,0216,0217,0218,0219,0220,0221,0222,0223,0224,0225,0226,0227,0228,0229,0230,0231,0232,0234,0235,0236,0237,0238,0239"
8140101,Jean Biecher Pinot Gris Organic Réserve,Jean Biecher,117.0,750 ml,Lättare glasflaska,Druvigt & Blommigt,Frankrike,Pinot gris,Fast sortiment,74,"0102,0104,0106,0107,0110,0113,0114,0132,0133,0134,0135,0136,0137,0140,0143,0144,0145,0147,0148,0150,0151,0163,0165,0167,0168,0170,0171,0172,0173,0174,0175,0176,0177,0178,0179,0180,0182,0201,0202,0204,0205,0206,0207,0208,0209,0210,0211,0212,0213,0214,0215,0216,0217,0218,0219,0220,0221,0222,0223,0224,0225,0226,0227,0228,0229,0230,0231,0232,0234,0235,0236,0237,0238,0239"
582201,Leitz Eins Zwei Dry Riesling,Josef Leitz,108.0,750 ml,Lättare glasflaska,Friskt & Fruktigt,Tyskland,Riesling,Fast sortiment,75,"0102,0104,0106,0107,0110,0113,0114,0132,0133,0134,0135,0136,0137,0138,0140,0143,0144,0145,0147,0148,0150,0151,0163,0165,0167,0168,0170,0171,0172,0173,0174,0175,0176,0177,0178,0179,0180,0182,0201,0202,0204,0205,0206,0207,0208,0209,0210,0211,0212,0213,0214,0215,0216,0217,0218,0219,0220,0221,0222,0223,0224,0225,0226,0227,0228,0229,0230,0231,0232,0234,0235,0236,0237,0238,0239"
2013902,Cameleon Malbec,Domaine Bousquet,70.0,375 ml,Lättare glasflaska,Fruktigt & Smakrikt,Argentina,Malbec,Fast sortiment,74,"0102,0104,0106,0107,0110,0113,0114,0132,0133,0134,0135,0136,0137,0140,0143,0144,0145,0147,0148,0150,0151,0163,0165,0167,0168,0170,0171,0172,0173,0174,0175,0176,0177,0178,0179,0180,0182,0201,0202,0204,0205,0206,0207,0208,0209,0210,0211,0212,0213,0214,0215,0216,0217,0218,0219,0220,0221,0222,0223,0224,0225,0226,0227,0228,0229,0230,0231,0232,0234,0235,0236,0237,0238,0239"
296201,Casillero del Diablo Cabernet Sauvignon,Concha y Toro,89.0,750 ml,Lättare glasflaska,Fruktigt & Smakrikt,Chile,Cabernet sauvignon,Fast sortiment,74,"0102,0104,0106,0107,0110,0113,0114,0132,0133,0134,0135,0136,0137,0140,0143,0144,0145,0147,0148,0150,0151,0163,0165,0167,0168,0170,0171,0172,0173,0174,0175,0176,0177,0178,0179,0180,0182,0201,0202,0204,0205,0206,0207,0208,0209,0210,0211,0212,0213,0214,0215,0216,0217,0218,0219,0220,0221,0222,0223,0224,0225,0226,0227,0228,0229,0230,0231,0232,0234,0235,0236,0237,0238,0239"
500601,Dimension Chardonnay,Du Toitskloof Cellar,85.0,750 ml,Lättare glasflaska,Friskt & Fruktigt,Sydafrika,Chardonnay,Fast sortiment,74,"0102,0104,0106,0107,0110,0113,0114,0132,0133,0134,0135,0136,0137,0140,0143,0144,0145,0147,0148,0150,0151,0163,0165,0167,0168,0170,0171,0172,0173,0174,0175,0176,0177,0178,0179,0180,0182,0201,0202,0204,0205,0206,0207,0208,0209,0210,0211,0212,0213,0214,0215,0216,0217,0218,0219,0220,0221,0222,0223,0224,0225,0226,0227,0228,0229,0230,0231,0232,0234,0235,0236,0237,0238,0239"
591401,Ruppertsberger Hofstück Riesling,Ruppertsberger Weinkeller Hoheburg eG,89.0,750 ml,Lättare glasflaska,Friskt & Fruktigt,Tyskland,Riesling,Fast sortiment,74,"0102,0104,0106,0107,0110,0113,0114,0132,0133,0134,0135,0136,0137,0140,0143,0144,0145,0147,0148,0150,0151,0163,0165,0167,0168,0170,0171,0172,0173,0174,0175,0176,0177,0178,0179,0180,0182,0201,0202,0204,0205,0206,0207,0208,0209,0210,0211,0212,0213,0214,0215,0216,0217,0218,0219,0220,0221,0222,0223,0224,0225,0226,0227,0228,0229,0230,0231,0232,0234,0235,0236,0237,0238,0239"
1655401,Trapiche Malbec Oak Cask,Bodegas Trapiche,99.0,750 ml,Lättare glasflaska,Fruktigt & Smakrikt,Argentina,Malbec,Fast sortiment,74,"0102,0104,0106,0107,0110,0113,0114,0132,0133,0134,0135,0136,0137,0140,0143,0144,0145,0147,0148,0150,0151,0163,0165,0167,0168,0170,0171,0172,0173,0174,0175,0176,0177,0178,0179,0180,0182,0201,0202,0204,0205,0206,0207,0208,0209,0210,0211,0212,0213,0214,0215,0216,0217,0218,0219,0220,0221,0222,0223,0224,0225,0226,0227,0228,0229,0230,0231,0232,0234,0235,0236,0237,0238,0239"
261934,Leva Chardonnay Dimiat & Muscat,Vinex Slavyantsi,39.0,250 ml,Burk,Druvigt & Blommigt,Bulgarien,"Chardonnay, Dimiat, Muscat",Fast sortiment,70,"0102,0106,0107,0110,0113,0114,0132,0133,0134,0135,0136,0137,0140,0143,0144,0145,0147,0148,0150,0163,0165,0167,0168,0170,0171,0172,0173,0174,0175,0176,0177,0178,0180,0182,0201,0202,0204,0205,0206,0207,0208,0209,0210,0211,0212,0213,0214,0215,0216,0217,0218,0219,0220,0221,0222,0223,0224,0225,0226,0227,0228,0229,0230,0231,0232,0234,0235,0236,0238,0239"
226701,Brochet Facile Sauvignon Blanc,Ampelidae,109.0,750 ml,Lättare glasflaska,Friskt & Fruktigt,Frankrike,Sauvignon blanc,Fast sortiment,69,"0102,0104,0106,0110,0113,0114,0132,0133,0134,0135,0136,0137,0140,0143,0144,0147,0148,0150,0151,0163,0165,0167,0168,0170,0171,0174,0175,0176,0177,0178,0179,0180,0182,0201,0202,0204,0205,0206,0207,0208,0209,0210,0211,0212,0213,0214,0215,0217,0218,0219,0220,0221,0222,0223,0224,0225,0226,0227,0228,0229,0230,0231,0232,0234,0235,0236,0237,0238,0239"
650801,Black Tower Organic Pink Bubbly,Reh Kendermann,79.0,750 ml,Lättare glasflaska,Fruktigt & Smakrikt,EU,,Fast sortiment,74,"0102,0104,0106,0107,0110,0113,0114,0132,0133,0134,0135,0136,0137,0140,0143,0144,0145,0147,0148,0150,0151,0163,0165,0167,0168,0170,0171,0172,0173,0174,0175,0176,0177,0178,0179,0180,0182,0201,0202,0204,0205,0206,0207,0208,0209,0210,0211,0212,0213,0214,0215,0216,0217,0218,0219,0220,0221,0222,0223,0224,0225,0226,0227,0228,0229,0230,0231,0232,0234,0235,0236,0237,0238,0239"
590101,Ruppertsberger Nussbien Riesling Kabinett,Ruppertsberger Weinkeller Hoheburg eG,99.0,750 ml,Lättare glasflaska,Druvigt & Blommigt,Tyskland,Riesling,Fast sortiment,74,"0102,0104,0106,0107,0110,0113,0114,0132,0133,0134,0135,0136,0137,0140,0143,0144,0145,0147,0148,0150,0151,0163,0165,0167,0168,0170,0171,0172,0173,0174,0175,0176,0177,0178,0179,0180,0182,0201,0202,0204,0205,0206,0207,0208,0209,0210,0211,0212,0213,0214,0215,0216,0217,0218,0219,0220,0221,0222,0223,0224,0225,0226,0227,0228,0229,0230,0231,0232,0234,0235,0236,0237,0238,0239"
157101,Noria Blanc de Noirs Brut,Domaine Villa Noria,99.0,750 ml,Lättare glasflaska,Torrt vitt,Frankrike,,Fast sortiment,75,"0102,0104,0106,0107,0110,0113,0114,0132,0133,0134,0135,0136,0137,0138,0140,0143,0144,0145,0147,0148,0150,0151,0163,0165,0167,0168,0170,0171,0172,0173,0174,0175,0176,0177,0178,0179,0180,0182,0201,0202,0204,0205,0206,0207,0208,0209,0210,0211,0212,0213,0214,0215,0216,0217,0218,0219,0220,0221,0222,0223,0224,0225,0226,0227,0228,0229,0230,0231,0232,0234,0235,0236,0237,0238,0239"
7598201,Salt & Pepper Double Reserve Cabernet Sauvignon,Providential Wines & Spirits AB,99.0,750 ml,Lättare glasflaska,Fruktigt & Smakrikt,Frankrike,Cabernet sauvignon,Fast sortiment,70,"0102,0104,0106,0107,0110,0113,0114,0132,0133,0134,0136,0137,0140,0143,0144,0145,0147,0148,0150,0151,0163,0165,0167,0168,0170,0171,0172,0173,0174,0175,0176,0177,0178,0179,0180,0182,0201,0202,0205,0206,0208,0209,0210,0211,0212,0213,0215,0216,0217,0218,0219,0220,0221,0222,0223,0224,0225,0226,0227,0228,0229,0230,0231,0232,0234,0235,0236,0237,0238,0239"
649801,Stoneleigh Riesling,Vinarchy,119.0,750 ml,Lättare glasflaska,Friskt & Fruktigt,Nya Zeeland,Riesling,Fast sortiment,74,"0102,0104,0106,0107,0110,0113,0114,0132,0133,0134,0135,0136,0137,0140,0143,0144,0145,0147,0148,0150,0151,0163,0165,0167,0168,0170,0171,0172,0173,0174,0175,0176,0177,0178,0179,0180,0182,0201,0202,0204,0205,0206,0207,0208,0209,0210,0211,0212,0213,0214,0215,0216,0217,0218,0219,0220,0221,0222,0223,0224,0225,0226,0227,0228,0229,0230,0231,0232,0234,0235,0236,0237,0238,0239"
7373801,King’s Bay Sauvignon Blanc,Icon Wines,129.0,750 ml,Lättare glasflaska,Friskt & Fruktigt,Nya Zeeland,Sauvignon blanc,Fast sortiment,72,"0102,0104,0106,0107,0113,0114,0132,0133,0134,0135,0136,0137,0140,0143,0144,0145,0147,0148,0150,0151,0163,0165,0167,0168,0170,0171,0172,0173,0174,0175,0176,0177,0178,0179,0180,0182,0201,0202,0204,0205,0206,0207,0208,0209,0210,0211,0212,0213,0214,0215,0216,0217,0218,0219,0221,0222,0223,0224,0225,0226,0227,0228,0229,0230,0231,0232,0234,0235,0236,0237,0238,0239"
242124,Dulban Garnacha,Castelo de Pedregosa,40.0,250 ml,Burk,Mjukt & Bärigt,Spanien,Garnacha,Fast sortiment,71,"0102,0104,0106,0107,0110,0113,0114,0132,0133,0134,0135,0136,0137,0140,0143,0144,0145,0147,0148,0150,0151,0165,0167,0168,0170,0171,0172,0173,0174,0175,0176,0177,0178,0179,0180,0182,0201,0202,0205,0206,0207,0208,0209,0210,0211,0212,0213,0214,0215,0216,0217,0218,0219,0221,0222,0223,0224,0225,0226,0227,0228,0229,0230,0231,0232,0234,0235,0236,0237,0238,0239"
2018434,Pizzolato Frizzante Rosé,La Cantina Pizzolato,43.0,200 ml,Burk,Rosé,Italien,,Fast sortiment,57,"0102,0104,0107,0110,0113,0132,0133,0134,0137,0140,0143,0144,0147,0148,0151,0163,0165,0167,0168,0170,0171,0173,0174,0175,0176,0178,0179,0180,0201,0202,0204,0205,0206,0207,0208,0209,0210,0211,0212,0213,0215,0217,0219,0222,0223,0224,0225,0227,0228,0230,0232,0234,0235,0236,0237,0238,0239"
295135,Pizzolato Moscato Frizzante Organic,La Cantina Pizzolato,42.0,200 ml,Burk,Torrt vitt,Italien,Moscato,Fast sortiment,57,"0102,0104,0107,0110,0113,0114,0132,0133,0134,0137,0140,0143,0144,0147,0148,0151,0163,0165,0167,0168,0170,0171,0173,0174,0175,0176,0178,0179,0180,0201,0202,0204,0205,0206,0207,0208,0209,0210,0211,0212,0213,0215,0217,0219,0222,0223,0225,0227,0228,0230,0232,0234,0235,0236,0237,0238,0239"
471715,Piccolo Primo Primitivo,Varvaglione Vigne e Vini,45.0,250 ml,Burk,Fruktigt & Smakrikt,Italien,Primitivo,Fast sortiment,71,"0102,0104,0106,0107,0110,0113,0114,0133,0134,0135,0136,0137,0140,0143,0144,0145,0147,0148,0150,0151,0163,0165,0167,0168,0170,0171,0172,0173,0174,0175,0176,0177,0178,0179,0180,0182,0201,0202,0204,0205,0206,0207,0208,0209,0210,0211,0212,0213,0214,0215,0216,0217,0218,0220,0221,0223,0224,0225,0226,0227,0228,0229,0230,0231,0232,0234,0235,0236,0237,0238,0239"
772001,Casalforte Prosecco Extra Dry,Collis Heritage S.p.A.,99.0,750 ml,Lättare glasflaska,Torrt vitt,Italien,Glera,Fast sortiment,74,"0102,0104,0106,0107,0110,0113,0114,0132,0133,0134,0135,0136,0137,0138,0140,0143,0144,0145,0147,0148,0150,0151,0163,0165,0167,0168,0170,0171,0172,0173,0174,0175,0176,0177,0178,0179,0180,0182,0201,0202,0204,0205,0206,0207,0208,0209,0210,0211,0212,0213,0214,0215,0216,0217,0218,0219,0221,0222,0223,0224,0225,0226,0227,0228,0229,0230,0231,0232,0234,0235,0236,0237,0238,0239"
213701,Perdeberg Pinotage,Perdeberg Cellar,97.0,750 ml,Lättare glasflaska,Fruktigt & Smakrikt,Sydafrika,Pinotage,Fast sortiment,56,"0102,0104,0106,0107,0110,0114,0134,0135,0136,0137,0143,0145,0147,0148,0150,0151,0165,0168,0170,0171,0172,0174,0175,0177,0178,0179,0180,0182,0202,0205,0206,0208,0209,0210,0211,0213,0214,0216,0217,0218,0220,0223,0224,0225,0226,0227,0228,0229,0230,0232,0234,0235,0236,0237,0238,0239"
761301,Julià & Navinès Cava Organic Semi Seco,1+1=3 U Mes U Fan Tres S.L.,109.0,750 ml,Glasflaska,Halvtorrt vitt,Spanien,"Macabeo, Parellada, Xarel-lo",Fast sortiment,62,"0102,0104,0106,0107,0110,0113,0114,0132,0133,0134,0136,0137,0138,0140,0144,0145,0147,0148,0151,0163,0165,0167,0168,0170,0171,0172,0173,0174,0175,0176,0178,0179,0180,0201,0202,0204,0205,0207,0208,0210,0211,0212,0213,0215,0216,0217,0218,0219,0222,0223,0226,0227,0228,0229,0230,0232,0234,0235,0236,0237,0238,0239"
499301,Crudo Catarratto Zibibbo Organic,Cantine Colomba Bianca,99.0,750 ml,Glasflaska,Druvigt & Blommigt,Italien,"Catarratto, Zibibbo",Fast sortiment,64,"0102,0104,0106,0107,0110,0113,0114,0132,0133,0134,0136,0137,0138,0140,0144,0145,0147,0148,0151,0163,0165,0167,0168,0170,0171,0172,0173,0174,0175,0176,0178,0179,0180,0201,0202,0204,0205,0207,0208,0209,0210,0211,0212,0213,0215,0216,0217,0218,0219,0220,0222,0223,0226,0227,0228,0229,0230,0232,0234,0235,0236,0237,0238,0239"
787004,Prosecco Pizzolato Organic,La Cantina Pizzolato,49.0,200 ml,Lättare glasflaska,Torrt vitt,Italien,Glera,Fast sortiment,65,"0102,0104,0106,0107,0110,0113,0114,0132,0133,0134,0136,0137,0138,0140,0144,0145,0147,0148,0151,0163,0165,0167,0168,0170,0171,0172,0173,0174,0175,0176,0178,0179,0180,0201,0202,0204,0205,0207,0208,0209,0210,0211,0212,0213,0215,0216,0217,0218,0219,0220,0221,0222,0223,0226,0227,0228,0229,0230,0232,0234,0235,0236,0237,0238,0239"
792702,Codorníu Ecológica Brut,Codorníu,69.0,375 ml,Glasflaska,Torrt vitt,Spanien,"Parellada, Xarel-lo",Fast sortiment,67,"0102,0104,0106,0107,0110,0113,0114,0132,0133,0134,0136,0137,0138,0140,0144,0145,0147,0148,0151,0163,0165,0167,0168,0170,0171,0172,0173,0174,0175,0176,0178,0179,0180,0201,0202,0204,0205,0206,0207,0208,0209,0210,0211,0212,0213,0215,0216,0217,0218,0219,0220,0221,0222,0223,0226,0227,0228,0229,0230,0231,0232,0234,0235,0236,0237,0238,0239"
7216901,Passicone Rosso Organico,Nordic Sea Winery,99.0,1000 ml,Lättare glasflaska,Fruktigt & Smakrikt,Italien,"Montepulciano, Primitivo, Sangiovese",Fast sortiment,72,"0102,0104,0106,0107,0110,0113,0114,0132,0134,0135,0136,0137,0138,0140,0143,0144,0145,0147,0148,0150,0151,0163,0165,0167,0168,0170,0171,0172,0173,0174,0175,0176,0177,0178,0179,0180,0182,0201,0202,0204,0205,0206,0207,0208,0209,0210,0211,0212,0213,0214,0215,0216,0217,0218,0220,0221,0223,0224,0225,0226,0227,0228,0229,0230,0231,0232,0234,0235,0236,0237,0238,0239"
7978001,Castelmare Prosecco Organic Extra Dry,Oenoforos S A,109.0,750 ml,Glasflaska,Torrt vitt,Italien,Glera,Fast sortiment,70,"0102,0104,0106,0107,0110,0113,0114,0132,0134,0135,0136,0137,0138,0140,0143,0144,0145,0147,0148,0150,0151,0165,0167,0168,0170,0171,0172,0173,0174,0175,0176,0177,0178,0179,0180,0182,0201,0202,0205,0206,0208,0209,0210,0211,0212,0213,0214,0215,0216,0217,0218,0219,0220,0221,0223,0224,0225,0226,0227,0228,0229,0230,0231,0232,0234,0235,0236,0237,0238,0239"
3243101,Boira' Sangiovese,Cantine Volpi,115.0,750 ml,Lättare glasflaska,Fruktigt & Smakrikt,Italien,Sangiovese,Fast sortiment,68,"0102,0104,0106,0107,0110,0113,0114,0132,0134,0135,0136,0137,0138,0140,0143,0144,0145,0147,0148,0150,0151,0165,0167,0168,0170,0171,0172,0173,0174,0175,0176,0177,0178,0179,0180,0182,0201,0202,0205,0206,0208,0209,0210,0211,0212,0213,0214,0215,0216,0217,0218,0220,0221,0223,0224,0225,0227,0228,0229,0230,0231,0232,0234,0235,0236,0237,0238,0239"
774201,Pizzolato Vino Spumante Rosé Organic,La Cantina Pizzolato,99.0,750 ml,Glasflaska,Rosé,Italien,"Glera, Raboso",Fast sortiment,75,"0102,0104,0106,0107,0110,0113,0114,0132,0133,0134,0135,0136,0137,0138,0140,0143,0144,0145,0147,0148,0150,0151,0163,0165,0167,0168,0170,0171,0172,0173,0174,0175,0176,0177,0178,0179,0180,0182,0201,0202,0204,0205,0206,0207,0208,0209,0210,0211,0212,0213,0214,0215,0216,0217,0218,0219,0220,0221,0222,0223,0224,0225,0226,0227,0228,0229,0230,0231,0232,0234,0235,0236,0237,0238,0239"
2213901,Les Fumées Blanches Sauvignon Blanc,Fumées Blanches,107.0,750 ml,Lättare glasflaska,Friskt & Fruktigt,Frankrike,Sauvignon blanc,Fast sortiment,65,"0102,0104,0106,0107,0110,0114,0132,0133,0134,0135,0137,0138,0140,0143,0144,0147,0148,0150,0151,0163,0167,0168,0171,0172,0173,0174,0175,0176,0177,0178,0179,0180,0182,0201,0202,0204,0205,0206,0207,0208,0209,0210,0211,0213,0214,0215,0217,0219,0220,0221,0222,0223,0224,0225,0226,0227,0228,0231,0232,0234,0235,0236,0237,0238,0239"
547501,Bourgogne Pinot Noir Labouré-Roi,Labouré-Roi,149.0,750 ml,Lättare glasflaska,Mjukt & Bärigt,Frankrike,Pinot noir,Fast sortiment,75,"0102,0104,0106,0107,0110,0113,0114,0132,0133,0134,0135,0136,0137,0138,0140,0143,0144,0145,0147,0148,0150,0151,0163,0165,0167,0168,0170,0171,0172,0173,0174,0175,0176,0177,0178,0179,0180,0182,0201,0202,0204,0205,0206,0207,0208,0209,0210,0211,0212,0213,0214,0215,0216,0217,0218,0219,0220,0221,0222,0223,0224,0225,0226,0227,0228,0229,0230,0231,0232,0234,0235,0236,0237,0238,0239"
274001,Amarone della Valpolicella,Luigi Righetti,219.0,750 ml,Glasflaska,Kryddigt & Mustigt,Italien,"Corvina veronese, Molinara, Rondinella",Fast sortiment,75,"0102,0104,0106,0107,0110,0113,0114,0132,0133,0134,0135,0136,0137,0138,0140,0143,0144,0145,0147,0148,0150,0151,0163,0165,0167,0168,0170,0171,0172,0173,0174,0175,0176,0177,0178,0179,0180,0182,0201,0202,0204,0205,0206,0207,0208,0209,0210,0211,0212,0213,0214,0215,0216,0217,0218,0219,0220,0221,0222,0223,0224,0225,0226,0227,0228,0229,0230,0231,0232,0234,0235,0236,0237,0238,0239"
5114301,Maple & Ash Pinot Noir,Oenoforos S A,119.0,750 ml,Glasflaska,Kryddigt & Mustigt,USA,Pinot noir,Fast sortiment,75,"0102,0104,0106,0107,0110,0113,0114,0132,0133,0134,0135,0136,0137,0138,0140,0143,0144,0145,0147,0148,0150,0151,0163,0165,0167,0168,0170,0171,0172,0173,0174,0175,0176,0177,0178,0179,0180,0182,0201,0202,0204,0205,0206,0207,0208,0209,0210,0211,0212,0213,0214,0215,0216,0217,0218,0219,0220,0221,0222,0223,0224,0225,0226,0227,0228,0229,0230,0231,0232,0234,0235,0236,0237,0238,0239"
667102,Viña Maipo Chardonnay,Viña Maipo SpA,49.0,375 ml,Glasflaska,Friskt & Fruktigt,Chile,Chardonnay,Fast sortiment,75,"0102,0104,0106,0107,0110,0113,0114,0132,0133,0134,0135,0136,0137,0138,0140,0143,0144,0145,0147,0148,0150,0151,0163,0165,0167,0168,0170,0171,0172,0173,0174,0175,0176,0177,0178,0179,0180,0182,0201,0202,0204,0205,0206,0207,0208,0209,0210,0211,0212,0213,0214,0215,0216,0217,0218,0219,0220,0221,0222,0223,0224,0225,0226,0227,0228,0229,0230,0231,0232,0234,0235,0236,0237,0238,0239"
5164101,Sofia y Sebastian Cava is Best Enjoyed with Friends Organic,ViniMundi,99.0,750 ml,Glasflaska,Torrt vitt,Spanien,,Fast sortiment,67,"0102,0104,0106,0107,0110,0113,0114,0132,0133,0134,0135,0136,0137,0138,0143,0144,0145,0147,0148,0150,0151,0165,0167,0168,0172,0173,0174,0176,0177,0179,0180,0182,0201,0202,0204,0205,0206,0208,0209,0210,0211,0212,0213,0214,0215,0216,0217,0218,0219,0220,0221,0222,0223,0224,0225,0226,0227,0228,0229,0230,0231,0232,0234,0235,0236,0238,0239"
742501,Charles de Fère Blanc de Blancs Brut,Charles de Fère,89.0,750 ml,Glasflaska,Torrt vitt,Frankrike,"Chardonnay, Colombard, Ugni blanc",Fast sortiment,67,"0102,0104,0106,0107,0110,0113,0114,0132,0133,0134,0135,0136,0137,0138,0143,0144,0145,0147,0148,0150,0151,0165,0167,0168,0172,0173,0174,0176,0177,0179,0180,0182,0201,0202,0204,0205,0206,0208,0209,0210,0211,0212,0213,0214,0215,0216,0217,0218,0219,0220,0221,0222,0223,0224,0225,0226,0227,0228,0229,0230,0231,0232,0234,0235,0236,0238,0239"
2230001,Fontanafredda Ebbio Langhe Nebbiolo,Fontanafredda,149.0,750 ml,Lättare glasflaska,Kryddigt & Mustigt,Italien,Nebbiolo,Fast sortiment,67,"0102,0104,0106,0107,0110,0114,0132,0133,0134,0135,0137,0138,0140,0143,0144,0147,0148,0150,0151,0163,0167,0168,0171,0172,0173,0174,0175,0176,0177,0178,0179,0180,0182,0201,0202,0204,0205,0206,0207,0208,0209,0210,0211,0213,0214,0215,0217,0218,0219,0220,0221,0222,0223,0224,0225,0226,0227,0228,0229,0231,0232,0234,0235,0236,0237,0238,0239"
7425501,Pietro Di Campo Barbera Silenzio,Pietro Di Campo,99.0,750 ml,Lättare glasflaska,Fruktigt & Smakrikt,Italien,Barbera,Fast sortiment,64,"0102,0104,0106,0107,0110,0113,0114,0132,0134,0135,0136,0137,0143,0144,0145,0147,0148,0150,0151,0163,0165,0167,0168,0172,0173,0174,0176,0177,0179,0180,0182,0201,0202,0204,0205,0206,0209,0210,0211,0212,0213,0214,0215,0216,0217,0219,0220,0221,0222,0223,0224,0225,0226,0227,0228,0229,0230,0231,0232,0234,0235,0236,0238,0239"
2265201,Navajas Crianza,Bodegas Navajas,109.0,750 ml,Lättare glasflaska,Kryddigt & Mustigt,Spanien,Tempranillo,Fast sortiment,64,"0102,0104,0106,0107,0110,0113,0114,0132,0134,0135,0136,0137,0143,0144,0145,0147,0148,0150,0151,0163,0165,0167,0168,0172,0173,0174,0176,0177,0179,0180,0182,0201,0202,0204,0205,0206,0209,0210,0211,0212,0213,0214,0215,0216,0217,0219,0220,0221,0222,0223,0224,0225,0226,0227,0228,0229,0230,0231,0232,0234,0235,0236,0238,0239"
558801,Petit Chablis Domaine Sainte Claire J M Brocard,J M Brocard,169.0,750 ml,Lättare glasflaska,Friskt & Fruktigt,Frankrike,Chardonnay,Fast sortiment,66,"0102,0104,0106,0107,0110,0113,0114,0132,0134,0135,0136,0137,0140,0143,0144,0145,0147,0148,0150,0151,0163,0165,0167,0168,0172,0173,0174,0176,0177,0179,0180,0182,0201,0202,0204,0205,0206,0209,0210,0211,0212,0213,0214,0215,0216,0217,0219,0220,0221,0222,0223,0224,0225,0226,0227,0228,0229,0230,0231,0232,0234,0235,0236,0237,0238,0239"
7937701,Casteloro Prosecco Organic Extra Dry,Fields Wine Company AB,99.0,750 ml,Glasflaska,Torrt vitt,Italien,Glera,Fast sortiment,67,"0102,0104,0106,0107,0110,0113,0114,0132,0134,0135,0136,0137,0140,0143,0144,0145,0147,0148,0150,0151,0163,0165,0167,0168,0170,0171,0172,0173,0174,0175,0176,0177,0179,0180,0182,0201,0202,0204,0206,0209,0210,0211,0212,0213,0214,0215,0216,0217,0219,0220,0221,0222,0223,0224,0225,0226,0227,0228,0229,0230,0231,0232,0235,0236,0237,0238,0239"
252501,Baron de Ley Reserva,Baron de Ley,129.0,750 ml,Glasflaska,Kryddigt & Mustigt,Spanien,"Tempranillo, Garnacha",Fast sortiment,66,"0102,0104,0106,0107,0110,0113,0114,0132,0134,0135,0136,0137,0140,0143,0144,0145,0147,0148,0150,0151,0163,0165,0167,0168,0170,0171,0172,0173,0174,0175,0176,0177,0179,0180,0182,0201,0202,0204,0206,0209,0210,0211,0212,0213,0214,0215,0216,0217,0219,0220,0221,0222,0223,0224,0225,0226,0227,0228,0229,0230,0231,0232,0235,0236,0237,0238"
296202,Casillero del Diablo Cabernet Sauvignon,Concha y Toro,54.0,375 ml,Glasflaska,Fruktigt & Smakrikt,Chile,Cabernet sauvignon,Fast sortiment,69,"0102,0104,0106,0107,0110,0113,0114,0132,0133,0134,0135,0136,0137,0140,0143,0144,0145,0147,0148,0150,0151,0163,0165,0167,0170,0171,0172,0173,0174,0175,0176,0177,0178,0179,0180,0182,0201,0202,0204,0205,0206,0207,0210,0211,0212,0213,0214,0215,0216,0217,0219,0220,0221,0222,0223,0224,0225,0226,0227,0228,0230,0231,0232,0234,0235,0236,0237,0238,0239"
8253101,Bouchard Aîné & Fils Pinot Noir,Bouchard Aîné et Fils,99.0,750 ml,Lättare glasflaska,Mjukt & Bärigt,Frankrike,Pinot noir,Fast sortiment,69,"0102,0104,0106,0107,0110,0113,0114,0132,0133,0134,0135,0136,0137,0140,0143,0144,0145,0147,0148,0150,0151,0163,0165,0167,0170,0171,0172,0173,0174,0175,0176,0177,0178,0179,0180,0182,0201,0202,0204,0205,0206,0207,0210,0211,0212,0213,0214,0215,0216,0217,0219,0220,0221,0222,0223,0224,0225,0226,0227,0228,0230,0231,0232,0234,0235,0236,0237,0238,0239"
220901,Puy Chéri Syrah Rosé,Foncalieu,95.0,750 ml,Glasflaska,Friskt & Bärigt,Frankrike,Syrah,Fast sortiment,71,"0102,0104,0106,0107,0110,0113,0114,0132,0134,0135,0136,0137,0138,0140,0143,0144,0145,0147,0148,0150,0151,0163,0165,0167,0170,0171,0172,0173,0174,0175,0176,0177,0178,0179,0180,0182,0201,0202,0204,0205,0206,0207,0209,0210,0211,0212,0213,0214,0215,0216,0217,0218,0219,0220,0221,0222,0223,0224,0225,0226,0227,0228,0230,0231,0232,0234,0235,0236,0237,0238,0239"
225701,Abbotts & Delaunay Carignan Vieilles Vignes,Abbotts & Delaunay,99.0,750 ml,Lättare glasflaska,Fruktigt & Smakrikt,Frankrike,Carignan,Fast sortiment,70,"0102,0104,0106,0107,0110,0113,0114,0132,0134,0135,0136,0137,0138,0140,0143,0144,0145,0147,0148,0151,0163,0165,0167,0170,0171,0172,0173,0174,0175,0176,0177,0178,0179,0180,0182,0201,0202,0205,0206,0207,0208,0209,0210,0211,0212,0213,0214,0215,0216,0217,0218,0219,0220,0221,0222,0223,0224,0225,0226,0227,0228,0230,0231,0232,0234,0235,0236,0237,0238,0239"
7967101,Maison Bonjour Chardonnay Reserve de la Cave,Vins Biecher,99.0,1000 ml,Lättare glasflaska,Fylligt & Smakrikt,Frankrike,Chardonnay,Fast sortiment,70,"0102,0104,0106,0107,0113,0114,0132,0134,0135,0136,0137,0138,0140,0143,0144,0145,0147,0148,0151,0163,0165,0167,0170,0171,0172,0173,0174,0175,0176,0177,0178,0179,0180,0182,0201,0202,0205,0206,0207,0208,0209,0210,0211,0212,0213,0214,0215,0216,0217,0218,0219,0220,0221,0222,0223,0224,0225,0226,0227,0228,0229,0230,0231,0232,0234,0235,0236,0237,0238,0239"
7741001,El Mar Cava Brut,ViniMundi,99.0,750 ml,Glasflaska,Torrt vitt,Spanien,,Fast sortiment,72,"0102,0104,0106,0107,0113,0114,0132,0133,0134,0135,0136,0137,0138,0140,0144,0145,0147,0148,0150,0151,0163,0165,0167,0168,0170,0171,0172,0173,0174,0175,0176,0177,0178,0179,0180,0182,0201,0202,0205,0206,0207,0208,0209,0210,0211,0212,0213,0214,0215,0216,0217,0218,0219,0220,0221,0222,0223,0224,0225,0226,0227,0228,0229,0230,0231,0232,0234,0235,0236,0237,0238,0239"
7667101,Bread & Butter Pinot Noir,Bread & Butter Wines,169.0,750 ml,Glasflaska,Kryddigt & Mustigt,USA,Pinot noir,Fast sortiment,72,"0102,0104,0106,0107,0113,0114,0132,0133,0134,0135,0136,0137,0138,0140,0144,0145,0147,0148,0150,0151,0163,0165,0167,0168,0170,0171,0172,0173,0174,0175,0176,0177,0178,0179,0180,0182,0201,0202,0205,0206,0207,0208,0209,0210,0211,0212,0213,0214,0215,0216,0217,0218,0219,0220,0221,0222,0223,0224,0225,0226,0227,0228,0229,0230,0231,0232,0234,0235,0236,0237,0238,0239"
7659801,Viva Valentina Sangiovese,Iconic Wines,119.0,750 ml,Lättare glasflaska,Kryddigt & Mustigt,Italien,Sangiovese,Fast sortiment,74,"0102,0104,0106,0107,0110,0113,0114,0132,0133,0134,0135,0136,0137,0140,0143,0144,0145,0147,0148,0150,0151,0163,0165,0167,0168,0170,0171,0172,0173,0174,0175,0176,0177,0178,0179,0180,0182,0201,0202,0204,0205,0206,0207,0208,0209,0210,0211,0212,0213,0214,0215,0216,0217,0218,0219,0220,0221,0222,0223,0224,0225,0226,0227,0228,0229,0230,0231,0232,0234,0235,0236,0237,0238,0239"
1267001,El Coto Crianza,El Coto de Rioja,99.0,750 ml,Lättare glasflaska,Kryddigt & Mustigt,Spanien,Tempranillo,Fast sortiment,75,"0102,0104,0106,0107,0110,0113,0114,0132,0133,0134,0135,0136,0137,0138,0140,0143,0144,0145,0147,0148,0150,0151,0163,0165,0167,0168,0170,0171,0172,0173,0174,0175,0176,0177,0178,0179,0180,0182,0201,0202,0204,0205,0206,0207,0208,0209,0210,0211,0212,0213,0214,0215,0216,0217,0218,0219,0220,0221,0222,0223,0224,0225,0226,0227,0228,0229,0230,0231,0232,0234,0235,0236,0237,0238,0239"
774901,Mionetto Prosecco Brut,Mionetto Spumante,105.0,750 ml,Glasflaska,Torrt vitt,Italien,Glera,Fast sortiment,72,"0102,0104,0106,0107,0110,0113,0114,0132,0133,0134,0135,0136,0137,0138,0140,0143,0144,0145,0147,0148,0150,0151,0163,0165,0167,0168,0170,0171,0172,0173,0174,0175,0176,0177,0178,0179,0180,0182,0201,0202,0204,0206,0207,0208,0209,0210,0211,0212,0213,0214,0215,0216,0217,0218,0219,0220,0221,0222,0223,0224,0225,0226,0227,0228,0229,0230,0231,0232,0235,0236,0237,0238"
789101,Beaumont des Crayères Grande Réserve Brut,Beaumont des Crayères,299.0,750 ml,Glasflaska,Torrt vitt,Frankrike,"Pinot meunier, Chardonnay, Pinot noir",Fast sortiment,72,"0102,0104,0106,0107,0110,0113,0114,0132,0133,0134,0135,0136,0137,0138,0140,0143,0144,0145,0147,0148,0150,0151,0163,0165,0167,0168,0170,0171,0172,0173,0174,0175,0176,0177,0178,0179,0180,0182,0201,0202,0204,0206,0207,0208,0209,0210,0211,0212,0213,0214,0215,0216,0217,0218,0219,0220,0221,0222,0223,0224,0225,0226,0227,0228,0229,0230,0231,0232,0235,0236,0237,0238"
535401,Tommasi Graticcio Appassionato,Tommasi Viticoltori,119.0,750 ml,Lättare glasflaska,Kryddigt & Mustigt,Italien,"Corvina veronese, Merlot, Rondinella",Fast sortiment,62,"0102,0110,0113,0114,0132,0133,0134,0135,0136,0137,0138,0140,0144,0145,0148,0151,0163,0165,0167,0168,0170,0171,0173,0174,0175,0176,0177,0178,0180,0182,0201,0202,0204,0205,0207,0208,0210,0211,0212,0213,0214,0215,0216,0217,0218,0219,0221,0222,0223,0224,0225,0226,0228,0229,0230,0232,0234,0235,0236,0237,0238,0239"
5648201,This is The Bomb Appassimento,Enjoy Wine & Spirits,99.0,750 ml,Lättare glasflaska,Kryddigt & Mustigt,Italien,,Fast sortiment,62,"0102,0110,0113,0114,0132,0133,0134,0135,0136,0137,0140,0144,0145,0148,0151,0163,0165,0167,0168,0170,0171,0173,0174,0175,0176,0177,0178,0180,0182,0201,0202,0204,0205,0207,0208,0210,0211,0212,0213,0214,0215,0216,0217,0218,0219,0221,0222,0223,0224,0225,0226,0227,0228,0229,0230,0232,0234,0235,0236,0237,0238,0239"
778702,Nivole,Michele Chiarlo,99.0,375 ml,Glasflaska,Sött,Italien,,Fast sortiment,63,"0102,0110,0113,0114,0132,0133,0134,0135,0136,0137,0138,0140,0144,0145,0148,0151,0163,0165,0167,0168,0170,0171,0173,0174,0175,0176,0177,0178,0180,0182,0201,0202,0204,0205,0207,0208,0210,0211,0212,0213,0214,0215,0216,0217,0218,0219,0221,0222,0223,0224,0225,0226,0227,0228,0229,0230,0232,0234,0235,0236,0237,0238,0239"
768801,Louis Bouillot Crémant de Bourgogne Brut,Louis Bouillot,149.0,750 ml,Glasflaska,Torrt vitt,Frankrike,"Pinot noir, Chardonnay, Aligoté, Gamay",Fast sortiment,65,"0102,0104,0110,0113,0114,0132,0133,0134,0135,0136,0137,0138,0140,0144,0145,0148,0151,0163,0165,0167,0168,0170,0171,0173,0174,0175,0176,0177,0178,0179,0180,0182,0201,0202,0204,0205,0207,0208,0210,0211,0212,0213,0214,0215,0216,0217,0218,0219,0221,0222,0223,0224,0225,0226,0227,0228,0229,0230,0232,0234,0235,0236,0237,0238,0239"
7281901,This is The Idiot Pinot Noir,Enjoy Wine & Spirits,99.0,750 ml,Lättare glasflaska,Mjukt & Bärigt,Italien,Pinot noir,Fast sortiment,65,"0102,0104,0110,0113,0114,0132,0133,0134,0135,0136,0137,0138,0140,0144,0145,0148,0151,0163,0165,0167,0168,0170,0171,0173,0174,0175,0176,0177,0178,0179,0180,0182,0201,0202,0204,0205,0207,0208,0210,0211,0212,0213,0214,0215,0216,0217,0218,0219,0221,0222,0223,0224,0225,0226,0227,0228,0229,0230,0232,0234,0235,0236,0237,0238,0239"
7314201,Gérard Bertrand Château L'Hospitalet La Réserve Rouge,Gérard Bertrand,219.0,750 ml,Glasflaska,Fruktigt & Smakrikt,Frankrike,"Grenache, Mourvèdre, Syrah",Fast sortiment,74,"0102,0104,0106,0107,0110,0113,0114,0132,0133,0134,0135,0136,0137,0140,0143,0144,0145,0147,0148,0150,0151,0163,0165,0167,0168,0170,0171,0172,0173,0174,0175,0176,0177,0178,0179,0180,0182,0201,0202,0204,0205,0206,0207,0208,0209,0210,0211,0212,0213,0214,0215,0216,0217,0218,0219,0220,0221,0222,0223,0224,0225,0226,0227,0228,0229,0230,0231,0232,0234,0235,0236,0237,0238,0239"
201101,Côtes-du-Rhône E. Guigal,E Guigal,149.0,750 ml,Lättare glasflaska,Kryddigt & Mustigt,Frankrike,"Syrah, Grenache, Mourvèdre",Fast sortiment,75,"0102,0104,0106,0107,0110,0113,0114,0132,0133,0134,0135,0136,0137,0138,0140,0143,0144,0145,0147,0148,0150,0151,0163,0165,0167,0168,0170,0171,0172,0173,0174,0175,0176,0177,0178,0179,0180,0182,0201,0202,0204,0205,0206,0207,0208,0209,0210,0211,0212,0213,0214,0215,0216,0217,0218,0219,0220,0221,0222,0223,0224,0225,0226,0227,0228,0229,0230,0231,0232,0234,0235,0236,0237,0238,0239"
7960001,Enzo Bartoli Barbera d'Asti Superiore,MGM S.r.l.,159.0,750 ml,Glasflaska,Fruktigt & Smakrikt,Italien,Barbera,Fast sortiment,75,"0102,0104,0106,0107,0110,0113,0114,0132,0133,0134,0135,0136,0137,0138,0140,0143,0144,0145,0147,0148,0150,0151,0163,0165,0167,0168,0170,0171,0172,0173,0174,0175,0176,0177,0178,0179,0180,0182,0201,0202,0204,0205,0206,0207,0208,0209,0210,0211,0212,0213,0214,0215,0216,0217,0218,0219,0220,0221,0222,0223,0224,0225,0226,0227,0228,0229,0230,0231,0232,0234,0235,0236,0237,0238,0239"
535402,Tommasi Graticcio Appassionato,Tommasi Viticoltori,79.0,375 ml,Glasflaska,Kryddigt & Mustigt,Italien,"Corvina veronese, Merlot, Rondinella",Fast sortiment,75,"0102,0104,0106,0107,0110,0113,0114,0132,0133,0134,0135,0136,0137,0138,0140,0143,0144,0145,0147,0148,0150,0151,0163,0165,0167,0168,0170,0171,0172,0173,0174,0175,0176,0177,0178,0179,0180,0182,0201,0202,0204,0205,0206,0207,0208,0209,0210,0211,0212,0213,0214,0215,0216,0217,0218,0219,0220,0221,0222,0223,0224,0225,0226,0227,0228,0229,0230,0231,0232,0234,0235,0236,0237,0238,0239"
7115901,Patriarche Bourgogne Chardonnay Cuvée des Visitandines,Patriarche Père & Fils,139.0,750 ml,Lättare glasflaska,Fylligt & Smakrikt,Frankrike,Chardonnay,Fast sortiment,75,"0102,0104,0106,0107,0110,0113,0114,0132,0133,0134,0135,0136,0137,0138,0140,0143,0144,0145,0147,0148,0150,0151,0163,0165,0167,0168,0170,0171,0172,0173,0174,0175,0176,0177,0178,0179,0180,0182,0201,0202,0204,0205,0206,0207,0208,0209,0210,0211,0212,0213,0214,0215,0216,0217,0218,0219,0220,0221,0222,0223,0224,0225,0226,0227,0228,0229,0230,0231,0232,0234,0235,0236,0237,0238,0239"
2017501,Adega de Monção Alvarinho,Adega de Monção,99.0,750 ml,Lättare glasflaska,Friskt & Fruktigt,Portugal,Alvarinho,Fast sortiment,75,"0102,0104,0106,0107,0110,0113,0114,0132,0133,0134,0135,0136,0137,0138,0140,0143,0144,0145,0147,0148,0150,0151,0163,0165,0167,0168,0170,0171,0172,0173,0174,0175,0176,0177,0178,0179,0180,0182,0201,0202,0204,0205,0206,0207,0208,0209,0210,0211,0212,0213,0214,0215,0216,0217,0218,0219,0220,0221,0222,0223,0224,0225,0226,0227,0228,0229,0230,0231,0232,0234,0235,0236,0237,0238,0239"
235201,Terre du Sud Château de la Liquière,Château de la Liquière famille Vidal Dumoulin,129.0,750 ml,Lättare glasflaska,Fruktigt & Smakrikt,Frankrike,"Grenache, Syrah, Carignan, Cinsault",Fast sortiment,75,"0102,0104,0106,0107,0110,0113,0114,0132,0133,0134,0135,0136,0137,0138,0140,0143,0144,0145,0147,0148,0150,0151,0163,0165,0167,0168,0170,0171,0172,0173,0174,0175,0176,0177,0178,0179,0180,0182,0201,0202,0204,0205,0206,0207,0208,0209,0210,0211,0212,0213,0214,0215,0216,0217,0218,0219,0220,0221,0222,0223,0224,0225,0226,0227,0228,0229,0230,0231,0232,0234,0235,0236,0237,0238,0239"
2213801,Les Fumées Blanches Rosé,Fumées Blanches,99.0,750 ml,Lättare glasflaska,Friskt & Bärigt,Frankrike,Sauvignon gris,Fast sortiment,67,"0102,0104,0106,0107,0113,0114,0133,0134,0136,0137,0138,0140,0143,0144,0145,0147,0148,0150,0151,0163,0165,0167,0168,0170,0171,0172,0173,0174,0175,0176,0179,0180,0182,0201,0202,0204,0205,0206,0209,0210,0211,0212,0213,0214,0215,0216,0217,0219,0220,0221,0222,0223,0224,0225,0226,0227,0228,0229,0230,0231,0232,0234,0235,0236,0237,0238,0239"
219801,Jean Biecher Riesling Réserve,Jean Biecher,109.0,750 ml,Lättare glasflaska,Friskt & Fruktigt,Frankrike,Riesling,Fast sortiment,74,"0102,0104,0106,0107,0110,0113,0114,0132,0133,0134,0135,0136,0137,0140,0143,0144,0145,0147,0148,0150,0151,0163,0165,0167,0168,0170,0171,0172,0173,0174,0175,0176,0177,0178,0179,0180,0182,0201,0202,0204,0205,0206,0207,0208,0209,0210,0211,0212,0213,0214,0215,0216,0217,0218,0219,0220,0221,0222,0223,0224,0225,0226,0227,0228,0229,0230,0231,0232,0234,0235,0236,0237,0238,0239"
3241701,Villa Puccini,Castellani,99.0,750 ml,Glasflaska,Kryddigt & Mustigt,Italien,"Sangiovese, Merlot",Fast sortiment,74,"0102,0104,0106,0107,0110,0113,0114,0132,0133,0134,0135,0136,0137,0138,0140,0143,0144,0145,0147,0148,0150,0151,0163,0165,0167,0168,0170,0171,0172,0173,0174,0175,0176,0177,0178,0179,0180,0182,0201,0202,0204,0205,0206,0207,0208,0209,0210,0211,0212,0213,0214,0215,0216,0217,0218,0219,0221,0222,0223,0224,0225,0226,0227,0228,0229,0230,0231,0232,0234,0235,0236,0237,0238,0239"
679201,Campolieti Ripasso,Luigi Righetti,129.0,750 ml,Lättare glasflaska,Kryddigt & Mustigt,Italien,,Fast sortiment,73,"0102,0104,0106,0107,0110,0113,0114,0133,0134,0135,0136,0137,0138,0140,0143,0144,0145,0147,0148,0150,0151,0163,0165,0167,0168,0170,0171,0172,0173,0174,0175,0176,0177,0178,0179,0180,0182,0201,0202,0204,0205,0206,0208,0209,0210,0211,0212,0213,0214,0215,0216,0217,0218,0219,0220,0221,0222,0223,0224,0225,0226,0227,0228,0229,0230,0231,0232,0234,0235,0236,0237,0238,0239"
771101,Asti Cinzano,Cinzano,109.0,750 ml,Glasflaska,Sött,Italien,Muscat,Fast sortiment,70,"0102,0104,0106,0107,0110,0113,0114,0133,0134,0135,0136,0137,0140,0143,0144,0145,0147,0148,0150,0151,0163,0165,0167,0168,0170,0171,0172,0173,0174,0175,0176,0177,0178,0179,0180,0182,0201,0202,0204,0206,0208,0209,0211,0212,0213,0214,0215,0216,0217,0218,0219,0220,0221,0222,0223,0224,0225,0226,0227,0228,0229,0230,0231,0232,0234,0235,0236,0237,0238,0239"
221602,Cava 1+1=3 Brut Rosé Pinot Noir Organic,1+1=3 U Mes U Fan Tres S.L.,89.0,375 ml,Glasflaska,Rosé,Spanien,Pinot noir,Fast sortiment,72,"0102,0104,0106,0107,0113,0114,0132,0133,0134,0135,0136,0137,0138,0140,0144,0145,0147,0148,0150,0151,0163,0165,0167,0168,0170,0171,0172,0173,0174,0175,0176,0177,0178,0179,0180,0182,0201,0202,0204,0205,0206,0207,0208,0209,0210,0211,0212,0213,0214,0215,0216,0217,0218,0219,0221,0222,0223,0224,0225,0226,0227,0228,0229,0230,0231,0232,0234,0235,0236,0237,0238,0239"
296204,Casillero del Diablo Cabernet Sauvignon,Concha y Toro,39.0,250 ml,Lättare glasflaska,Fruktigt & Smakrikt,Chile,Cabernet sauvignon,Fast sortiment,75,"0102,0104,0106,0107,0110,0113,0114,0132,0133,0134,0135,0136,0137,0138,0140,0143,0144,0145,0147,0148,0150,0151,0163,0165,0167,0168,0170,0171,0172,0173,0174,0175,0176,0177,0178,0179,0180,0182,0201,0202,0204,0205,0206,0207,0208,0209,0210,0211,0212,0213,0214,0215,0216,0217,0218,0219,0220,0221,0222,0223,0224,0225,0226,0227,0228,0229,0230,0231,0232,0234,0235,0236,0237,0238,0239"
7418901,Zecci Valpolicella Ripasso Superiore,Botter,159.0,750 ml,Glasflaska,Kryddigt & Mustigt,Italien,,Fast sortiment,72,"0102,0104,0106,0107,0110,0113,0114,0132,0133,0134,0135,0136,0140,0143,0144,0145,0147,0148,0150,0151,0163,0165,0167,0168,0170,0171,0172,0173,0174,0175,0176,0177,0178,0179,0180,0182,0201,0202,0205,0206,0207,0208,0209,0210,0211,0212,0213,0214,0215,0216,0217,0218,0219,0220,0221,0222,0223,0224,0225,0226,0227,0228,0229,0230,0231,0232,0234,0235,0236,0237,0238,0239"
7294501,Viva Valentina Il Classico,Iconic Wines,129.0,750 ml,Lättare glasflaska,Kryddigt & Mustigt,Italien,"Nero d'avola, Merlot",Fast sortiment,71,"0102,0104,0106,0107,0110,0113,0114,0132,0133,0134,0135,0136,0140,0143,0144,0145,0147,0148,0150,0151,0163,0165,0167,0168,0170,0171,0172,0173,0174,0175,0176,0177,0178,0179,0180,0182,0201,0202,0205,0206,0207,0208,0209,0210,0211,0212,0213,0214,0215,0216,0217,0218,0219,0221,0222,0223,0224,0225,0226,0227,0228,0229,0230,0231,0232,0234,0235,0236,0237,0238,0239"
7241101,Ecoltura Appassimento,Domaine Wines Sweden AB,99.0,750 ml,Lättare glasflaska,Kryddigt & Mustigt,Italien,Primitivo,Fast sortiment,73,"0102,0104,0106,0107,0110,0113,0114,0132,0133,0134,0135,0136,0137,0140,0143,0144,0145,0147,0148,0150,0151,0163,0165,0167,0168,0170,0171,0172,0173,0174,0175,0176,0177,0178,0179,0180,0182,0201,0202,0204,0205,0206,0207,0208,0209,0210,0211,0212,0213,0214,0215,0216,0217,0218,0219,0221,0222,0223,0224,0225,0226,0227,0228,0229,0230,0231,0232,0234,0235,0236,0237,0238,0239"
269001,Kung Fu Girl Riesling,Charles Smith Wines,149.0,750 ml,Lättare glasflaska,Friskt & Fruktigt,USA,Riesling,Fast sortiment,74,"0102,0104,0106,0107,0110,0113,0114,0132,0133,0134,0135,0136,0137,0138,0140,0143,0144,0145,0147,0150,0151,0163,0165,0167,0168,0170,0171,0172,0173,0174,0175,0176,0177,0178,0179,0180,0182,0201,0202,0204,0205,0206,0207,0208,0209,0210,0211,0212,0213,0214,0215,0216,0217,0218,0219,0220,0221,0222,0223,0224,0225,0226,0227,0228,0229,0230,0231,0232,0234,0235,0236,0237,0238,0239"
7177001,Perfect day VdP Méditerranée,Contemporary Wines AB,99.0,750 ml,Lättare glasflaska,Friskt & Bärigt,Frankrike,"Cinsault, Grenache, Syrah, Rolle",Fast sortiment,73,"0102,0104,0106,0107,0110,0113,0114,0132,0133,0134,0135,0136,0137,0140,0143,0144,0145,0147,0148,0150,0151,0163,0165,0167,0168,0170,0171,0172,0173,0174,0175,0176,0177,0178,0179,0180,0182,0201,0202,0204,0206,0207,0208,0209,0210,0211,0212,0213,0214,0215,0216,0217,0218,0219,0220,0221,0222,0223,0224,0225,0226,0227,0228,0229,0230,0231,0232,0234,0235,0236,0237,0238,0239"
7487901,P.Lex Pinot Grigio,Icon Wines,109.0,750 ml,Lättare glasflaska,Druvigt & Blommigt,Italien,Pinot grigio,Fast sortiment,74,"0102,0104,0106,0107,0110,0113,0114,0132,0133,0134,0135,0136,0137,0140,0143,0144,0145,0147,0148,0150,0151,0163,0165,0167,0168,0170,0171,0172,0173,0174,0175,0176,0177,0178,0179,0180,0182,0201,0202,0204,0205,0206,0207,0208,0209,0210,0211,0212,0213,0214,0215,0216,0217,0218,0219,0220,0221,0222,0223,0224,0225,0226,0227,0228,0229,0230,0231,0232,0234,0235,0236,0237,0238,0239"
625301,Penfolds Koonunga Hill Shiraz Cabernet,Penfolds,119.0,750 ml,Lättare glasflaska,Fruktigt & Smakrikt,Australien,"Cabernet sauvignon, Shiraz",Fast sortiment,74,"0102,0104,0106,0107,0110,0113,0114,0132,0133,0134,0135,0136,0137,0140,0143,0144,0145,0147,0148,0150,0151,0163,0165,0167,0168,0170,0171,0172,0173,0174,0175,0176,0177,0178,0179,0180,0182,0201,0202,0204,0205,0206,0207,0208,0209,0210,0211,0212,0213,0214,0215,0216,0217,0218,0219,0220,0221,0222,0223,0224,0225,0226,0227,0228,0229,0230,0231,0232,0234,0235,0236,0237,0238,0239"
7203801,Ruppertsberger Imperial Riesling,Ruppertsberger Weinkeller Hoheburg eG,115.0,750 ml,Glasflaska,Friskt & Fruktigt,Tyskland,Riesling,Fast sortiment,74,"0102,0104,0106,0107,0110,0113,0114,0132,0133,0134,0135,0136,0137,0140,0143,0144,0145,0147,0148,0150,0151,0163,0165,0167,0168,0170,0171,0172,0173,0174,0175,0176,0177,0178,0179,0180,0182,0201,0202,0204,0205,0206,0207,0208,0209,0210,0211,0212,0213,0214,0215,0216,0217,0218,0219,0220,0221,0222,0223,0224,0225,0226,0227,0228,0229,0230,0231,0232,0234,0235,0236,0237,0238,0239"
269301,Touraine Sauvignon Blanc,Les Vignerons des Coteaux Romanais,119.0,750 ml,Lättare glasflaska,Friskt & Fruktigt,Frankrike,Sauvignon blanc,Fast sortiment,74,"0102,0104,0106,0107,0110,0113,0114,0132,0133,0134,0135,0136,0137,0140,0143,0144,0145,0147,0148,0150,0151,0163,0165,0167,0168,0170,0171,0172,0173,0174,0175,0176,0177,0178,0179,0180,0182,0201,0202,0204,0205,0206,0207,0208,0209,0210,0211,0212,0213,0214,0215,0216,0217,0218,0219,0220,0221,0222,0223,0224,0225,0226,0227,0228,0229,0230,0231,0232,0234,0235,0236,0237,0238,0239"
2018801,Calissano Monferrato,CA' BIANCA SPA,99.0,750 ml,Lättare glasflaska,Fruktigt & Smakrikt,Italien,"Barbera, Albarossa",Fast sortiment,59,"0102,0104,0106,0107,0110,0113,0114,0132,0133,0134,0135,0136,0137,0140,0143,0144,0145,0147,0148,0151,0163,0165,0168,0171,0173,0174,0175,0176,0177,0178,0180,0202,0204,0205,0206,0207,0208,0209,0210,0215,0216,0217,0218,0219,0220,0223,0224,0225,0226,0227,0228,0229,0231,0234,0235,0236,0237,0238,0239"
272801,BROT Cava Inicial Semi-Seco,B.R.O.T.,99.0,750 ml,Glasflaska,Halvtorrt vitt,Spanien,"Macabeo, Parellada, Xarel-lo",Fast sortiment,59,"0102,0104,0106,0107,0110,0113,0114,0132,0133,0134,0135,0136,0137,0140,0143,0144,0145,0147,0148,0151,0163,0165,0168,0171,0173,0174,0175,0176,0177,0178,0180,0202,0204,0205,0206,0207,0208,0209,0210,0215,0216,0217,0218,0219,0220,0223,0224,0225,0226,0227,0228,0229,0231,0234,0235,0236,0237,0238,0239"
7669601,Sofia y Sebastian Bubbles is best enjoyed with friends,ViniMundi,79.0,750 ml,Glasflaska,Torrt vitt,Spanien,,Fast sortiment,74,"0102,0104,0106,0107,0110,0113,0114,0132,0133,0134,0135,0136,0137,0140,0143,0144,0145,0147,0148,0150,0151,0163,0165,0167,0168,0170,0171,0172,0173,0174,0175,0176,0177,0178,0179,0180,0182,0201,0202,0204,0205,0206,0207,0208,0209,0210,0211,0212,0213,0214,0215,0216,0217,0218,0219,0220,0221,0222,0223,0224,0225,0226,0227,0228,0229,0230,0231,0232,0234,0235,0236,0237,0238,0239"
7775901,Nicolas Brobergière Cuvée Rosé,Urban Wines,299.0,750 ml,Glasflaska,Rosé,Frankrike,,Fast sortiment,74,"0102,0104,0106,0107,0110,0113,0114,0132,0133,0134,0135,0136,0137,0140,0143,0144,0145,0147,0148,0150,0151,0163,0165,0167,0168,0170,0171,0172,0173,0174,0175,0176,0177,0178,0179,0180,0182,0201,0202,0204,0205,0206,0207,0208,0209,0210,0211,0212,0213,0214,0215,0216,0217,0218,0219,0220,0221,0222,0223,0224,0225,0226,0227,0228,0229,0230,0231,0232,0234,0235,0236,0237,0238,0239"
601801,Côtes-du-Rhône Reserve,Pellerin,89.0,750 ml,Lättare glasflaska,Kryddigt & Mustigt,Frankrike,"Syrah, Grenache noir, Mourvèdre",Fast sortiment,74,"0102,0104,0106,0107,0110,0113,0114,0132,0133,0134,0135,0136,0137,0138,0140,0143,0144,0145,0147,0148,0150,0151,0163,0165,0167,0168,0170,0171,0172,0173,0174,0175,0176,0177,0178,0179,0180,0182,0201,0202,0204,0205,0206,0207,0208,0209,0210,0211,0212,0213,0214,0215,0216,0217,0218,0219,0221,0222,0223,0224,0225,0226,0227,0228,0229,0230,0231,0232,0234,0235,0236,0237,0238,0239"
2225701,Gustave Lorentz Riesling Réserve,Gustave Lorentz,125.0,750 ml,Glasflaska,Druvigt & Blommigt,Frankrike,Riesling,Fast sortiment,58,"0102,0104,0106,0107,0110,0113,0114,0132,0133,0134,0135,0136,0137,0140,0143,0144,0145,0147,0148,0151,0163,0165,0168,0171,0173,0174,0175,0176,0177,0178,0180,0202,0204,0205,0206,0207,0208,0209,0210,0215,0216,0217,0218,0219,0220,0223,0225,0226,0227,0228,0229,0231,0234,0235,0236,0237,0238,0239"
7934201,Casteloro Prosecco Extra Dry,Fields Wine Company AB,97.0,750 ml,Glasflaska,Torrt vitt,Italien,Glera,Fast sortiment,74,"0102,0104,0106,0107,0110,0113,0114,0132,0133,0134,0135,0136,0137,0140,0143,0144,0145,0147,0148,0150,0151,0163,0165,0167,0168,0170,0171,0172,0173,0174,0175,0176,0177,0178,0179,0180,0182,0201,0202,0204,0205,0206,0207,0208,0209,0210,0211,0212,0213,0214,0215,0216,0217,0218,0219,0220,0221,0222,0223,0224,0225,0226,0227,0228,0229,0230,0231,0232,0234,0235,0236,0237,0238,0239"
7102001,ChateauBriand Bordeaux,Carovin AB,119.0,750 ml,Glasflaska,Stramt & Nyanserat,Frankrike,"Merlot, Cabernet sauvignon",Fast sortiment,67,"0102,0104,0106,0107,0110,0113,0114,0132,0133,0134,0135,0136,0140,0143,0144,0145,0147,0148,0151,0163,0165,0167,0168,0170,0171,0172,0173,0174,0175,0176,0177,0178,0179,0180,0201,0202,0204,0205,0206,0207,0208,0209,0210,0211,0212,0213,0215,0216,0217,0218,0219,0220,0223,0225,0226,0227,0228,0229,0230,0231,0232,0234,0235,0236,0237,0238,0239"
7280901,Perfect day Bubbles Spumante Cuvée Extra Dry,Contemporary Wines AB,99.0,750 ml,Glasflaska,Torrt vitt,Italien,,Fast sortiment,74,"0102,0104,0106,0107,0110,0113,0114,0132,0133,0134,0135,0136,0137,0140,0143,0144,0145,0147,0148,0150,0151,0163,0165,0167,0168,0170,0171,0172,0173,0174,0175,0176,0177,0178,0179,0180,0182,0201,0202,0204,0205,0206,0207,0208,0209,0210,0211,0212,0213,0214,0215,0216,0217,0218,0219,0220,0221,0222,0223,0224,0225,0226,0227,0228,0229,0230,0231,0232,0234,0235,0236,0237,0238,0239"
7354601,Massimo Rosso Organic,Iconic Wines,99.0,1000 ml,Lättare glasflaska,Kryddigt & Mustigt,Italien,,Fast sortiment,64,"0102,0106,0110,0113,0114,0132,0133,0135,0136,0137,0140,0143,0144,0145,0147,0148,0150,0151,0163,0165,0167,0168,0170,0171,0172,0175,0176,0177,0178,0179,0180,0182,0201,0204,0205,0206,0207,0208,0209,0210,0211,0212,0213,0214,0217,0218,0219,0221,0222,0223,0224,0225,0226,0227,0228,0229,0230,0231,0232,0234,0235,0236,0238,0239"
2231001,Lambrusco Reggiano Dolce,Donelli,89.0,750 ml,Glasflaska,Sött,Italien,,Fast sortiment,63,"0102,0106,0110,0113,0114,0132,0133,0136,0137,0140,0143,0144,0145,0147,0148,0150,0151,0163,0165,0167,0168,0170,0171,0172,0175,0176,0177,0178,0179,0180,0182,0201,0204,0205,0206,0207,0208,0209,0210,0211,0212,0213,0214,0217,0218,0219,0220,0221,0222,0223,0224,0225,0226,0227,0228,0230,0231,0232,0234,0235,0236,0238,0239"
207502,Casillero del Diablo Chardonnay,Concha y Toro,54.0,375 ml,Glasflaska,Fylligt & Smakrikt,Chile,Chardonnay,Fast sortiment,65,"0102,0104,0106,0110,0113,0114,0133,0136,0137,0140,0143,0144,0145,0147,0148,0150,0151,0163,0165,0167,0168,0170,0171,0172,0174,0175,0176,0177,0178,0179,0180,0182,0201,0204,0205,0206,0208,0209,0210,0211,0212,0213,0214,0215,0217,0218,0219,0220,0221,0222,0223,0224,0225,0226,0227,0228,0230,0231,0232,0234,0235,0236,0237,0238,0239"
1267002,El Coto Crianza,El Coto de Rioja,59.0,375 ml,Glasflaska,Kryddigt & Mustigt,Spanien,Tempranillo,Fast sortiment,69,"0102,0104,0106,0107,0110,0113,0114,0133,0134,0136,0137,0138,0140,0144,0145,0147,0148,0150,0151,0163,0165,0167,0168,0170,0171,0172,0173,0174,0175,0176,0177,0178,0179,0180,0182,0201,0202,0204,0205,0206,0208,0209,0210,0211,0212,0213,0214,0215,0216,0217,0218,0219,0221,0222,0223,0224,0225,0226,0227,0228,0230,0231,0232,0234,0235,0236,0237,0238,0239"
257101,Mateus Rosé,Sogrape,89.0,750 ml,Glasflaska,Fruktigt & Smakrikt,Portugal,"Baga, Rufete, Tinta barroca, Touriga franca",Fast sortiment,69,"0102,0104,0106,0107,0110,0113,0114,0133,0134,0136,0137,0140,0144,0145,0147,0148,0150,0151,0163,0165,0167,0168,0170,0171,0172,0173,0174,0175,0176,0177,0178,0179,0180,0182,0201,0202,0204,0205,0206,0208,0209,0210,0211,0212,0213,0214,0215,0216,0217,0218,0219,0220,0221,0222,0223,0224,0225,0226,0227,0228,0230,0231,0232,0234,0235,0236,0237,0238,0239"
214801,Maison Blanche Rosé,Terra Vecchia,109.0,750 ml,Lättare glasflaska,Friskt & Bärigt,Frankrike,,Fast sortiment,70,"0102,0104,0106,0107,0110,0113,0114,0133,0134,0136,0137,0140,0144,0145,0147,0148,0150,0151,0163,0165,0167,0168,0170,0171,0172,0173,0174,0175,0176,0177,0178,0179,0180,0182,0201,0202,0204,0205,0206,0208,0209,0210,0211,0212,0213,0214,0215,0216,0217,0218,0219,0220,0221,0222,0223,0224,0225,0226,0227,0228,0229,0230,0231,0232,0234,0235,0236,0237,0238,0239"
642001,Apothic Red Winemaker's Blend,Apothic Wines,129.0,750 ml,Glasflaska,Fruktigt & Smakrikt,USA,"Cabernet sauvignon, Merlot, Syrah, Zinfandel",Fast sortiment,74,"0102,0104,0106,0107,0110,0113,0114,0132,0133,0134,0135,0136,0137,0138,0140,0143,0144,0145,0147,0148,0150,0151,0163,0165,0167,0168,0170,0171,0172,0173,0174,0175,0176,0177,0178,0179,0180,0182,0201,0202,0204,0205,0206,0207,0208,0209,0210,0211,0212,0213,0214,0215,0216,0217,0218,0219,0221,0222,0223,0224,0225,0226,0227,0228,0229,0230,0231,0232,0234,0235,0236,0237,0238,0239"
471101,Lavista Malbec Reserve,Bodegas DiamAndes,79.0,750 ml,Lättare glasflaska,Fruktigt & Smakrikt,Argentina,Malbec,Fast sortiment,74,"0102,0104,0106,0107,0110,0113,0114,0132,0133,0134,0135,0136,0137,0140,0143,0144,0145,0147,0148,0150,0151,0163,0165,0167,0168,0170,0171,0172,0173,0174,0175,0176,0177,0178,0179,0180,0182,0201,0202,0204,0205,0206,0207,0208,0209,0210,0211,0212,0213,0214,0215,0216,0217,0218,0219,0220,0221,0222,0223,0224,0225,0226,0227,0228,0229,0230,0231,0232,0234,0235,0236,0237,0238,0239"
797001,De Bortoli Family Selection Brut Cuvée,De Bortoli Wines Pty Ltd,89.0,750 ml,Lättare glasflaska,Torrt vitt,Australien,"Chardonnay, Pinot noir",Fast sortiment,73,"0102,0104,0106,0107,0110,0113,0114,0132,0133,0134,0135,0136,0137,0140,0143,0144,0145,0147,0150,0151,0163,0165,0167,0168,0170,0171,0172,0173,0174,0175,0176,0177,0178,0179,0180,0182,0201,0202,0204,0205,0206,0207,0208,0209,0210,0211,0212,0213,0214,0215,0216,0217,0218,0219,0220,0221,0222,0223,0224,0225,0226,0227,0228,0229,0230,0231,0232,0234,0235,0236,0237,0238,0239"
252301,Black Knight Cabernet Sauvignon,Limestone Coast Wines,119.0,750 ml,Lättare glasflaska,Fruktigt & Smakrikt,Australien,Cabernet sauvignon,Fast sortiment,73,"0102,0104,0106,0107,0110,0113,0114,0132,0133,0134,0135,0136,0137,0140,0143,0144,0145,0147,0150,0151,0163,0165,0167,0168,0170,0171,0172,0173,0174,0175,0176,0177,0178,0179,0180,0182,0201,0202,0204,0205,0206,0207,0208,0209,0210,0211,0212,0213,0214,0215,0216,0217,0218,0219,0220,0221,0222,0223,0224,0225,0226,0227,0228,0229,0230,0231,0232,0234,0235,0236,0237,0238,0239"
256501,Cigarra Reserva Shiraz Tinta Barroca,Casa Santos Lima,79.0,750 ml,Lättare glasflaska,Kryddigt & Mustigt,Portugal,"Shiraz, Tinta barroca",Fast sortiment,70,"0102,0104,0106,0107,0113,0114,0132,0133,0134,0135,0136,0137,0138,0140,0143,0144,0145,0147,0148,0150,0151,0163,0165,0167,0168,0170,0171,0172,0173,0174,0175,0176,0177,0178,0179,0180,0182,0201,0202,0204,0206,0207,0208,0209,0211,0212,0213,0214,0215,0216,0217,0218,0219,0221,0222,0223,0224,0225,0226,0227,0228,0229,0230,0231,0232,0234,0235,0236,0237,0238"
787301,Castiôn Moscato d'Asti,San Martino di Soave Ernesto,119.0,750 ml,Glasflaska,Sött,Italien,,Fast sortiment,70,"0102,0104,0106,0107,0113,0114,0132,0133,0134,0135,0136,0137,0140,0143,0144,0145,0147,0148,0150,0151,0163,0165,0167,0168,0170,0171,0172,0173,0174,0175,0176,0177,0178,0179,0180,0182,0201,0202,0204,0206,0207,0208,0209,0211,0212,0213,0214,0215,0216,0217,0218,0219,0221,0222,0223,0224,0225,0226,0227,0228,0229,0230,0231,0232,0234,0235,0236,0237,0238,0239"
7990701,Maison Francoise Chardonnay,Nordic Sea Winery,109.0,1000 ml,Lättare glasflaska,Fylligt & Smakrikt,Frankrike,Chardonnay,Fast sortiment,72,"0102,0104,0106,0107,0110,0113,0114,0132,0133,0134,0135,0136,0137,0140,0143,0144,0145,0147,0148,0150,0151,0163,0165,0167,0168,0170,0171,0172,0173,0174,0175,0176,0177,0178,0179,0180,0182,0201,0202,0204,0205,0206,0207,0208,0209,0210,0211,0212,0213,0214,0215,0216,0217,0218,0219,0221,0222,0223,0224,0225,0226,0228,0229,0230,0231,0232,0234,0235,0236,0237,0238,0239"
7309401,Zins Zinfandel,Fields Wine Co,99.0,1000 ml,Lättare glasflaska,Fruktigt & Smakrikt,Italien,Zinfandel,Fast sortiment,73,"0102,0104,0106,0107,0110,0113,0114,0132,0133,0134,0135,0136,0137,0140,0143,0144,0145,0147,0148,0150,0151,0163,0165,0167,0168,0170,0171,0172,0173,0174,0175,0176,0177,0178,0179,0180,0182,0201,0202,0204,0205,0206,0207,0208,0209,0210,0211,0212,0213,0214,0215,0216,0217,0218,0219,0221,0222,0223,0224,0225,0226,0227,0228,0229,0230,0231,0232,0234,0235,0236,0237,0238,0239"
7307701,Guldkula Premier Cru,Maison Burtin,389.0,750 ml,Glasflaska,Torrt vitt,Frankrike,"Pinot noir, Chardonnay",Fast sortiment,72,"0102,0104,0106,0107,0110,0113,0114,0132,0133,0134,0135,0136,0137,0140,0143,0144,0145,0147,0148,0150,0151,0163,0165,0167,0168,0170,0171,0172,0173,0174,0175,0176,0177,0178,0179,0180,0182,0201,0202,0204,0205,0206,0207,0208,0209,0210,0211,0212,0213,0214,0215,0216,0217,0218,0219,0221,0222,0223,0224,0225,0226,0227,0228,0229,0230,0231,0232,0234,0235,0236,0237,0238"
257102,Mateus Rosé,Sogrape,55.0,375 ml,Glasflaska,Fruktigt & Smakrikt,Portugal,"Baga, Rufete, Tinta barroca, Touriga franca",Fast sortiment,72,"0102,0104,0106,0107,0113,0114,0132,0133,0134,0135,0136,0137,0140,0143,0144,0145,0147,0148,0150,0151,0163,0165,0167,0168,0170,0171,0172,0173,0174,0175,0176,0177,0178,0179,0180,0182,0201,0202,0204,0205,0206,0207,0208,0209,0210,0211,0212,0213,0214,0215,0216,0217,0218,0219,0220,0221,0222,0223,0224,0225,0226,0227,0228,0229,0230,0231,0232,0234,0235,0236,0237,0238"
260934,GOSA Organic Rosé,Bodegas Juan Gil,49.0,250 ml,Burk,Friskt & Bärigt,Spanien,"Syrah, Tempranillo",Fast sortiment,73,"0102,0104,0106,0107,0110,0113,0114,0132,0133,0134,0135,0136,0137,0140,0143,0144,0145,0147,0148,0150,0151,0163,0165,0167,0168,0170,0171,0172,0173,0174,0175,0176,0177,0178,0179,0180,0182,0201,0202,0204,0205,0206,0207,0208,0209,0210,0211,0212,0213,0214,0215,0216,0217,0218,0219,0221,0222,0223,0224,0225,0226,0227,0228,0229,0230,0231,0232,0234,0235,0236,0237,0238,0239"
5864301,Il Capolavoro Appassimento Rosso,Globus Wine,82.0,750 ml,Glasflaska,Kryddigt & Mustigt,Italien,,Fast sortiment,72,"0102,0104,0106,0107,0113,0114,0132,0133,0134,0135,0136,0137,0140,0143,0144,0145,0147,0148,0150,0151,0163,0165,0167,0168,0170,0171,0172,0173,0174,0175,0176,0177,0178,0179,0180,0182,0201,0202,0204,0205,0206,0207,0208,0209,0210,0211,0212,0213,0214,0215,0216,0217,0218,0219,0221,0222,0223,0224,0225,0226,0227,0228,0229,0230,0231,0232,0234,0235,0236,0237,0238,0239"
626601,Ecologica Berlina Organic,Ruppertsberger Weinkeller Hoheburg eG,79.0,750 ml,Lättare glasflaska,Druvigt & Blommigt,Tyskland,"Riesling, Rivaner",Fast sortiment,67,"0102,0104,0106,0107,0113,0114,0132,0133,0134,0135,0136,0140,0144,0145,0147,0148,0150,0151,0165,0167,0168,0170,0171,0172,0173,0174,0175,0176,0177,0178,0179,0180,0182,0201,0202,0204,0205,0206,0208,0209,0210,0211,0212,0213,0214,0215,0216,0217,0218,0219,0221,0222,0223,0225,0226,0227,0228,0229,0230,0231,0232,0234,0235,0236,0237,0238,0239"
3236402,Mauro Primitivo Alberello,Nordic Sea Winery,64.0,375 ml,Lättare glasflaska,Fruktigt & Smakrikt,Italien,Primitivo,Fast sortiment,72,"0102,0104,0106,0107,0113,0114,0132,0133,0134,0135,0136,0137,0140,0143,0144,0145,0147,0148,0150,0151,0163,0165,0167,0168,0170,0171,0172,0173,0174,0175,0176,0177,0178,0179,0180,0182,0201,0202,0204,0205,0206,0207,0208,0209,0210,0211,0212,0213,0214,0215,0216,0217,0218,0219,0221,0222,0223,0224,0225,0226,0227,0228,0229,0230,0231,0232,0234,0235,0236,0237,0238,0239"
746901,Königsmosel Riesling,Ewald Theod Drathen,79.0,750 ml,Glasflaska,Druvigt & Blommigt,Tyskland,Riesling,Fast sortiment,72,"0102,0104,0106,0107,0113,0114,0132,0133,0134,0135,0136,0137,0140,0143,0144,0145,0147,0148,0150,0151,0163,0165,0167,0168,0170,0171,0172,0173,0174,0175,0176,0177,0178,0179,0180,0182,0201,0202,0204,0205,0206,0207,0208,0209,0210,0211,0212,0213,0214,0215,0216,0217,0218,0219,0221,0222,0223,0224,0225,0226,0227,0228,0229,0230,0231,0232,0234,0235,0236,0237,0238,0239"
243501,The Wanted Zin Zinfandel Old Vines,Orion Wines,99.0,750 ml,Lättare glasflaska,Fruktigt & Smakrikt,Italien,,Fast sortiment,72,"0102,0104,0106,0107,0113,0114,0132,0133,0134,0135,0136,0137,0140,0143,0144,0145,0147,0148,0150,0151,0163,0165,0167,0168,0170,0171,0172,0173,0174,0175,0176,0177,0178,0179,0180,0182,0201,0202,0204,0205,0206,0207,0208,0209,0210,0211,0212,0213,0214,0215,0216,0217,0218,0219,0221,0222,0223,0224,0225,0226,0227,0228,0229,0230,0231,0232,0234,0235,0236,0237,0238,0239"
7235001,Black Tower Organic White Bubbly,Reh Kendermann,79.0,750 ml,Lättare glasflaska,Lätt & Avrundat,EU,"Airén, Macabeo, Sauvignon blanc, Verdejo",Fast sortiment,62,"0102,0104,0106,0107,0113,0114,0134,0135,0136,0137,0140,0145,0147,0148,0150,0151,0165,0167,0168,0170,0171,0172,0173,0174,0175,0176,0177,0178,0179,0180,0182,0201,0202,0205,0206,0208,0209,0210,0211,0212,0213,0214,0215,0216,0217,0218,0219,0222,0223,0225,0226,0227,0228,0229,0230,0232,0234,0235,0236,0237,0238,0239"
7357001,Casa Marzoni Appassimento,Casa Marzoni,115.0,750 ml,Glasflaska,Kryddigt & Mustigt,Italien,"Negroamaro, Primitivo, Malvasía",Fast sortiment,75,"0102,0104,0106,0107,0110,0113,0114,0132,0133,0134,0135,0136,0137,0138,0140,0143,0144,0145,0147,0148,0150,0151,0163,0165,0167,0168,0170,0171,0172,0173,0174,0175,0176,0177,0178,0179,0180,0182,0201,0202,0204,0205,0206,0207,0208,0209,0210,0211,0212,0213,0214,0215,0216,0217,0218,0219,0220,0221,0222,0223,0224,0225,0226,0227,0228,0229,0230,0231,0232,0234,0235,0236,0237,0238,0239"
212001,Sankt Anna Riesling,Weingut Sankt Annaberg,99.0,750 ml,Lättare glasflaska,Friskt & Fruktigt,Tyskland,Riesling,Fast sortiment,72,"0102,0104,0106,0107,0113,0114,0132,0133,0134,0135,0136,0137,0140,0143,0144,0145,0147,0148,0150,0151,0163,0165,0167,0168,0170,0171,0172,0173,0174,0175,0176,0177,0178,0179,0180,0182,0201,0202,0204,0205,0206,0207,0208,0209,0210,0211,0212,0213,0214,0215,0216,0217,0218,0219,0221,0222,0223,0224,0225,0226,0227,0228,0229,0230,0231,0232,0234,0235,0236,0237,0238,0239"
7396801,19 Crimes Red Wine,19 Crimes,99.0,750 ml,Lättare glasflaska,Fruktigt & Smakrikt,Australien,,Fast sortiment,69,"0102,0104,0106,0107,0113,0114,0132,0133,0134,0135,0136,0137,0140,0144,0145,0147,0148,0150,0151,0165,0167,0168,0170,0171,0172,0173,0174,0175,0176,0177,0178,0179,0180,0182,0201,0202,0204,0205,0206,0208,0209,0210,0211,0212,0213,0214,0215,0216,0217,0218,0219,0221,0222,0223,0224,0225,0226,0227,0228,0229,0230,0231,0232,0234,0235,0236,0237,0238,0239"
469604,Dolcetto di Pegaso,Calwine,43.0,250 ml,Burk,Fruktigt & Smakrikt,Italien,Dolcetto,Fast sortiment,74,"0102,0104,0106,0107,0110,0113,0114,0132,0133,0134,0135,0136,0137,0138,0140,0143,0144,0145,0147,0148,0150,0151,0163,0165,0167,0168,0170,0171,0172,0173,0174,0175,0176,0177,0178,0179,0180,0182,0201,0202,0204,0205,0206,0207,0208,0209,0210,0211,0212,0213,0214,0215,0216,0217,0218,0219,0221,0222,0223,0224,0225,0226,0227,0228,0229,0230,0231,0232,0234,0235,0236,0237,0238,0239"
1651001,Viña Maipo Cabernet Sauvignon,Viña Maipo SpA,69.0,750 ml,Lättare glasflaska,Fruktigt & Smakrikt,Chile,Cabernet sauvignon,Fast sortiment,69,"0102,0104,0106,0107,0113,0114,0132,0134,0135,0136,0137,0140,0143,0144,0145,0147,0148,0150,0151,0163,0165,0167,0168,0170,0171,0172,0173,0174,0175,0176,0177,0178,0179,0180,0182,0201,0202,0205,0206,0207,0208,0209,0210,0211,0212,0213,0214,0215,0216,0217,0218,0219,0221,0222,0223,0225,0226,0227,0228,0229,0230,0231,0232,0234,0235,0236,0237,0238,0239"
561301,L Chardonnay Organic,Laroche,115.0,750 ml,Lättare glasflaska,Friskt & Fruktigt,Frankrike,Chardonnay,Fast sortiment,75,"0102,0104,0106,0107,0110,0113,0114,0132,0133,0134,0135,0136,0137,0138,0140,0143,0144,0145,0147,0148,0150,0151,0163,0165,0167,0168,0170,0171,0172,0173,0174,0175,0176,0177,0178,0179,0180,0182,0201,0202,0204,0205,0206,0207,0208,0209,0210,0211,0212,0213,0214,0215,0216,0217,0218,0219,0220,0221,0222,0223,0224,0225,0226,0227,0228,0229,0230,0231,0232,0234,0235,0236,0237,0238,0239"
7349801,Casteloro Valpolicella Ripasso Superiore,Fields Wine Company AB,115.0,750 ml,Glasflaska,Kryddigt & Mustigt,Italien,,Fast sortiment,74,"0102,0104,0106,0107,0110,0113,0114,0132,0133,0134,0135,0136,0137,0140,0143,0144,0145,0147,0148,0150,0151,0163,0165,0167,0168,0170,0171,0172,0173,0174,0175,0176,0177,0178,0179,0180,0182,0201,0202,0204,0205,0206,0207,0208,0209,0210,0211,0212,0213,0214,0215,0216,0217,0218,0219,0220,0221,0222,0223,0224,0225,0226,0227,0228,0229,0230,0231,0232,0234,0235,0236,0237,0238,0239"
259601,Casal Garcia Vinho Verde,Aveleda,79.0,750 ml,Lättare glasflaska,Friskt & Fruktigt,Portugal,"Arinto, Loureiro, Trajadura, Azal",Fast sortiment,75,"0102,0104,0106,0107,0110,0113,0114,0132,0133,0134,0135,0136,0137,0138,0140,0143,0144,0145,0147,0148,0150,0151,0163,0165,0167,0168,0170,0171,0172,0173,0174,0175,0176,0177,0178,0179,0180,0182,0201,0202,0204,0205,0206,0207,0208,0209,0210,0211,0212,0213,0214,0215,0216,0217,0218,0219,0220,0221,0222,0223,0224,0225,0226,0227,0228,0229,0230,0231,0232,0234,0235,0236,0237,0238,0239"
632101,La Désirée Chardonnay,Les Frères Couillaud,115.0,750 ml,Lättare glasflaska,Friskt & Fruktigt,Frankrike,Chardonnay,Fast sortiment,75,"0102,0104,0106,0107,0110,0113,0114,0132,0133,0134,0135,0136,0137,0138,0140,0143,0144,0145,0147,0148,0150,0151,0163,0165,0167,0168,0170,0171,0172,0173,0174,0175,0176,0177,0178,0179,0180,0182,0201,0202,0204,0205,0206,0207,0208,0209,0210,0211,0212,0213,0214,0215,0216,0217,0218,0219,0220,0221,0222,0223,0224,0225,0226,0227,0228,0229,0230,0231,0232,0234,0235,0236,0237,0238,0239"
207501,Casillero del Diablo Chardonnay,Concha y Toro,89.0,750 ml,Lättare glasflaska,Fylligt & Smakrikt,Chile,Chardonnay,Fast sortiment,72,"0102,0104,0106,0107,0113,0114,0132,0133,0134,0135,0136,0137,0140,0143,0144,0145,0147,0148,0150,0151,0163,0165,0167,0168,0170,0171,0172,0173,0174,0175,0176,0177,0178,0179,0180,0182,0201,0202,0204,0205,0206,0207,0208,0209,0210,0211,0212,0213,0214,0215,0216,0217,0218,0219,0221,0222,0223,0224,0225,0226,0227,0228,0229,0230,0231,0232,0234,0235,0236,0237,0238,0239"
787001,Prosecco Pizzolato Organic,La Cantina Pizzolato,99.0,750 ml,Lättare glasflaska,Torrt vitt,Italien,Glera,Fast sortiment,75,"0102,0104,0106,0107,0110,0113,0114,0132,0133,0134,0135,0136,0137,0138,0140,0143,0144,0145,0147,0148,0150,0151,0163,0165,0167,0168,0170,0171,0172,0173,0174,0175,0176,0177,0178,0179,0180,0182,0201,0202,0204,0205,0206,0207,0208,0209,0210,0211,0212,0213,0214,0215,0216,0217,0218,0219,0220,0221,0222,0223,0224,0225,0226,0227,0228,0229,0230,0231,0232,0234,0235,0236,0237,0238,0239"
7213901,GW :s Reserva,Scanivinus Lda.,109.0,750 ml,Glasflaska,Fruktigt & Smakrikt,Portugal,"Aragonez, Cabernet sauvignon, Castelão",Fast sortiment,63,"0102,0104,0106,0107,0110,0113,0114,0134,0135,0136,0140,0145,0147,0148,0150,0151,0165,0167,0168,0170,0171,0172,0173,0174,0175,0176,0177,0178,0179,0180,0182,0201,0202,0205,0206,0208,0209,0210,0211,0212,0213,0214,0215,0216,0217,0218,0219,0220,0222,0223,0225,0226,0227,0228,0229,0230,0232,0234,0235,0236,0237,0238,0239"
458701,Leth Duett Riesling Grüner Veltliner Trocken,Weingut Leth,99.0,750 ml,Lättare glasflaska,Friskt & Fruktigt,Österrike,"Riesling, Grüner veltliner",Fast sortiment,74,"0102,0104,0106,0107,0110,0113,0114,0132,0133,0134,0135,0136,0137,0140,0143,0144,0145,0147,0148,0150,0151,0163,0165,0167,0168,0170,0171,0172,0173,0174,0175,0176,0177,0178,0179,0180,0182,0201,0202,0204,0205,0206,0207,0208,0209,0210,0211,0212,0213,0214,0215,0216,0217,0218,0219,0220,0221,0222,0223,0224,0225,0226,0227,0228,0229,0230,0231,0232,0234,0235,0236,0237,0238,0239"
569101,Famille Audu Chardonnay,Gaec du mas de Reboul,99.0,750 ml,Lättare glasflaska,Fylligt & Smakrikt,Frankrike,,Fast sortiment,62,"0102,0104,0106,0107,0113,0114,0134,0135,0136,0140,0145,0147,0148,0150,0151,0163,0165,0167,0168,0170,0171,0172,0173,0174,0175,0176,0177,0178,0179,0180,0182,0201,0202,0205,0206,0208,0209,0210,0211,0212,0213,0214,0215,0216,0217,0218,0219,0222,0223,0225,0226,0227,0228,0229,0230,0232,0234,0235,0236,0237,0238,0239"
7718501,Pizzolato Vino Spumante Blanc de Blancs Organic,La Cantina Pizzolato,89.0,750 ml,Lättare glasflaska,Torrt vitt,Italien,Glera,Fast sortiment,74,"0102,0104,0106,0107,0110,0113,0114,0132,0133,0134,0135,0136,0137,0138,0140,0143,0144,0145,0147,0148,0150,0151,0163,0165,0167,0168,0170,0171,0172,0173,0174,0175,0176,0177,0178,0179,0180,0182,0201,0202,0204,0205,0206,0207,0208,0209,0210,0211,0212,0213,0214,0215,0216,0217,0218,0219,0221,0222,0223,0224,0225,0226,0227,0228,0229,0230,0231,0232,0234,0235,0236,0237,0238,0239"
7252601,La Bestia Governo Rosso Toscano,Domaine Wines,109.0,750 ml,Lättare glasflaska,Fruktigt & Smakrikt,Italien,"Colorino, Sangiovese",Fast sortiment,75,"0102,0104,0106,0107,0110,0113,0114,0132,0133,0134,0135,0136,0137,0138,0140,0143,0144,0145,0147,0148,0150,0151,0163,0165,0167,0168,0170,0171,0172,0173,0174,0175,0176,0177,0178,0179,0180,0182,0201,0202,0204,0205,0206,0207,0208,0209,0210,0211,0212,0213,0214,0215,0216,0217,0218,0219,0220,0221,0222,0223,0224,0225,0226,0227,0228,0229,0230,0231,0232,0234,0235,0236,0237,0238,0239"
258101,Leth Riesling Selection,Weingut Leth,109.0,750 ml,Lättare glasflaska,Friskt & Fruktigt,Österrike,Riesling,Fast sortiment,74,"0102,0104,0106,0107,0110,0113,0114,0132,0133,0134,0135,0136,0137,0140,0143,0144,0145,0147,0148,0150,0151,0163,0165,0167,0168,0170,0171,0172,0173,0174,0175,0176,0177,0178,0179,0180,0182,0201,0202,0204,0205,0206,0207,0208,0209,0210,0211,0212,0213,0214,0215,0216,0217,0218,0219,0220,0221,0222,0223,0224,0225,0226,0227,0228,0229,0230,0231,0232,0234,0235,0236,0237,0238,0239"
7714101,Pierre Olivier Blanc de Blancs Prestige Brut,Pierre Olivier,85.0,750 ml,Lättare glasflaska,Torrt vitt,Frankrike,,Fast sortiment,75,"0102,0104,0106,0107,0110,0113,0114,0132,0133,0134,0135,0136,0137,0138,0140,0143,0144,0145,0147,0148,0150,0151,0163,0165,0167,0168,0170,0171,0172,0173,0174,0175,0176,0177,0178,0179,0180,0182,0201,0202,0204,0205,0206,0207,0208,0209,0210,0211,0212,0213,0214,0215,0216,0217,0218,0219,0220,0221,0222,0223,0224,0225,0226,0227,0228,0229,0230,0231,0232,0234,0235,0236,0237,0238,0239"
3222801,Selvarossa Salice Salentino,Cantine Due Palme,99.0,750 ml,Glasflaska,Kryddigt & Mustigt,Italien,"Negroamaro, Malvasía",Fast sortiment,72,"0102,0104,0106,0107,0113,0114,0132,0133,0134,0135,0136,0137,0140,0143,0144,0145,0147,0148,0150,0151,0163,0165,0167,0168,0170,0171,0172,0173,0174,0175,0176,0177,0178,0179,0180,0182,0201,0202,0204,0205,0206,0207,0208,0209,0210,0211,0212,0213,0214,0215,0216,0217,0218,0219,0221,0222,0223,0224,0225,0226,0227,0228,0229,0230,0231,0232,0234,0235,0236,0237,0238,0239"
212901,Dandelion Vineyards Lionheart of the Barossa Shiraz,Dandelion Vineyards,139.0,750 ml,Glasflaska,Fruktigt & Smakrikt,Australien,Shiraz,Fast sortiment,75,"0102,0104,0106,0107,0110,0113,0114,0132,0133,0134,0135,0136,0137,0138,0140,0143,0144,0145,0147,0148,0150,0151,0163,0165,0167,0168,0170,0171,0172,0173,0174,0175,0176,0177,0178,0179,0180,0182,0201,0202,0204,0205,0206,0207,0208,0209,0210,0211,0212,0213,0214,0215,0216,0217,0218,0219,0220,0221,0222,0223,0224,0225,0226,0227,0228,0229,0230,0231,0232,0234,0235,0236,0237,0238,0239"
242104,Dulban Garnacha,Castelo de Pedregosa,40.0,250 ml,Burk,Mjukt & Bärigt,Spanien,Garnacha,Fast sortiment,58,"0102,0106,0107,0110,0113,0114,0132,0133,0134,0135,0136,0143,0147,0150,0151,0163,0165,0168,0171,0172,0173,0175,0176,0177,0178,0179,0180,0182,0204,0205,0206,0207,0208,0209,0210,0211,0212,0213,0214,0215,0216,0217,0218,0219,0221,0222,0223,0225,0226,0227,0229,0230,0231,0232,0234,0235,0238,0239"
5287301,Pascal Costeau Côtes-du-Rhône Grande Réserve,Fields Wine Company AB,89.0,750 ml,Lättare glasflaska,Kryddigt & Mustigt,Frankrike,"Grenache, Syrah",Fast sortiment,75,"0102,0104,0106,0107,0110,0113,0114,0132,0133,0134,0135,0136,0137,0138,0140,0143,0144,0145,0147,0148,0150,0151,0163,0165,0167,0168,0170,0171,0172,0173,0174,0175,0176,0177,0178,0179,0180,0182,0201,0202,0204,0205,0206,0207,0208,0209,0210,0211,0212,0213,0214,0215,0216,0217,0218,0219,0220,0221,0222,0223,0224,0225,0226,0227,0228,0229,0230,0231,0232,0234,0235,0236,0237,0238,0239"
1241901,Casal di Serra Classico Superiore Umani Ronchi,Umani Ronchi,109.0,750 ml,Lättare glasflaska,Friskt & Fruktigt,Italien,Verdicchio,Fast sortiment,75,"0102,0104,0106,0107,0110,0113,0114,0132,0133,0134,0135,0136,0137,0138,0140,0143,0144,0145,0147,0148,0150,0151,0163,0165,0167,0168,0170,0171,0172,0173,0174,0175,0176,0177,0178,0179,0180,0182,0201,0202,0204,0205,0206,0207,0208,0209,0210,0211,0212,0213,0214,0215,0216,0217,0218,0219,0220,0221,0222,0223,0224,0225,0226,0227,0228,0229,0230,0231,0232,0234,0235,0236,0237,0238,0239"
670701,Contacto Alvarinho,Anselmo Mendes,149.0,750 ml,Lättare glasflaska,Friskt & Fruktigt,Portugal,Alvarinho,Fast sortiment,75,"0102,0104,0106,0107,0110,0113,0114,0132,0133,0134,0135,0136,0137,0138,0140,0143,0144,0145,0147,0148,0150,0151,0163,0165,0167,0168,0170,0171,0172,0173,0174,0175,0176,0177,0178,0179,0180,0182,0201,0202,0204,0205,0206,0207,0208,0209,0210,0211,0212,0213,0214,0215,0216,0217,0218,0219,0220,0221,0222,0223,0224,0225,0226,0227,0228,0229,0230,0231,0232,0234,0235,0236,0237,0238,0239"
620201,Hunter's Sauvignon Blanc,Hunter's Wines,129.0,750 ml,Lättare glasflaska,Friskt & Fruktigt,Nya Zeeland,Sauvignon blanc,Fast sortiment,75,"0102,0104,0106,0107,0110,0113,0114,0132,0133,0134,0135,0136,0137,0138,0140,0143,0144,0145,0147,0148,0150,0151,0163,0165,0167,0168,0170,0171,0172,0173,0174,0175,0176,0177,0178,0179,0180,0182,0201,0202,0204,0205,0206,0207,0208,0209,0210,0211,0212,0213,0214,0215,0216,0217,0218,0219,0220,0221,0222,0223,0224,0225,0226,0227,0228,0229,0230,0231,0232,0234,0235,0236,0237,0238,0239"
7420801,Amarone della Valpolicella Casteloro,Fields Wine Company AB,199.0,750 ml,Glasflaska,Kryddigt & Mustigt,Italien,,Fast sortiment,74,"0102,0104,0106,0107,0110,0113,0114,0132,0133,0134,0135,0136,0137,0140,0143,0144,0145,0147,0148,0150,0151,0163,0165,0167,0168,0170,0171,0172,0173,0174,0175,0176,0177,0178,0179,0180,0182,0201,0202,0204,0205,0206,0207,0208,0209,0210,0211,0212,0213,0214,0215,0216,0217,0218,0219,0220,0221,0222,0223,0224,0225,0226,0227,0228,0229,0230,0231,0232,0234,0235,0236,0237,0238,0239"
8253401,Bouchard Aîné & Fils Chardonnay,Bouchard Aîné et Fils,99.0,750 ml,Lättare glasflaska,Friskt & Fruktigt,Frankrike,Chardonnay,Fast sortiment,74,"0102,0104,0106,0107,0110,0113,0114,0132,0133,0134,0135,0136,0137,0140,0143,0144,0145,0147,0148,0150,0151,0163,0165,0167,0168,0170,0171,0172,0173,0174,0175,0176,0177,0178,0179,0180,0182,0201,0202,0204,0205,0206,0207,0208,0209,0210,0211,0212,0213,0214,0215,0216,0217,0218,0219,0220,0221,0222,0223,0224,0225,0226,0227,0228,0229,0230,0231,0232,0234,0235,0236,0237,0238,0239"
7408701,Lynx Petite Sirah Zinfandel,House of Big Wines,109.0,750 ml,Glasflaska,Fruktigt & Smakrikt,USA,"Petite sirah, Zinfandel",Fast sortiment,74,"0102,0104,0106,0107,0110,0113,0114,0132,0133,0134,0135,0136,0137,0138,0140,0143,0144,0145,0147,0148,0150,0151,0163,0165,0167,0168,0170,0171,0172,0173,0174,0175,0176,0177,0178,0179,0180,0182,0201,0202,0204,0205,0206,0207,0208,0209,0210,0211,0212,0213,0214,0215,0216,0217,0218,0219,0221,0222,0223,0224,0225,0226,0227,0228,0229,0230,0231,0232,0234,0235,0236,0237,0238,0239"
604501,Black Tower Fruity White,Reh Kendermann,75.0,750 ml,Lättare glasflaska,Druvigt & Blommigt,Tyskland,Rivaner,Fast sortiment,61,"0102,0104,0106,0107,0113,0114,0134,0135,0136,0140,0145,0147,0148,0150,0151,0165,0167,0168,0170,0171,0172,0173,0174,0175,0176,0177,0178,0179,0180,0182,0201,0202,0205,0206,0208,0209,0210,0211,0212,0213,0214,0215,0216,0217,0218,0219,0222,0223,0225,0226,0227,0228,0229,0230,0232,0234,0235,0236,0237,0238,0239"
7928001,Bread & Butter Chardonnay,Bread & Butter Wines,169.0,750 ml,Glasflaska,Fylligt & Smakrikt,USA,Chardonnay,Fast sortiment,68,"0102,0104,0110,0113,0114,0132,0133,0134,0135,0137,0138,0140,0143,0144,0145,0147,0148,0150,0151,0163,0165,0167,0168,0171,0172,0173,0174,0175,0176,0177,0178,0179,0180,0182,0201,0202,0204,0205,0206,0207,0208,0210,0211,0212,0213,0214,0215,0218,0219,0220,0221,0222,0223,0224,0225,0226,0227,0228,0229,0230,0231,0232,0234,0235,0236,0237,0238,0239"
253201,Parajes del Valle Monastrell,Parajes del Valle Bodegas y Viñedos S.L,99.0,750 ml,Lättare glasflaska,Mjukt & Bärigt,Spanien,Monastrell,Fast sortiment,74,"0102,0104,0106,0107,0110,0113,0114,0132,0133,0134,0135,0136,0137,0138,0140,0143,0144,0145,0147,0148,0150,0151,0163,0165,0167,0168,0170,0171,0172,0173,0174,0175,0176,0177,0178,0179,0180,0182,0201,0202,0204,0205,0206,0207,0208,0209,0210,0211,0212,0213,0214,0215,0216,0217,0219,0220,0221,0222,0223,0224,0225,0226,0227,0228,0229,0230,0231,0232,0234,0235,0236,0237,0238,0239"
7203401,Alain Jaume Côtes du Rhône Grand Veneur Organic Reserve,Alain Jaume,139.0,750 ml,Lättare glasflaska,Kryddigt & Mustigt,Frankrike,"Grenache, Syrah",Fast sortiment,70,"0102,0104,0106,0107,0110,0113,0114,0132,0133,0134,0135,0136,0137,0138,0140,0143,0144,0145,0147,0148,0150,0151,0163,0165,0167,0170,0171,0172,0173,0174,0175,0176,0178,0179,0180,0182,0201,0202,0204,0205,0206,0207,0208,0209,0210,0211,0212,0213,0215,0216,0217,0218,0220,0221,0223,0224,0225,0226,0227,0228,0229,0230,0231,0232,0234,0235,0236,0237,0238,0239"
199601,Cecchi Toscana Sangiovese,Cecchi,98.0,750 ml,Lättare glasflaska,Mjukt & Bärigt,Italien,Sangiovese,Fast sortiment,71,"0102,0104,0106,0107,0110,0113,0114,0132,0133,0134,0136,0137,0140,0143,0144,0145,0147,0148,0150,0151,0163,0165,0167,0168,0170,0171,0172,0173,0174,0175,0176,0177,0178,0179,0180,0201,0202,0204,0205,0206,0207,0209,0210,0211,0212,0213,0214,0215,0216,0217,0218,0219,0220,0221,0222,0223,0224,0225,0226,0227,0228,0229,0230,0231,0232,0234,0235,0236,0237,0238,0239"
465301,Lynx Barrel fermented Chardonnay,House of Big Wines,119.0,750 ml,Glasflaska,Fylligt & Smakrikt,USA,Chardonnay,Fast sortiment,73,"0102,0104,0106,0107,0113,0114,0132,0133,0134,0135,0136,0137,0138,0140,0143,0144,0145,0147,0148,0150,0151,0163,0165,0167,0168,0170,0171,0172,0173,0174,0175,0176,0177,0178,0179,0180,0182,0201,0202,0204,0205,0206,0207,0208,0209,0210,0211,0212,0213,0214,0215,0216,0217,0218,0219,0221,0222,0223,0224,0225,0226,0227,0228,0229,0230,0231,0232,0234,0235,0236,0237,0238,0239"
772501,Clotilde Davenne Brut Extra Crémant de Bourgogne,Clotilde Davenne,179.0,750 ml,Glasflaska,Torrt vitt,Frankrike,"Pinot noir, Chardonnay",Fast sortiment,75,"0102,0104,0106,0107,0110,0113,0114,0132,0133,0134,0135,0136,0137,0138,0140,0143,0144,0145,0147,0148,0150,0151,0163,0165,0167,0168,0170,0171,0172,0173,0174,0175,0176,0177,0178,0179,0180,0182,0201,0202,0204,0205,0206,0207,0208,0209,0210,0211,0212,0213,0214,0215,0216,0217,0218,0219,0220,0221,0222,0223,0224,0225,0226,0227,0228,0229,0230,0231,0232,0234,0235,0236,0237,0238,0239"
207504,Casillero del Diablo Chardonnay,Concha y Toro,39.0,250 ml,Lättare glasflaska,Fylligt & Smakrikt,Chile,Chardonnay,Fast sortiment,73,"0102,0104,0106,0107,0113,0114,0132,0133,0134,0135,0136,0137,0140,0143,0144,0145,0147,0148,0150,0151,0163,0165,0167,0168,0170,0171,0172,0173,0174,0175,0176,0177,0178,0179,0180,0182,0201,0202,0204,0205,0206,0207,0208,0209,0210,0211,0212,0213,0214,0215,0216,0217,0218,0219,0220,0221,0222,0223,0224,0225,0226,0227,0228,0229,0230,0231,0232,0234,0235,0236,0237,0238,0239"
260301,Segredos de São Miguel Organic,Casa Relvas,99.0,750 ml,Lättare glasflaska,Fruktigt & Smakrikt,Portugal,"Aragonez, Alicante bouschet, Syrah",Fast sortiment,74,"0102,0104,0106,0107,0110,0113,0114,0132,0133,0134,0135,0136,0137,0140,0143,0144,0145,0147,0148,0150,0151,0163,0165,0167,0168,0170,0171,0172,0173,0174,0175,0176,0177,0178,0179,0180,0182,0201,0202,0204,0205,0206,0207,0208,0209,0210,0211,0212,0213,0214,0215,0216,0217,0218,0219,0220,0221,0222,0223,0224,0225,0226,0227,0228,0229,0230,0231,0232,0234,0235,0236,0237,0238,0239"
2003635,Eòlic Brut Nature,Molí Parellada,39.0,200 ml,Burk,Torrt vitt,Spanien,"Macabeo, Xarel-lo",Fast sortiment,75,"0102,0104,0106,0107,0110,0113,0114,0132,0133,0134,0135,0136,0137,0138,0140,0143,0144,0145,0147,0148,0150,0151,0163,0165,0167,0168,0170,0171,0172,0173,0174,0175,0176,0177,0178,0179,0180,0182,0201,0202,0204,0205,0206,0207,0208,0209,0210,0211,0212,0213,0214,0215,0216,0217,0218,0219,0220,0221,0222,0223,0224,0225,0226,0227,0228,0229,0230,0231,0232,0234,0235,0236,0237,0238,0239"
280101,Ruppertsberger Imperial Cuvée Organic,Ruppertsberger Weinkeller Hoheburg eG,89.0,750 ml,Lättare glasflaska,Friskt & Fruktigt,Tyskland,"Pinot blanc, Riesling, Chardonnay, Scheurebe, Pinot gris",Fast sortiment,73,"0102,0104,0106,0107,0113,0114,0132,0133,0134,0135,0136,0137,0140,0143,0144,0145,0147,0148,0150,0151,0163,0165,0167,0168,0170,0171,0172,0173,0174,0175,0176,0177,0178,0179,0180,0182,0201,0202,0204,0205,0206,0207,0208,0209,0210,0211,0212,0213,0214,0215,0216,0217,0218,0219,0220,0221,0222,0223,0224,0225,0226,0227,0228,0229,0230,0231,0232,0234,0235,0236,0237,0238,0239"
1224401,Marie d’ Alsace Biecher Organic Réserve,Jean Biecher,99.0,750 ml,Lättare glasflaska,Druvigt & Blommigt,Frankrike,"Pinot blanc, Gewürztraminer",Fast sortiment,72,"0102,0104,0106,0107,0113,0114,0132,0133,0134,0135,0136,0137,0140,0143,0144,0145,0147,0148,0150,0151,0163,0165,0167,0168,0170,0171,0172,0173,0174,0175,0176,0177,0178,0179,0180,0182,0201,0202,0204,0205,0206,0207,0208,0209,0210,0211,0212,0213,0214,0215,0216,0217,0218,0219,0221,0222,0223,0224,0225,0226,0227,0228,0229,0230,0231,0232,0234,0235,0236,0237,0238,0239"
7710401,Alvaroni Cava Brut Organic,Fields Wine Co,97.0,750 ml,Glasflaska,Torrt vitt,Spanien,,Fast sortiment,75,"0102,0104,0106,0107,0110,0113,0114,0132,0133,0134,0135,0136,0137,0138,0140,0143,0144,0145,0147,0148,0150,0151,0163,0165,0167,0168,0170,0171,0172,0173,0174,0175,0176,0177,0178,0179,0180,0182,0201,0202,0204,0205,0206,0207,0208,0209,0210,0211,0212,0213,0214,0215,0216,0217,0218,0219,0220,0221,0222,0223,0224,0225,0226,0227,0228,0229,0230,0231,0232,0234,0235,0236,0237,0238,0239"
7024801,Leif Mannerström Sauvignon Blanc,Urban Wines,99.0,750 ml,Lättare glasflaska,Friskt & Fruktigt,Frankrike,Sauvignon blanc,Fast sortiment,72,"0102,0104,0106,0107,0113,0114,0132,0133,0134,0135,0136,0137,0140,0143,0144,0145,0147,0148,0150,0151,0163,0165,0167,0168,0170,0171,0172,0173,0174,0175,0176,0177,0178,0179,0180,0182,0201,0202,0204,0205,0206,0207,0208,0209,0210,0211,0212,0213,0214,0215,0216,0217,0218,0219,0221,0222,0223,0224,0225,0226,0227,0228,0229,0230,0231,0232,0234,0235,0236,0237,0238,0239"
7352201,Weinmann Grüner Veltliner Klassik,ViniMundi,109.0,1000 ml,Lättare glasflaska,Friskt & Fruktigt,Österrike,Grüner veltliner,Fast sortiment,75,"0102,0104,0106,0107,0110,0113,0114,0132,0133,0134,0135,0136,0137,0138,0140,0143,0144,0145,0147,0148,0150,0151,0163,0165,0167,0168,0170,0171,0172,0173,0174,0175,0176,0177,0178,0179,0180,0182,0201,0202,0204,0205,0206,0207,0208,0209,0210,0211,0212,0213,0214,0215,0216,0217,0218,0219,0220,0221,0222,0223,0224,0225,0226,0227,0228,0229,0230,0231,0232,0234,0235,0236,0237,0238,0239"
2019501,Casa Santos Lima Dão reserva,Casa Santos Lima - Companhia das Vinhas S.A.,99.0,750 ml,Lättare glasflaska,Fruktigt & Smakrikt,Portugal,"Touriga naçional, Jaen, Tinta roriz",Fast sortiment,72,"0102,0104,0106,0107,0110,0113,0114,0132,0134,0135,0136,0137,0140,0143,0144,0145,0147,0148,0150,0151,0163,0165,0167,0168,0170,0171,0172,0173,0174,0175,0176,0177,0178,0179,0180,0182,0201,0202,0204,0205,0206,0207,0208,0209,0210,0211,0212,0213,0214,0215,0216,0217,0218,0219,0221,0222,0223,0224,0225,0226,0227,0228,0229,0230,0231,0232,0234,0235,0236,0237,0238,0239"
265901,Coto de Imaz Reserva,El Coto de Rioja,119.0,750 ml,Lättare glasflaska,Kryddigt & Mustigt,Spanien,Tempranillo,Fast sortiment,75,"0102,0104,0106,0107,0110,0113,0114,0132,0133,0134,0135,0136,0137,0138,0140,0143,0144,0145,0147,0148,0150,0151,0163,0165,0167,0168,0170,0171,0172,0173,0174,0175,0176,0177,0178,0179,0180,0182,0201,0202,0204,0205,0206,0207,0208,0209,0210,0211,0212,0213,0214,0215,0216,0217,0218,0219,0220,0221,0222,0223,0224,0225,0226,0227,0228,0229,0230,0231,0232,0234,0235,0236,0237,0238,0239"
607701,Mulderbosch Rosé,Mulderbosch Vineyards,99.0,750 ml,Lättare glasflaska,Fruktigt & Smakrikt,Sydafrika,Cabernet sauvignon,Fast sortiment,71,"0102,0104,0106,0107,0113,0114,0132,0133,0134,0135,0136,0137,0140,0143,0144,0145,0147,0148,0150,0151,0163,0165,0167,0168,0170,0171,0172,0173,0174,0175,0176,0177,0178,0179,0180,0182,0201,0202,0204,0205,0206,0207,0208,0209,0210,0211,0212,0213,0214,0215,0216,0217,0218,0219,0221,0222,0223,0224,0225,0226,0228,0229,0230,0231,0232,0234,0235,0236,0237,0238,0239"
3245202,Raccolto Nero d'Avola Cabernet Sauvignon Organic,Nordic Sea Winery,69.0,375 ml,Lättare glasflaska,Fruktigt & Smakrikt,Italien,"Nero d'avola, Cabernet sauvignon",Fast sortiment,70,"0102,0104,0106,0107,0110,0113,0114,0132,0133,0134,0135,0136,0137,0140,0143,0144,0145,0147,0148,0150,0163,0165,0167,0168,0170,0171,0172,0173,0174,0175,0176,0177,0178,0179,0180,0182,0201,0202,0204,0205,0206,0207,0208,0209,0210,0211,0212,0214,0215,0216,0217,0218,0219,0221,0222,0223,0224,0225,0226,0227,0228,0229,0230,0231,0232,0234,0235,0236,0237,0239"
286601,Foot of Africa Coastal blend,Kleine Zalze,99.0,750 ml,Lättare glasflaska,Friskt & Fruktigt,Sydafrika,"Chardonnay, Chenin blanc, Sauvignon blanc",Fast sortiment,69,"0102,0104,0106,0107,0113,0132,0133,0134,0135,0136,0137,0140,0143,0144,0145,0147,0148,0150,0151,0163,0165,0167,0168,0170,0171,0172,0173,0174,0175,0177,0178,0179,0180,0182,0201,0202,0204,0205,0206,0207,0208,0209,0210,0211,0213,0214,0215,0216,0217,0218,0219,0221,0222,0223,0224,0225,0226,0227,0228,0229,0230,0231,0232,0234,0235,0236,0237,0238,0239"
2008001,OVE Reserva,My Pleasure in Sweden AB,79.0,750 ml,Lättare glasflaska,Fruktigt & Smakrikt,Portugal,"Alicante bouschet, Syrah, Tinta roriz",Fast sortiment,67,"0102,0104,0106,0107,0113,0132,0133,0134,0135,0136,0137,0140,0143,0144,0145,0147,0148,0150,0151,0165,0167,0168,0170,0171,0172,0173,0174,0175,0176,0177,0178,0179,0180,0182,0201,0202,0204,0205,0206,0208,0209,0210,0211,0213,0214,0215,0216,0217,0218,0219,0221,0222,0223,0225,0226,0227,0228,0229,0230,0231,0232,0234,0235,0236,0237,0238,0239"
7475601,Amicale,Cantine di Ora,99.0,750 ml,Glasflaska,Kryddigt & Mustigt,Italien,"Corvina, Molinara, Rondinella",Fast sortiment,73,"0102,0104,0106,0107,0110,0113,0114,0132,0133,0134,0135,0136,0137,0140,0143,0144,0145,0147,0148,0150,0151,0163,0165,0167,0168,0170,0171,0172,0173,0174,0175,0176,0177,0178,0179,0180,0182,0201,0202,0204,0205,0206,0207,0208,0209,0210,0211,0212,0213,0214,0215,0216,0217,0218,0219,0221,0222,0223,0224,0225,0226,0227,0228,0229,0230,0231,0232,0234,0235,0236,0237,0238,0239"
642701,Stoneleigh Chardonnay,Vinarchy,125.0,750 ml,Lättare glasflaska,Fylligt & Smakrikt,Nya Zeeland,Chardonnay,Fast sortiment,64,"0102,0104,0106,0107,0113,0114,0132,0133,0134,0135,0136,0140,0144,0145,0147,0148,0150,0151,0165,0167,0168,0170,0171,0173,0174,0175,0176,0177,0178,0179,0180,0182,0201,0202,0204,0205,0206,0208,0210,0211,0212,0213,0214,0215,0217,0218,0219,0221,0222,0223,0225,0226,0227,0228,0229,0230,0231,0232,0234,0235,0236,0237,0238,0239"
281435,Camp Sparkling,Maison Idiart,41.0,200 ml,Burk,Torrt vitt,Frankrike,,Fast sortiment,74,"0102,0104,0106,0107,0113,0114,0132,0133,0134,0135,0136,0137,0138,0140,0143,0144,0145,0147,0148,0150,0151,0163,0165,0167,0168,0170,0171,0172,0173,0174,0175,0176,0177,0178,0179,0180,0182,0201,0202,0204,0205,0206,0207,0208,0209,0210,0211,0212,0213,0214,0215,0216,0217,0218,0219,0220,0221,0222,0223,0224,0225,0226,0227,0228,0229,0230,0231,0232,0234,0235,0236,0237,0238,0239"
471501,Moonlight Manor Cabernet Sauvignon,De Waal,99.0,750 ml,Lättare glasflaska,Fruktigt & Smakrikt,Sydafrika,Cabernet sauvignon,Fast sortiment,73,"0102,0104,0106,0107,0110,0113,0114,0132,0133,0134,0135,0136,0137,0140,0143,0144,0145,0147,0148,0150,0151,0163,0165,0167,0168,0170,0171,0172,0173,0174,0175,0176,0177,0178,0179,0180,0182,0201,0202,0204,0205,0206,0207,0208,0209,0210,0211,0212,0213,0214,0215,0216,0217,0218,0219,0221,0222,0223,0224,0225,0226,0227,0228,0229,0230,0231,0232,0234,0235,0236,0237,0238,0239"
8895801,Frontera Chardonnay,Concha y Toro,69.0,750 ml,Lättare glasflaska,Friskt & Fruktigt,Chile,Chardonnay,Fast sortiment,69,"0102,0104,0106,0107,0113,0114,0132,0133,0134,0135,0136,0137,0140,0143,0144,0145,0147,0148,0150,0151,0165,0167,0168,0170,0171,0172,0173,0174,0175,0176,0177,0178,0179,0180,0182,0201,0202,0204,0205,0206,0208,0209,0210,0211,0212,0213,0214,0215,0216,0217,0218,0219,0221,0222,0223,0225,0226,0227,0228,0229,0230,0231,0232,0234,0235,0236,0237,0238,0239"
778101,Louis Bouillot Crémant de Bourgogne Rosé Brut,Louis Bouillot,159.0,750 ml,Glasflaska,Rosé,Frankrike,"Pinot noir, Gamay, Chardonnay",Fast sortiment,75,"0102,0104,0106,0107,0110,0113,0114,0132,0133,0134,0135,0136,0137,0138,0140,0143,0144,0145,0147,0148,0150,0151,0163,0165,0167,0168,0170,0171,0172,0173,0174,0175,0176,0177,0178,0179,0180,0182,0201,0202,0204,0205,0206,0207,0208,0209,0210,0211,0212,0213,0214,0215,0216,0217,0218,0219,0220,0221,0222,0223,0224,0225,0226,0227,0228,0229,0230,0231,0232,0234,0235,0236,0237,0238,0239"
778201,Campo Viejo Cava Brut Reserva Organic,Vinarchy,109.0,750 ml,Glasflaska,Torrt vitt,Spanien,"Macabeo, Parellada, Xarel-lo",Fast sortiment,74,"0102,0104,0106,0107,0110,0113,0114,0132,0133,0134,0135,0136,0137,0138,0140,0143,0144,0145,0147,0148,0150,0151,0163,0165,0167,0168,0170,0171,0172,0173,0174,0175,0176,0177,0178,0179,0180,0182,0201,0202,0204,0205,0206,0207,0208,0209,0210,0211,0212,0213,0214,0215,0216,0217,0218,0219,0221,0222,0223,0224,0225,0226,0227,0228,0229,0230,0231,0232,0234,0235,0236,0237,0238,0239"
742504,Charles de Fère Blanc de Blancs Brut,Charles de Fère,49.0,200 ml,Glasflaska,Torrt vitt,Frankrike,"Chardonnay, Colombard, Ugni blanc",Fast sortiment,74,"0102,0104,0106,0107,0110,0113,0114,0132,0133,0134,0135,0136,0137,0140,0143,0144,0145,0147,0148,0150,0151,0163,0165,0167,0168,0170,0171,0172,0173,0174,0175,0176,0177,0178,0179,0180,0182,0201,0202,0204,0205,0206,0207,0208,0209,0210,0211,0212,0213,0214,0215,0216,0217,0218,0219,0220,0221,0222,0223,0224,0225,0226,0227,0228,0229,0230,0231,0232,0234,0235,0236,0237,0238,0239"
670234,Lubanzi Sparkling Cinsault Rosé,Lubanzi Wines,39.0,200 ml,Burk,Rosé,Sydafrika,Cinsault,Fast sortiment,73,"0102,0104,0106,0107,0110,0113,0114,0132,0133,0134,0135,0136,0137,0140,0143,0144,0145,0147,0148,0150,0151,0163,0165,0167,0168,0170,0171,0172,0173,0174,0175,0176,0177,0178,0179,0180,0182,0201,0202,0204,0205,0206,0207,0208,0209,0210,0211,0212,0213,0214,0215,0216,0217,0218,0219,0221,0222,0223,0224,0225,0226,0227,0228,0229,0230,0231,0232,0234,0235,0236,0237,0238,0239"
7038001,Louis Massing Brut,Deregard-Massing,259.0,750 ml,Glasflaska,Torrt vitt,Frankrike,"Chardonnay, Pinot meunier, Pinot noir",Fast sortiment,74,"0102,0104,0106,0107,0113,0114,0132,0133,0134,0135,0136,0137,0138,0140,0143,0144,0145,0147,0148,0150,0151,0163,0165,0167,0168,0170,0171,0172,0173,0174,0175,0176,0177,0178,0179,0180,0182,0201,0202,0204,0205,0206,0207,0208,0209,0210,0211,0212,0213,0214,0215,0216,0217,0218,0219,0220,0221,0222,0223,0224,0225,0226,0227,0228,0229,0230,0231,0232,0234,0235,0236,0237,0238,0239"
7582501,Grandiosa Gran Especial Malbec,Icon Wines,99.0,1000 ml,Lättare glasflaska,Fruktigt & Smakrikt,Argentina,Malbec,Fast sortiment,74,"0102,0104,0106,0107,0110,0113,0114,0132,0133,0134,0135,0136,0137,0140,0143,0144,0145,0147,0148,0150,0151,0163,0165,0167,0168,0170,0171,0172,0173,0174,0175,0176,0177,0178,0179,0180,0182,0201,0202,0204,0205,0206,0207,0208,0209,0210,0211,0212,0213,0214,0215,0216,0217,0218,0219,0220,0221,0222,0223,0224,0225,0226,0227,0228,0229,0230,0231,0232,0234,0235,0236,0237,0238,0239"
7278201,Piemonte Barbera,San Silvestro,129.0,750 ml,Lättare glasflaska,Fruktigt & Smakrikt,Italien,Barbera,Fast sortiment,74,"0102,0104,0106,0107,0110,0113,0114,0132,0133,0134,0135,0136,0137,0140,0143,0144,0145,0147,0148,0150,0151,0163,0165,0167,0168,0170,0171,0172,0173,0174,0175,0176,0177,0178,0179,0180,0182,0201,0202,0204,0205,0206,0207,0208,0209,0210,0211,0212,0213,0214,0215,0216,0217,0218,0219,0220,0221,0222,0223,0224,0225,0226,0227,0228,0229,0230,0231,0232,0234,0235,0236,0237,0238,0239"
232601,Epicuro Zinfandel,Femar Vini,99.0,750 ml,Glasflaska,Fruktigt & Smakrikt,Italien,Zinfandel,Fast sortiment,73,"0102,0104,0106,0107,0110,0113,0114,0132,0133,0134,0135,0136,0137,0140,0143,0144,0145,0147,0148,0150,0151,0163,0165,0167,0168,0170,0171,0172,0173,0174,0175,0176,0177,0178,0179,0180,0182,0201,0202,0204,0205,0206,0207,0208,0209,0210,0211,0212,0213,0214,0215,0216,0217,0218,0219,0221,0222,0223,0224,0225,0226,0227,0228,0229,0230,0231,0232,0234,0235,0236,0237,0238,0239"
7239901,Enzo Bartoli Barolo,MGM S.r.l.,239.0,750 ml,Glasflaska,Stramt & Nyanserat,Italien,Nebbiolo,Fast sortiment,73,"0102,0104,0106,0107,0110,0113,0114,0132,0133,0134,0135,0136,0137,0140,0143,0144,0145,0147,0148,0150,0151,0163,0165,0167,0168,0170,0171,0172,0173,0174,0175,0176,0177,0178,0179,0180,0182,0201,0202,0204,0205,0206,0207,0208,0209,0210,0211,0212,0213,0214,0215,0216,0217,0218,0219,0221,0222,0223,0224,0225,0226,0227,0228,0229,0230,0231,0232,0234,0235,0236,0237,0238,0239"
754901,Pol Roger Brut Réserve,Pol Roger,589.0,750 ml,Glasflaska,Torrt vitt,Frankrike,"Chardonnay, Pinot meunier, Pinot noir",Fast sortiment,75,"0102,0104,0106,0107,0110,0113,0114,0132,0133,0134,0135,0136,0137,0138,0140,0143,0144,0145,0147,0148,0150,0151,0163,0165,0167,0168,0170,0171,0172,0173,0174,0175,0176,0177,0178,0179,0180,0182,0201,0202,0204,0205,0206,0207,0208,0209,0210,0211,0212,0213,0214,0215,0216,0217,0218,0219,0220,0221,0222,0223,0224,0225,0226,0227,0228,0229,0230,0231,0232,0234,0235,0236,0237,0238,0239"
749602,Jacob's Creek Organic Chardonnay,Vinarchy,59.0,375 ml,Glasflaska,Friskt & Fruktigt,Australien,Chardonnay,Fast sortiment,73,"0102,0104,0106,0107,0113,0114,0132,0133,0134,0135,0136,0137,0140,0143,0144,0145,0147,0148,0150,0151,0163,0165,0167,0168,0170,0171,0172,0173,0174,0175,0176,0177,0178,0179,0180,0182,0201,0202,0204,0205,0206,0207,0208,0209,0210,0211,0212,0213,0214,0215,0216,0217,0218,0219,0220,0221,0222,0223,0224,0225,0226,0227,0228,0229,0230,0231,0232,0234,0235,0236,0237,0238,0239"
756401,Gato Negro Cabernet Sauvignon,Viña San Pedro,69.0,750 ml,Lättare glasflaska,Fruktigt & Smakrikt,Chile,Cabernet sauvignon,Fast sortiment,64,"0102,0104,0106,0107,0113,0114,0134,0135,0136,0138,0140,0145,0147,0148,0150,0151,0165,0167,0168,0170,0171,0172,0173,0174,0175,0176,0177,0178,0179,0180,0182,0201,0202,0205,0206,0208,0209,0210,0211,0212,0213,0214,0215,0216,0217,0218,0219,0221,0222,0223,0225,0226,0227,0228,0229,0230,0231,0232,0234,0235,0236,0237,0238,0239"
5978601,Cuvée Celeste Blanc de Blancs Brut,Fields Wine Company AB,79.0,750 ml,Lättare glasflaska,Torrt vitt,Frankrike,,Fast sortiment,74,"0102,0104,0106,0107,0110,0113,0114,0132,0133,0134,0135,0136,0137,0138,0140,0143,0144,0145,0147,0148,0150,0151,0163,0165,0167,0168,0170,0171,0172,0173,0174,0175,0176,0177,0178,0179,0180,0182,0201,0202,0204,0205,0206,0207,0208,0209,0210,0211,0212,0213,0214,0215,0216,0217,0218,0219,0221,0222,0223,0224,0225,0226,0227,0228,0229,0230,0231,0232,0234,0235,0236,0237,0238,0239"
721801,Dr L Riesling,Dr Loosen,115.0,750 ml,Lättare glasflaska,Friskt & Fruktigt,Tyskland,Riesling,Fast sortiment,74,"0102,0104,0106,0107,0110,0113,0114,0132,0133,0134,0135,0136,0137,0138,0140,0143,0144,0145,0147,0148,0150,0151,0163,0165,0167,0168,0170,0171,0172,0173,0174,0175,0176,0177,0178,0179,0180,0182,0201,0202,0204,0205,0206,0207,0208,0209,0210,0211,0212,0213,0214,0215,0216,0217,0218,0219,0221,0222,0223,0224,0225,0226,0227,0228,0229,0230,0231,0232,0234,0235,0236,0237,0238,0239"
270401,Finca Negra Reserva Especial,Miguel Torres Chile,119.0,750 ml,Glasflaska,Fruktigt & Smakrikt,Chile,"Carmenère, Cabernet sauvignon, Syrah",Fast sortiment,73,"0102,0104,0106,0107,0110,0113,0114,0132,0133,0134,0135,0136,0137,0140,0143,0144,0145,0147,0148,0150,0151,0163,0165,0167,0168,0170,0171,0172,0173,0174,0175,0176,0177,0178,0179,0180,0182,0201,0202,0204,0205,0206,0207,0208,0209,0210,0211,0212,0213,0214,0215,0216,0217,0218,0219,0220,0221,0222,0223,0224,0225,0226,0227,0229,0230,0231,0232,0234,0235,0236,0237,0238,0239"
5056901,Arc-en-Ciel Rosé,Providential Wines & Spirits AB,99.0,1000 ml,Lättare glasflaska,Fruktigt & Smakrikt,Frankrike,"Carignan, Grenache, Merlot",Fast sortiment,74,"0102,0104,0106,0107,0110,0113,0114,0132,0133,0134,0135,0136,0137,0140,0143,0144,0145,0147,0148,0150,0151,0163,0165,0167,0168,0170,0171,0172,0173,0174,0175,0176,0177,0178,0179,0180,0182,0201,0202,0204,0205,0206,0207,0208,0209,0210,0211,0212,0213,0214,0215,0216,0217,0218,0219,0220,0221,0222,0223,0224,0225,0226,0227,0228,0229,0230,0231,0232,0234,0235,0236,0237,0238,0239"
5239101,Pinot Noir Cuvée Celeste,Fields Wine Company AB,99.0,750 ml,Lättare glasflaska,Mjukt & Bärigt,Frankrike,Pinot noir,Fast sortiment,72,"0102,0104,0106,0107,0110,0113,0114,0132,0133,0134,0135,0136,0137,0138,0140,0143,0144,0145,0147,0148,0150,0151,0163,0165,0167,0168,0170,0172,0173,0174,0175,0176,0177,0178,0179,0180,0182,0201,0204,0205,0206,0207,0208,0209,0210,0211,0212,0213,0214,0215,0216,0217,0218,0219,0221,0222,0223,0224,0225,0226,0227,0228,0229,0230,0231,0232,0234,0235,0236,0237,0238,0239"
5600801,Julià & Navinès Cava Organic Rosé,1+1=3 U Mes U Fan Tres S.L.,99.0,750 ml,Glasflaska,Rosé,Spanien,"Chardonnay, Grenache, Macabeo, Pinot noir",Fast sortiment,74,"0102,0104,0106,0107,0110,0113,0114,0132,0133,0134,0135,0136,0137,0140,0143,0144,0145,0147,0148,0150,0151,0163,0165,0167,0168,0170,0171,0172,0173,0174,0175,0176,0177,0178,0179,0180,0182,0201,0202,0204,0205,0206,0207,0208,0209,0210,0211,0212,0213,0214,0215,0216,0217,0218,0219,0220,0221,0222,0223,0224,0225,0226,0227,0228,0229,0230,0231,0232,0234,0235,0236,0237,0238,0239"
7572201,Barbera d'Alba Busije,Giacosa Fratelli,119.0,750 ml,Lättare glasflaska,Fruktigt & Smakrikt,Italien,Barbera,Fast sortiment,75,"0102,0104,0106,0107,0110,0113,0114,0132,0133,0134,0135,0136,0137,0138,0140,0143,0144,0145,0147,0148,0150,0151,0163,0165,0167,0168,0170,0171,0172,0173,0174,0175,0176,0177,0178,0179,0180,0182,0201,0202,0204,0205,0206,0207,0208,0209,0210,0211,0212,0213,0214,0215,0216,0217,0218,0219,0220,0221,0222,0223,0224,0225,0226,0227,0228,0229,0230,0231,0232,0234,0235,0236,0237,0238,0239"
768601,André Clouet Grande Réserve,André Clouet,369.0,750 ml,Glasflaska,Torrt vitt,Frankrike,Pinot noir,Fast sortiment,75,"0102,0104,0106,0107,0110,0113,0114,0132,0133,0134,0135,0136,0137,0138,0140,0143,0144,0145,0147,0148,0150,0151,0163,0165,0167,0168,0170,0171,0172,0173,0174,0175,0176,0177,0178,0179,0180,0182,0201,0202,0204,0205,0206,0207,0208,0209,0210,0211,0212,0213,0214,0215,0216,0217,0218,0219,0220,0221,0222,0223,0224,0225,0226,0227,0228,0229,0230,0231,0232,0234,0235,0236,0237,0238,0239"
754735,Bubbelburk Brut,Quarisa Wines,69.0,375 ml,Burk,Torrt vitt,Australien,Glera,Fast sortiment,73,"0102,0104,0106,0107,0110,0113,0114,0132,0133,0134,0135,0136,0137,0140,0143,0144,0145,0147,0148,0150,0151,0163,0165,0167,0168,0170,0171,0172,0173,0174,0175,0176,0177,0178,0179,0180,0182,0201,0202,0204,0205,0206,0207,0208,0209,0210,0211,0212,0213,0214,0215,0216,0217,0218,0219,0221,0222,0223,0224,0225,0226,0227,0228,0229,0230,0231,0232,0234,0235,0236,0237,0238,0239"
712601,Bianchi Montepulciano d'Abruzzo Umani Ronchi,Umani Ronchi,99.0,750 ml,Lättare glasflaska,Fruktigt & Smakrikt,Italien,"Montepulciano, Cabernet sauvignon",Fast sortiment,73,"0102,0104,0106,0107,0110,0113,0114,0132,0133,0134,0135,0136,0137,0138,0140,0143,0144,0145,0147,0148,0150,0151,0163,0165,0167,0168,0170,0171,0172,0173,0174,0175,0176,0177,0178,0179,0180,0182,0201,0202,0204,0205,0206,0207,0208,0209,0210,0211,0212,0213,0214,0215,0216,0217,0218,0219,0221,0222,0223,0224,0225,0226,0228,0229,0230,0231,0232,0234,0235,0236,0237,0238,0239"
7104601,Le Chef Rouge,Giertz Vinimport,99.0,1000 ml,Lättare glasflaska,Fruktigt & Smakrikt,Frankrike,"Cinsault, Grenache, Syrah, Marselan",Fast sortiment,71,"0102,0104,0106,0107,0110,0113,0114,0132,0133,0134,0135,0136,0140,0143,0144,0145,0147,0148,0150,0151,0165,0167,0168,0170,0171,0172,0173,0174,0175,0176,0177,0178,0179,0180,0182,0201,0202,0204,0205,0206,0208,0209,0210,0211,0212,0213,0214,0215,0216,0217,0218,0219,0220,0221,0222,0223,0224,0225,0226,0227,0228,0229,0230,0231,0232,0234,0235,0236,0237,0238,0239"
215402,Château Baulac Dodijos,Château Baulac,145.0,375 ml,Glasflaska,Sött,Frankrike,,Fast sortiment,74,"0102,0104,0106,0107,0110,0113,0114,0132,0133,0134,0135,0136,0137,0140,0143,0144,0145,0147,0148,0150,0151,0163,0165,0167,0168,0170,0171,0172,0173,0174,0175,0176,0177,0178,0179,0180,0182,0201,0202,0204,0205,0206,0207,0208,0209,0210,0211,0212,0213,0214,0215,0216,0217,0218,0219,0220,0221,0222,0223,0224,0225,0226,0227,0228,0229,0230,0231,0232,0234,0235,0236,0237,0238,0239"
563701,Chablis Le Beaunois Labouré-Roi,Labouré-Roi,169.0,750 ml,Lättare glasflaska,Friskt & Fruktigt,Frankrike,Chardonnay,Fast sortiment,74,"0102,0104,0106,0107,0113,0114,0132,0133,0134,0135,0136,0137,0138,0140,0143,0144,0145,0147,0148,0150,0151,0163,0165,0167,0168,0170,0171,0172,0173,0174,0175,0176,0177,0178,0179,0180,0182,0201,0202,0204,0205,0206,0207,0208,0209,0210,0211,0212,0213,0214,0215,0216,0217,0218,0219,0220,0221,0222,0223,0224,0225,0226,0227,0228,0229,0230,0231,0232,0234,0235,0236,0237,0238,0239"
7558601,Catch & Release Sauvignon Blanc,Les Domaines Auriol,99.0,750 ml,Lättare glasflaska,Friskt & Fruktigt,Frankrike,Sauvignon blanc,Fast sortiment,74,"0102,0104,0106,0107,0110,0113,0114,0132,0133,0134,0135,0136,0137,0140,0143,0144,0145,0147,0148,0150,0151,0163,0165,0167,0168,0170,0171,0172,0173,0174,0175,0176,0177,0178,0179,0180,0182,0201,0202,0204,0205,0206,0207,0208,0209,0210,0211,0212,0213,0214,0215,0216,0217,0218,0219,0220,0221,0222,0223,0224,0225,0226,0227,0228,0229,0230,0231,0232,0234,0235,0236,0237,0238,0239"
207701,Copertino Riserva,Cantina Sociale Copertino,109.0,750 ml,Glasflaska,Kryddigt & Mustigt,Italien,Negroamaro,Fast sortiment,74,"0102,0104,0106,0107,0110,0113,0114,0132,0133,0134,0135,0136,0137,0138,0140,0143,0144,0145,0147,0148,0150,0151,0163,0165,0167,0168,0170,0171,0172,0173,0174,0175,0176,0177,0178,0179,0180,0182,0201,0202,0204,0205,0206,0207,0208,0209,0210,0211,0212,0213,0214,0215,0216,0217,0218,0219,0221,0222,0223,0224,0225,0226,0227,0228,0229,0230,0231,0232,0234,0235,0236,0237,0238,0239"
204301,Lat 42 Reserva,La Rioja Alta,129.0,750 ml,Glasflaska,Kryddigt & Mustigt,Spanien,Tempranillo,Fast sortiment,74,"0102,0104,0106,0107,0110,0113,0114,0132,0133,0134,0135,0136,0137,0140,0143,0144,0145,0147,0148,0150,0151,0163,0165,0167,0168,0170,0171,0172,0173,0174,0175,0176,0177,0178,0179,0180,0182,0201,0202,0204,0205,0206,0207,0208,0209,0210,0211,0212,0213,0214,0215,0216,0217,0218,0219,0220,0221,0222,0223,0224,0225,0226,0227,0228,0229,0230,0231,0232,0234,0235,0236,0237,0238,0239"
7804701,Bread & Butter Cabernet Sauvignon,Bread & Butter Wines,169.0,750 ml,Glasflaska,Fruktigt & Smakrikt,USA,Cabernet sauvignon,Fast sortiment,74,"0102,0104,0106,0107,0110,0113,0114,0132,0133,0134,0135,0136,0137,0138,0140,0143,0144,0145,0147,0148,0150,0151,0163,0165,0167,0168,0170,0171,0172,0173,0174,0175,0176,0177,0178,0179,0180,0182,0201,0202,0205,0206,0207,0208,0209,0210,0211,0212,0213,0214,0215,0216,0217,0218,0219,0220,0221,0222,0223,0224,0225,0226,0227,0228,0229,0230,0231,0232,0234,0235,0236,0237,0238,0239"
741801,Bollinger Special Cuvée Brut,Bollinger,679.0,750 ml,Glasflaska,Torrt vitt,Frankrike,"Pinot noir, Chardonnay, Pinot meunier",Fast sortiment,74,"0102,0104,0106,0107,0110,0113,0114,0132,0133,0134,0135,0136,0137,0138,0140,0143,0144,0145,0147,0148,0150,0151,0163,0165,0167,0168,0170,0171,0172,0173,0174,0175,0176,0177,0178,0179,0180,0182,0201,0202,0205,0206,0207,0208,0209,0210,0211,0212,0213,0214,0215,0216,0217,0218,0219,0220,0221,0222,0223,0224,0225,0226,0227,0228,0229,0230,0231,0232,0234,0235,0236,0237,0238,0239"
789102,Beaumont de Crayères Grande Réserve Brut,Beaumont des Crayères,205.0,375 ml,Glasflaska,Torrt vitt,Frankrike,"Pinot meunier, Chardonnay, Pinot noir",Fast sortiment,74,"0102,0104,0106,0107,0110,0113,0114,0132,0133,0134,0135,0136,0137,0140,0143,0144,0145,0147,0148,0150,0151,0163,0165,0167,0168,0170,0171,0172,0173,0174,0175,0176,0177,0178,0179,0180,0182,0201,0202,0204,0205,0206,0207,0208,0209,0210,0211,0212,0213,0214,0215,0216,0217,0218,0219,0220,0221,0222,0223,0224,0225,0226,0227,0228,0229,0230,0231,0232,0234,0235,0236,0237,0238,0239"
790401,Privat Brut Nature Reserva,Celler Privat,139.0,750 ml,Glasflaska,Torrt vitt,Spanien,"Chardonnay, Macabeo, Parellada, Pansa blanca",Fast sortiment,75,"0102,0104,0106,0107,0110,0113,0114,0132,0133,0134,0135,0136,0137,0138,0140,0143,0144,0145,0147,0148,0150,0151,0163,0165,0167,0168,0170,0171,0172,0173,0174,0175,0176,0177,0178,0179,0180,0182,0201,0202,0204,0205,0206,0207,0208,0209,0210,0211,0212,0213,0214,0215,0216,0217,0218,0219,0220,0221,0222,0223,0224,0225,0226,0227,0228,0229,0230,0231,0232,0234,0235,0236,0237,0238,0239"
631102,Stoneleigh Sauvignon Blanc,Vinarchy,79.0,375 ml,Glasflaska,Friskt & Fruktigt,Nya Zeeland,Sauvignon blanc,Fast sortiment,74,"0102,0104,0106,0107,0113,0114,0132,0133,0134,0135,0136,0137,0138,0140,0143,0144,0145,0147,0148,0150,0151,0163,0165,0167,0168,0170,0171,0172,0173,0174,0175,0176,0177,0178,0179,0180,0182,0201,0202,0204,0205,0206,0207,0208,0209,0210,0211,0212,0213,0214,0215,0216,0217,0218,0219,0220,0221,0222,0223,0224,0225,0226,0227,0228,0229,0230,0231,0232,0234,0235,0236,0237,0238,0239"
268601,Sangre de Toro Reserva Organic,Miguel Torres,99.0,750 ml,Lättare glasflaska,Kryddigt & Mustigt,Spanien,"Cariñena, Garnacha, Syrah",Fast sortiment,70,"0102,0104,0106,0107,0110,0113,0114,0132,0133,0134,0135,0136,0137,0138,0140,0143,0144,0145,0147,0148,0150,0151,0163,0165,0167,0168,0170,0171,0172,0173,0174,0175,0176,0177,0178,0179,0180,0182,0201,0202,0204,0205,0206,0207,0208,0210,0211,0212,0213,0214,0215,0216,0218,0219,0221,0222,0223,0224,0225,0228,0229,0230,0231,0232,0234,0235,0236,0237,0238,0239"
3241702,Villa Puccini,Castellani,59.0,375 ml,Lättare glasflaska,Kryddigt & Mustigt,Italien,"Sangiovese, Merlot",Fast sortiment,73,"0102,0104,0106,0107,0110,0113,0114,0132,0133,0134,0135,0136,0137,0138,0140,0143,0144,0145,0147,0148,0150,0151,0163,0165,0167,0168,0170,0172,0173,0174,0175,0176,0177,0178,0179,0180,0182,0201,0202,0204,0205,0206,0207,0208,0209,0210,0211,0212,0213,0214,0215,0216,0217,0218,0219,0221,0222,0223,0224,0225,0226,0227,0228,0229,0230,0231,0232,0234,0235,0236,0237,0238,0239"
415302,Château du Levant,Château Liots,149.0,375 ml,Glasflaska,Sött,Frankrike,,Fast sortiment,68,"0102,0104,0106,0110,0113,0114,0132,0133,0134,0135,0136,0138,0140,0143,0144,0145,0147,0148,0151,0163,0165,0168,0170,0171,0172,0174,0175,0176,0178,0179,0180,0182,0201,0202,0204,0205,0206,0207,0208,0209,0210,0211,0212,0213,0214,0215,0216,0217,0218,0220,0221,0222,0223,0224,0225,0226,0227,0228,0229,0230,0231,0232,0234,0235,0236,0237,0238,0239"
546101,Mont-Redon Côtes du Rhône Réserve Rouge,Château Mont-Redon,145.0,750 ml,Lättare glasflaska,Kryddigt & Mustigt,Frankrike,"Grenache, Syrah",Fast sortiment,69,"0102,0104,0107,0110,0113,0114,0132,0133,0134,0135,0136,0137,0138,0140,0143,0144,0145,0147,0148,0151,0163,0165,0168,0170,0171,0172,0173,0174,0175,0176,0178,0179,0180,0182,0202,0204,0205,0206,0207,0208,0209,0210,0211,0212,0213,0214,0215,0216,0217,0218,0220,0221,0222,0223,0224,0225,0226,0227,0228,0229,0230,0231,0232,0234,0235,0236,0237,0238,0239"
464304,JP Chenet Cabernet-Syrah,Les Grands Chais de France,39.0,250 ml,Lättare glasflaska,Mjukt & Bärigt,Frankrike,"Cabernet sauvignon, Syrah",Fast sortiment,70,"0102,0104,0107,0113,0114,0132,0133,0134,0135,0136,0137,0140,0143,0144,0145,0147,0148,0150,0151,0163,0167,0168,0170,0171,0172,0173,0174,0175,0176,0177,0178,0179,0180,0182,0202,0204,0205,0206,0207,0208,0209,0210,0211,0212,0213,0214,0215,0216,0217,0218,0219,0220,0221,0222,0223,0224,0225,0226,0227,0228,0229,0230,0231,0232,0234,0235,0236,0237,0238,0239"
601202,El Cortejo Sauvignon Blanc,Nordic Sea Winery,59.0,375 ml,Glasflaska,Friskt & Fruktigt,Argentina,Sauvignon blanc,Fast sortiment,75,"0102,0104,0106,0107,0110,0113,0114,0132,0133,0134,0135,0136,0137,0138,0140,0143,0144,0145,0147,0148,0150,0151,0163,0165,0167,0168,0170,0171,0172,0173,0174,0175,0176,0177,0178,0179,0180,0182,0201,0202,0204,0205,0206,0207,0208,0209,0210,0211,0212,0213,0214,0215,0216,0217,0218,0219,0220,0221,0222,0223,0224,0225,0226,0227,0228,0229,0230,0231,0232,0234,0235,0236,0237,0238,0239"
7684501,Fortellino Ripasso Superiore,The Company of Urban wines And Other Liquids Sweden AB,119.0,750 ml,Glasflaska,Kryddigt & Mustigt,Italien,,Fast sortiment,74,"0102,0104,0106,0107,0110,0113,0114,0132,0133,0134,0135,0136,0137,0138,0140,0143,0144,0145,0147,0148,0150,0151,0163,0165,0167,0168,0170,0171,0172,0173,0174,0175,0176,0177,0178,0179,0180,0182,0201,0202,0204,0205,0206,0207,0208,0209,0210,0211,0212,0213,0214,0215,0216,0217,0218,0219,0221,0222,0223,0224,0225,0226,0227,0228,0229,0230,0231,0232,0234,0235,0236,0237,0238,0239"
7563001,Castelmare Valpolicella Ripasso Superiore,Cantina Valpolicella Negrar,109.0,750 ml,Glasflaska,Kryddigt & Mustigt,Italien,,Fast sortiment,73,"0102,0104,0106,0107,0110,0113,0114,0132,0133,0134,0135,0136,0137,0140,0143,0144,0145,0147,0148,0150,0151,0163,0165,0167,0168,0170,0171,0172,0173,0174,0175,0176,0177,0178,0179,0180,0182,0201,0202,0204,0205,0206,0207,0208,0209,0210,0211,0212,0213,0214,0215,0216,0217,0218,0219,0221,0222,0223,0224,0225,0226,0227,0228,0229,0230,0231,0232,0234,0235,0236,0237,0238,0239"
751802,Moët & Chandon Brut Impérial,Moët & Chandon,309.0,375 ml,Glasflaska,Torrt vitt,Frankrike,,Fast sortiment,75,"0102,0104,0106,0107,0110,0113,0114,0132,0133,0134,0135,0136,0137,0138,0140,0143,0144,0145,0147,0148,0150,0151,0163,0165,0167,0168,0170,0171,0172,0173,0174,0175,0176,0177,0178,0179,0180,0182,0201,0202,0204,0205,0206,0207,0208,0209,0210,0211,0212,0213,0214,0215,0216,0217,0218,0219,0220,0221,0222,0223,0224,0225,0226,0227,0228,0229,0230,0231,0232,0234,0235,0236,0237,0238,0239"
5248201,Massetti Chianti,Fields Wine Company AB,109.0,1000 ml,Lättare glasflaska,Kryddigt & Mustigt,Italien,,Fast sortiment,70,"0102,0104,0106,0107,0113,0114,0132,0133,0134,0135,0136,0137,0140,0143,0144,0145,0147,0148,0150,0151,0163,0165,0167,0168,0170,0171,0172,0173,0174,0175,0176,0177,0178,0179,0180,0182,0201,0202,0204,0206,0207,0208,0209,0211,0212,0213,0214,0215,0216,0217,0218,0219,0221,0222,0223,0224,0225,0226,0227,0228,0229,0230,0231,0232,0234,0235,0236,0237,0238,0239"
2225702,Gustave Lorentz Riesling Réserve,Gustave Lorentz,69.0,375 ml,Glasflaska,Druvigt & Blommigt,Frankrike,Riesling,Fast sortiment,72,"0102,0104,0106,0107,0110,0113,0114,0132,0133,0134,0135,0136,0137,0140,0143,0144,0145,0147,0148,0150,0151,0163,0165,0167,0168,0170,0171,0172,0173,0174,0175,0176,0177,0178,0179,0180,0182,0201,0202,0204,0205,0206,0207,0208,0209,0210,0211,0212,0213,0214,0215,0216,0217,0218,0219,0220,0221,0222,0223,0224,0225,0226,0227,0228,0229,0230,0231,0232,0234,0237,0238,0239"
1236602,Capitel de'Roari Amarone,Luigi Righetti,119.0,375 ml,Glasflaska,Kryddigt & Mustigt,Italien,,Fast sortiment,71,"0102,0104,0106,0107,0110,0113,0114,0132,0133,0134,0135,0136,0137,0140,0143,0144,0145,0147,0148,0150,0151,0163,0165,0167,0168,0170,0171,0172,0173,0174,0175,0176,0177,0178,0179,0180,0182,0201,0202,0204,0205,0206,0207,0208,0209,0210,0211,0212,0213,0214,0215,0216,0217,0218,0219,0221,0222,0223,0224,0225,0226,0227,0228,0229,0230,0231,0232,0234,0235,0237,0238"
149201,Xavier Vignon Vacqueyras,Xavier Vignon,155.0,750 ml,Glasflaska,Fruktigt & Smakrikt,Frankrike,"Grenache noir, Syrah, Mourvèdre",Fast sortiment,74,"0102,0104,0106,0107,0110,0113,0114,0132,0133,0134,0135,0136,0137,0140,0143,0144,0145,0147,0148,0150,0151,0163,0165,0167,0168,0170,0171,0172,0173,0174,0175,0176,0177,0178,0179,0180,0182,0201,0202,0204,0205,0206,0207,0208,0209,0210,0211,0212,0213,0214,0215,0216,0217,0218,0219,0220,0221,0222,0223,0224,0225,0226,0227,0228,0229,0230,0231,0232,0234,0235,0236,0237,0238,0239"
7903901,Saint Louis Pinot Noir,Giertz Vinimport,99.0,1000 ml,Lättare glasflaska,Mjukt & Bärigt,Frankrike,Pinot noir,Fast sortiment,75,"0102,0104,0106,0107,0110,0113,0114,0132,0133,0134,0135,0136,0137,0138,0140,0143,0144,0145,0147,0148,0150,0151,0163,0165,0167,0168,0170,0171,0172,0173,0174,0175,0176,0177,0178,0179,0180,0182,0201,0202,0204,0205,0206,0207,0208,0209,0210,0211,0212,0213,0214,0215,0216,0217,0218,0219,0220,0221,0222,0223,0224,0225,0226,0227,0228,0229,0230,0231,0232,0234,0235,0236,0237,0238,0239"
7776801,Casteloro Valpolicella,Fields Wine Company AB,99.0,750 ml,Lättare glasflaska,Kryddigt & Mustigt,Italien,,Fast sortiment,73,"0102,0104,0106,0107,0110,0113,0114,0132,0133,0134,0135,0136,0137,0140,0143,0144,0145,0147,0148,0150,0151,0163,0165,0167,0168,0170,0171,0172,0173,0174,0175,0176,0177,0178,0179,0180,0182,0201,0202,0204,0205,0206,0207,0208,0209,0210,0211,0212,0213,0214,0215,0216,0217,0218,0219,0221,0222,0223,0224,0225,0226,0227,0228,0229,0230,0231,0232,0234,0235,0236,0237,0238,0239"
7679001,Maggio,Iconic Wines,99.0,750 ml,Lättare glasflaska,Kryddigt & Mustigt,Italien,"Barbera, Bonarda, Cabernet sauvignon, Dolcetto, Freisa",Fast sortiment,74,"0102,0104,0106,0107,0110,0113,0114,0132,0133,0134,0135,0136,0137,0138,0140,0143,0144,0145,0147,0148,0150,0151,0163,0165,0167,0168,0170,0171,0172,0173,0174,0175,0176,0177,0178,0179,0180,0182,0201,0202,0204,0205,0206,0207,0208,0209,0210,0211,0212,0213,0214,0215,0216,0217,0218,0219,0221,0222,0223,0224,0225,0226,0227,0228,0229,0230,0231,0232,0234,0235,0236,0237,0238,0239"
7128201,Casa Vinironia Zinfandel Wild & Powerful,Casa Vinironia,99.0,1000 ml,Lättare glasflaska,Fruktigt & Smakrikt,Italien,Zinfandel,Fast sortiment,65,"0102,0104,0106,0107,0113,0114,0134,0135,0136,0140,0145,0147,0148,0150,0151,0165,0167,0168,0170,0171,0172,0173,0174,0175,0176,0177,0178,0179,0180,0182,0201,0202,0205,0206,0207,0208,0209,0210,0211,0212,0213,0214,0215,0216,0217,0218,0219,0221,0222,0223,0224,0225,0226,0227,0228,0229,0230,0231,0232,0234,0235,0236,0237,0238,0239"
5558001,Butter Chardonnay,Oenoforos AB,119.0,750 ml,Glasflaska,Fylligt & Smakrikt,USA,,Fast sortiment,74,"0102,0104,0106,0107,0110,0113,0114,0132,0133,0134,0135,0136,0137,0140,0143,0144,0145,0147,0148,0150,0151,0163,0165,0167,0168,0170,0171,0172,0173,0174,0175,0176,0177,0178,0179,0180,0182,0201,0202,0204,0205,0206,0207,0208,0209,0210,0211,0212,0213,0214,0215,0216,0217,0218,0219,0220,0221,0222,0223,0224,0225,0226,0227,0228,0229,0230,0231,0232,0234,0235,0236,0237,0238,0239"
759801,Moët & Chandon Rosé Impérial,Moët & Chandon,629.0,750 ml,Glasflaska,Rosé,Frankrike,,Fast sortiment,70,"0102,0104,0106,0107,0110,0113,0114,0132,0133,0134,0135,0136,0138,0140,0143,0145,0147,0148,0150,0151,0165,0167,0168,0170,0171,0172,0173,0174,0175,0176,0177,0178,0179,0180,0182,0201,0202,0204,0205,0206,0207,0208,0209,0210,0211,0212,0213,0214,0215,0216,0217,0218,0219,0220,0221,0222,0223,0225,0226,0227,0228,0229,0230,0231,0232,0234,0235,0236,0237,0238"
221501,Barefoot White Zinfandel,Barefoot Cellars,89.0,750 ml,Lättare glasflaska,Fruktigt & Smakrikt,USA,Zinfandel,Fast sortiment,63,"0102,0104,0106,0107,0113,0114,0132,0134,0135,0136,0140,0145,0147,0148,0150,0151,0165,0167,0168,0171,0172,0173,0174,0176,0177,0178,0179,0180,0182,0201,0202,0205,0206,0207,0208,0209,0210,0211,0212,0213,0214,0215,0216,0217,0218,0219,0221,0222,0223,0224,0225,0226,0227,0228,0229,0231,0232,0234,0235,0236,0237,0238,0239"
626002,Brachetto d´Acqui Braida,Braida di Bologna Giacomo,119.0,375 ml,Glasflaska,Sött,Italien,,Fast sortiment,73,"0102,0104,0106,0107,0110,0113,0114,0132,0133,0134,0135,0136,0137,0140,0143,0144,0145,0147,0148,0150,0151,0163,0165,0167,0168,0170,0171,0172,0173,0174,0175,0176,0177,0178,0179,0180,0182,0201,0202,0204,0205,0206,0207,0208,0209,0210,0211,0212,0213,0214,0215,0216,0217,0219,0220,0221,0222,0223,0224,0225,0226,0227,0228,0229,0230,0231,0232,0234,0235,0236,0237,0238,0239"
3236401,Mauro Primitivo Alberello,Nordic Sea Winery,89.0,750 ml,Lättare glasflaska,Fruktigt & Smakrikt,Italien,Primitivo,Fast sortiment,71,"0102,0104,0106,0107,0113,0114,0132,0133,0134,0135,0136,0137,0140,0143,0144,0145,0147,0148,0150,0151,0163,0165,0167,0168,0170,0171,0172,0173,0174,0175,0176,0177,0178,0179,0180,0182,0202,0204,0205,0206,0207,0208,0209,0210,0211,0212,0213,0214,0215,0216,0217,0218,0219,0221,0222,0223,0224,0225,0226,0227,0228,0229,0230,0231,0232,0234,0235,0236,0237,0238,0239"
7693401,Hans Baer Riesling Trocken,Weinkellerei Hechtsheim,99.0,750 ml,Lättare glasflaska,Friskt & Fruktigt,Tyskland,Riesling,Fast sortiment,73,"0102,0104,0106,0107,0110,0113,0114,0132,0133,0134,0135,0136,0137,0140,0143,0144,0145,0147,0148,0150,0151,0163,0165,0167,0168,0170,0171,0172,0173,0174,0175,0176,0177,0178,0179,0180,0182,0201,0202,0204,0205,0206,0207,0208,0209,0210,0211,0212,0213,0214,0215,0216,0217,0218,0219,0221,0222,0223,0224,0225,0226,0227,0228,0229,0230,0231,0232,0234,0235,0236,0237,0238,0239"
1651002,Viña Maipo Cabernet Sauvignon,Viña Maipo SpA,49.0,375 ml,Glasflaska,Fruktigt & Smakrikt,Chile,Cabernet sauvignon,Fast sortiment,73,"0102,0104,0106,0107,0113,0114,0132,0133,0134,0135,0136,0137,0140,0143,0144,0145,0147,0148,0150,0151,0163,0165,0167,0168,0170,0171,0172,0173,0174,0175,0176,0177,0178,0179,0180,0182,0201,0202,0204,0205,0206,0207,0208,0209,0210,0211,0212,0213,0214,0215,0216,0217,0218,0219,0220,0221,0222,0223,0224,0225,0226,0227,0228,0229,0230,0231,0232,0234,0235,0236,0237,0238,0239"
7651301,Enzo Bartoli Dolcetto,MGM S.r.l.,119.0,750 ml,Glasflaska,Fruktigt & Smakrikt,Italien,Dolcetto,Fast sortiment,72,"0102,0104,0106,0107,0113,0114,0132,0133,0134,0135,0136,0137,0140,0143,0144,0145,0147,0148,0150,0151,0163,0165,0167,0168,0170,0171,0172,0173,0174,0175,0176,0177,0178,0179,0180,0182,0201,0202,0204,0205,0206,0207,0208,0209,0210,0211,0212,0213,0214,0215,0216,0217,0218,0219,0221,0222,0223,0224,0225,0226,0227,0228,0229,0230,0231,0232,0234,0235,0236,0237,0238,0239"
7376601,Marastoni Chianti,Fields Wine Co,99.0,750 ml,Glasflaska,Kryddigt & Mustigt,Italien,,Fast sortiment,73,"0102,0104,0106,0107,0110,0113,0114,0132,0133,0134,0135,0136,0137,0140,0143,0144,0145,0147,0148,0150,0151,0163,0165,0167,0168,0170,0171,0172,0173,0174,0175,0176,0177,0178,0179,0180,0182,0201,0202,0204,0205,0206,0207,0208,0209,0210,0211,0212,0213,0214,0215,0216,0217,0218,0219,0221,0222,0223,0224,0225,0226,0227,0228,0229,0230,0231,0232,0234,0235,0236,0237,0238,0239"
2030801,Lisa 1503 Spumante,Ca’ di Rajo,99.0,750 ml,Lättare glasflaska,Torrt vitt,Italien,"Garganega, Chardonnay",Fast sortiment,74,"0102,0104,0106,0107,0110,0113,0114,0132,0133,0134,0135,0136,0137,0140,0143,0144,0145,0147,0148,0150,0151,0163,0165,0167,0168,0170,0171,0172,0173,0174,0175,0176,0177,0178,0179,0180,0182,0201,0202,0204,0205,0206,0207,0208,0209,0210,0211,0212,0213,0214,0215,0216,0217,0218,0219,0220,0221,0222,0223,0224,0225,0226,0227,0228,0229,0230,0231,0232,0234,0235,0236,0237,0238,0239"
253401,Gio Rosso Piceno,Terre Cortesi Moncaro,99.0,750 ml,Lättare glasflaska,Fruktigt & Smakrikt,Italien,"Montepulciano, Sangiovese",Fast sortiment,73,"0102,0104,0106,0107,0110,0113,0114,0132,0133,0134,0135,0136,0137,0140,0143,0144,0145,0147,0148,0150,0151,0163,0165,0167,0168,0170,0171,0172,0173,0174,0175,0176,0177,0178,0179,0180,0182,0201,0202,0204,0205,0206,0207,0208,0209,0210,0211,0212,0213,0214,0215,0216,0217,0218,0219,0220,0221,0222,0223,0224,0225,0226,0227,0228,0229,0230,0231,0232,0235,0236,0237,0238,0239"
266201,Fariña Lágrima,Bodegas Fariña,109.0,750 ml,Lättare glasflaska,Fruktigt & Smakrikt,Spanien,,Fast sortiment,75,"0102,0104,0106,0107,0110,0113,0114,0132,0133,0134,0135,0136,0137,0138,0140,0143,0144,0145,0147,0148,0150,0151,0163,0165,0167,0168,0170,0171,0172,0173,0174,0175,0176,0177,0178,0179,0180,0182,0201,0202,0204,0205,0206,0207,0208,0209,0210,0211,0212,0213,0214,0215,0216,0217,0218,0219,0220,0221,0222,0223,0224,0225,0226,0227,0228,0229,0230,0231,0232,0234,0235,0236,0237,0238,0239"
7006501,This is The Idiot Chardonnay,Enjoy Wine & Spirits,99.0,750 ml,Lättare glasflaska,Fylligt & Smakrikt,Italien,Chardonnay,Fast sortiment,72,"0102,0104,0106,0107,0113,0114,0132,0133,0134,0135,0136,0137,0140,0143,0144,0145,0147,0148,0150,0151,0163,0165,0167,0168,0170,0171,0172,0173,0174,0175,0176,0177,0178,0179,0180,0182,0201,0202,0204,0205,0206,0207,0208,0209,0210,0211,0212,0213,0214,0215,0216,0217,0218,0219,0221,0222,0223,0224,0225,0226,0227,0228,0229,0230,0231,0232,0234,0235,0236,0237,0238,0239"
2016801,Plume Souvignier Gris,Domaine la Colombette,99.0,750 ml,Lättare glasflaska,Friskt & Fruktigt,Frankrike,Souvignier gris,Fast sortiment,74,"0102,0104,0106,0107,0113,0114,0132,0133,0134,0135,0136,0137,0138,0140,0143,0144,0145,0147,0148,0150,0151,0163,0165,0167,0168,0170,0171,0172,0173,0174,0175,0176,0177,0178,0179,0180,0182,0201,0202,0204,0205,0206,0207,0208,0209,0210,0211,0212,0213,0214,0215,0216,0217,0218,0219,0220,0221,0222,0223,0224,0225,0226,0227,0228,0229,0230,0231,0232,0234,0235,0236,0237,0238,0239"
5234001,Mucho Mas,Felix Solis,99.0,750 ml,Glasflaska,Fruktigt & Smakrikt,Spanien,"Grenache, Syrah, Tempranillo",Fast sortiment,73,"0102,0104,0106,0107,0110,0113,0114,0132,0133,0134,0135,0136,0137,0140,0143,0144,0145,0147,0148,0150,0151,0163,0165,0167,0168,0170,0171,0172,0173,0174,0175,0176,0177,0178,0179,0180,0182,0201,0202,0204,0205,0206,0207,0208,0209,0210,0211,0212,0213,0214,0215,0216,0217,0218,0219,0221,0222,0223,0224,0225,0226,0227,0228,0229,0230,0231,0232,0234,0235,0236,0237,0238,0239"
7057801,GW :s Rosa,Barton & Guestier,99.0,750 ml,Glasflaska,Friskt & Bärigt,Frankrike,"Grenache, Syrah",Fast sortiment,68,"0102,0104,0106,0107,0113,0114,0132,0133,0134,0135,0136,0137,0140,0144,0145,0147,0148,0150,0151,0165,0167,0168,0170,0171,0172,0173,0174,0175,0176,0177,0178,0179,0180,0182,0201,0202,0204,0205,0206,0208,0209,0210,0211,0212,0213,0214,0215,0216,0217,0218,0219,0221,0222,0223,0225,0226,0227,0228,0229,0230,0231,0232,0234,0235,0236,0237,0238,0239"
7133501,Casa Vinironia Rosso Grande Organic,Casa Vinironia,99.0,1000 ml,Lättare glasflaska,Fruktigt & Smakrikt,Italien,,Fast sortiment,71,"0102,0104,0106,0107,0113,0114,0132,0133,0134,0135,0136,0137,0140,0143,0144,0145,0147,0148,0150,0151,0163,0165,0167,0168,0170,0171,0172,0173,0174,0175,0176,0177,0178,0179,0180,0182,0201,0202,0204,0205,0206,0207,0208,0209,0210,0211,0212,0213,0214,0215,0216,0217,0218,0219,0221,0222,0223,0224,0225,0226,0228,0229,0230,0231,0232,0234,0235,0236,0237,0238,0239"
625302,Penfolds Koonunga Hill Shiraz Cabernet,Penfolds,69.0,375 ml,Glasflaska,Fruktigt & Smakrikt,Australien,"Cabernet sauvignon, Shiraz",Fast sortiment,74,"0102,0104,0106,0107,0110,0113,0114,0132,0133,0134,0135,0136,0137,0138,0140,0143,0144,0145,0147,0148,0150,0151,0163,0165,0167,0168,0170,0171,0172,0173,0174,0175,0176,0177,0178,0179,0180,0182,0201,0202,0204,0205,0206,0207,0208,0209,0210,0211,0212,0213,0214,0215,0216,0217,0218,0219,0221,0222,0223,0224,0225,0226,0227,0228,0229,0230,0231,0232,0234,0235,0236,0237,0238,0239"
276801,Baron de Ley Gran Reserva,Baron de Ley,229.0,750 ml,Glasflaska,Kryddigt & Mustigt,Spanien,"Graciano, Tempranillo",Fast sortiment,74,"0102,0104,0106,0107,0110,0113,0114,0132,0133,0134,0135,0136,0137,0140,0143,0144,0145,0147,0148,0150,0151,0163,0165,0167,0168,0170,0171,0172,0173,0174,0175,0176,0177,0178,0179,0180,0182,0201,0202,0204,0205,0206,0207,0208,0209,0210,0211,0212,0213,0214,0215,0216,0217,0218,0219,0220,0221,0222,0223,0224,0225,0226,0227,0228,0229,0230,0231,0232,0234,0235,0236,0237,0238,0239"
2030701,Nigiri Sauvignon Blanc,Vini Bella Terra,109.0,750 ml,Lättare glasflaska,Friskt & Fruktigt,Italien,Sauvignon blanc,Fast sortiment,74,"0102,0104,0106,0107,0110,0113,0114,0132,0133,0134,0135,0136,0137,0140,0143,0144,0145,0147,0148,0150,0151,0163,0165,0167,0168,0170,0171,0172,0173,0174,0175,0176,0177,0178,0179,0180,0182,0201,0202,0204,0205,0206,0207,0208,0209,0210,0211,0212,0213,0214,0215,0216,0217,0218,0219,0220,0221,0222,0223,0224,0225,0226,0227,0228,0229,0230,0231,0232,0234,0235,0236,0237,0238,0239"
2017701,La Molla Montepulciano d'Abruzzo Riserva,Spring Wine & Spirits,149.0,750 ml,Lättare glasflaska,Kryddigt & Mustigt,Italien,Montepulciano,Fast sortiment,73,"0102,0104,0106,0107,0110,0113,0114,0132,0133,0134,0135,0136,0137,0140,0143,0144,0145,0147,0148,0150,0151,0163,0165,0167,0168,0170,0171,0172,0173,0174,0175,0176,0177,0178,0179,0180,0182,0201,0202,0204,0205,0206,0207,0208,0209,0210,0211,0212,0213,0214,0215,0216,0217,0218,0219,0221,0222,0223,0224,0225,0226,0227,0228,0229,0230,0231,0232,0234,0235,0236,0237,0238,0239"
7494901,Signed By Riesling Organic,Anora Group PLC,90.0,1000 ml,Lättare glasflaska,Friskt & Fruktigt,Tyskland,Riesling,Fast sortiment,72,"0102,0104,0106,0107,0113,0114,0132,0133,0134,0135,0136,0137,0140,0143,0144,0145,0147,0148,0150,0151,0163,0165,0167,0168,0170,0171,0172,0173,0174,0175,0176,0177,0178,0179,0180,0182,0201,0202,0204,0205,0206,0207,0208,0209,0210,0211,0212,0213,0214,0215,0216,0217,0218,0219,0221,0222,0223,0224,0225,0226,0227,0228,0229,0230,0231,0232,0234,0235,0236,0237,0238,0239"
206602,Jacob's Creek Organic Shiraz Cabernet,Vinarchy,59.0,375 ml,Glasflaska,Fruktigt & Smakrikt,Australien,"Cabernet sauvignon, Shiraz",Fast sortiment,72,"0102,0104,0106,0107,0113,0114,0132,0133,0134,0135,0136,0137,0140,0143,0144,0145,0147,0148,0150,0151,0163,0165,0167,0168,0170,0171,0172,0173,0174,0175,0176,0177,0178,0179,0180,0182,0201,0202,0204,0205,0206,0207,0208,0209,0210,0211,0212,0213,0214,0215,0216,0217,0218,0219,0221,0222,0223,0224,0225,0226,0227,0228,0229,0230,0231,0232,0234,0235,0236,0237,0238,0239"
7180501,Valpolicella Ripasso ai Colli Vivaldi,Vivaldi Wines,119.0,750 ml,Glasflaska,Kryddigt & Mustigt,Italien,"Corvina, Rondinella, Corvinone",Fast sortiment,72,"0102,0104,0106,0107,0113,0114,0132,0133,0134,0135,0136,0137,0140,0143,0144,0145,0147,0148,0150,0151,0163,0165,0167,0168,0170,0171,0172,0173,0174,0175,0176,0177,0178,0179,0180,0182,0201,0202,0204,0205,0206,0207,0208,0209,0210,0211,0212,0213,0214,0215,0216,0217,0218,0219,0221,0222,0223,0224,0225,0226,0227,0228,0229,0230,0231,0232,0234,0235,0236,0237,0238,0239"
2031001,Contacto Loureiro,Mendes & Symington,119.0,750 ml,Lättare glasflaska,Friskt & Fruktigt,Portugal,Loureiro,Fast sortiment,75,"0102,0104,0106,0107,0110,0113,0114,0132,0133,0134,0135,0136,0137,0138,0140,0143,0144,0145,0147,0148,0150,0151,0163,0165,0167,0168,0170,0171,0172,0173,0174,0175,0176,0177,0178,0179,0180,0182,0201,0202,0204,0205,0206,0207,0208,0209,0210,0211,0212,0213,0214,0215,0216,0217,0218,0219,0220,0221,0222,0223,0224,0225,0226,0227,0228,0229,0230,0231,0232,0234,0235,0236,0237,0238,0239"
745101,Roodeberg,KWV,109.0,750 ml,Lättare glasflaska,Fruktigt & Smakrikt,Sydafrika,"Cabernet sauvignon, Merlot, Shiraz",Fast sortiment,74,"0102,0104,0106,0107,0110,0113,0114,0132,0133,0134,0135,0136,0137,0140,0143,0144,0145,0147,0148,0150,0151,0163,0165,0167,0168,0170,0171,0172,0173,0174,0175,0176,0177,0178,0179,0180,0182,0201,0202,0204,0205,0206,0207,0208,0209,0210,0211,0212,0213,0214,0215,0216,0217,0218,0219,0220,0221,0222,0223,0224,0225,0226,0227,0228,0229,0230,0231,0232,0234,0235,0236,0237,0238,0239"
261401,OVE Lisboa Rosé,Enjoy Wine & Spirits,89.0,750 ml,Lättare glasflaska,Friskt & Bärigt,Portugal,,Fast sortiment,63,"0102,0104,0106,0107,0113,0114,0132,0135,0136,0137,0140,0143,0145,0147,0148,0150,0151,0163,0165,0167,0170,0171,0172,0173,0175,0176,0177,0178,0179,0180,0182,0201,0204,0205,0206,0207,0208,0209,0210,0211,0212,0213,0215,0216,0217,0219,0221,0222,0223,0224,0225,0226,0227,0228,0230,0231,0232,0234,0235,0236,0237,0238,0239"
2018501,Costa Carmenere Barrel Reserve,Talagante International Brands,119.0,750 ml,Lättare glasflaska,Fruktigt & Smakrikt,Chile,Carmenère,Fast sortiment,74,"0102,0104,0106,0107,0110,0113,0114,0132,0133,0134,0135,0136,0137,0140,0143,0144,0145,0147,0148,0150,0151,0163,0165,0167,0168,0170,0171,0172,0173,0174,0175,0176,0177,0178,0179,0180,0182,0201,0202,0204,0205,0206,0207,0208,0209,0210,0211,0212,0213,0214,0215,0216,0217,0218,0219,0220,0221,0222,0223,0224,0225,0226,0227,0228,0229,0230,0231,0232,0234,0235,0236,0237,0238,0239"
665701,Moselland Riesling Spätlese,Moselland,89.0,750 ml,Lättare glasflaska,Friskt & Fruktigt,Tyskland,Riesling,Fast sortiment,70,"0102,0104,0106,0107,0113,0114,0132,0133,0134,0135,0136,0137,0140,0143,0144,0145,0147,0148,0150,0151,0163,0165,0167,0168,0170,0171,0172,0174,0175,0176,0177,0178,0179,0180,0182,0201,0202,0204,0205,0206,0207,0208,0209,0210,0211,0212,0213,0214,0215,0217,0218,0219,0221,0222,0223,0224,0225,0226,0227,0228,0229,0230,0231,0232,0234,0235,0236,0237,0238,0239"
169406,Inycon Fiano Chardonnay,Cantine Settesoli,150.0,1500 ml,Lättare glasflaska,Friskt & Fruktigt,Italien,"Fiano, Chardonnay",Fast sortiment,71,"0102,0104,0106,0113,0114,0132,0133,0134,0135,0136,0137,0140,0143,0144,0145,0147,0148,0150,0151,0163,0165,0167,0168,0170,0171,0172,0173,0174,0175,0176,0177,0178,0179,0182,0201,0202,0204,0205,0206,0207,0208,0209,0210,0211,0212,0213,0214,0215,0216,0217,0218,0219,0220,0221,0222,0223,0224,0225,0226,0227,0228,0229,0230,0231,0232,0234,0235,0236,0237,0238,0239"
278001,El Coto Blanco,El Coto de Rioja,95.0,750 ml,Lättare glasflaska,Friskt & Fruktigt,Spanien,Viura,Fast sortiment,72,"0102,0104,0106,0107,0113,0114,0132,0133,0134,0135,0136,0137,0140,0143,0144,0145,0147,0148,0150,0151,0163,0165,0167,0168,0170,0171,0172,0173,0174,0175,0176,0177,0178,0179,0180,0182,0201,0202,0204,0205,0206,0207,0208,0209,0210,0211,0212,0213,0214,0215,0216,0217,0218,0219,0221,0222,0223,0224,0225,0226,0227,0228,0229,0230,0231,0232,0234,0235,0236,0237,0238,0239"
276001,Albades Garnacha,Hammeken Cellars,99.0,750 ml,Lättare glasflaska,Fruktigt & Smakrikt,Spanien,"Garnacha, Cariñena",Fast sortiment,74,"0102,0104,0106,0107,0110,0113,0114,0132,0133,0134,0135,0136,0137,0140,0143,0144,0145,0147,0148,0150,0151,0163,0165,0167,0168,0170,0171,0172,0173,0174,0175,0176,0177,0178,0179,0180,0182,0201,0202,0204,0205,0206,0207,0208,0209,0210,0211,0212,0213,0214,0215,0216,0217,0218,0219,0220,0221,0222,0223,0224,0225,0226,0227,0228,0229,0230,0231,0232,0234,0235,0236,0237,0238,0239"
699802,Masi Bonacosta Valpolicella,Masi,69.0,375 ml,Glasflaska,Mjukt & Bärigt,Italien,"Corvina, Molinara, Rondinella",Fast sortiment,72,"0102,0104,0106,0107,0113,0114,0132,0133,0134,0135,0136,0137,0140,0143,0144,0145,0147,0148,0150,0151,0163,0165,0167,0168,0170,0171,0172,0173,0174,0175,0176,0177,0178,0179,0180,0182,0201,0202,0204,0205,0206,0207,0208,0209,0210,0211,0212,0213,0214,0215,0216,0217,0218,0219,0221,0222,0223,0224,0225,0226,0227,0228,0229,0230,0231,0232,0234,0235,0236,0237,0238,0239"
657101,Grower's Club Malbec,Origin Global Distribution,79.0,750 ml,Lättare glasflaska,Mjukt & Bärigt,Sydafrika,Malbec,Fast sortiment,63,"0102,0104,0106,0107,0113,0114,0132,0133,0134,0135,0136,0138,0140,0143,0144,0145,0147,0150,0151,0165,0167,0168,0170,0171,0172,0173,0174,0175,0176,0177,0178,0179,0180,0182,0201,0202,0204,0206,0208,0209,0210,0211,0212,0213,0214,0215,0216,0217,0218,0219,0220,0222,0223,0225,0226,0227,0228,0229,0230,0232,0236,0237,0238"
232202,il Conte Montepulciano d'Abruzzo,Nordic Sea Winery,54.0,375 ml,Lättare glasflaska,Fruktigt & Smakrikt,Italien,Montepulciano,Fast sortiment,69,"0102,0104,0106,0107,0113,0114,0132,0133,0134,0135,0136,0140,0144,0145,0147,0148,0150,0151,0163,0165,0167,0168,0170,0171,0172,0173,0174,0175,0176,0177,0178,0179,0180,0182,0201,0202,0204,0205,0206,0208,0209,0210,0211,0212,0213,0214,0215,0216,0217,0218,0219,0221,0222,0223,0224,0225,0226,0227,0228,0229,0230,0231,0232,0234,0235,0236,0237,0238,0239"
7542301,Pietra d' Elsa Toscana Sangiovese,Vinimundi AB,99.0,1000 ml,Lättare glasflaska,Kryddigt & Mustigt,Italien,Sangiovese,Fast sortiment,67,"0102,0104,0106,0107,0113,0114,0132,0133,0134,0135,0136,0140,0144,0145,0147,0148,0150,0151,0165,0167,0168,0170,0171,0172,0173,0174,0175,0176,0177,0178,0179,0180,0182,0201,0202,0204,0205,0206,0208,0209,0210,0211,0212,0213,0214,0215,0216,0217,0218,0219,0221,0222,0223,0225,0226,0227,0228,0229,0230,0231,0232,0234,0235,0236,0237,0238,0239"
1210304,JP Chenet Colombard Sauvignon,Les Grands Chais de France,39.0,250 ml,Lättare glasflaska,Friskt & Fruktigt,Frankrike,"Colombard, Sauvignon blanc",Fast sortiment,68,"0102,0104,0106,0107,0113,0114,0132,0133,0134,0135,0136,0140,0144,0145,0147,0148,0150,0151,0163,0165,0167,0168,0171,0172,0173,0174,0176,0177,0178,0179,0180,0182,0201,0202,0204,0205,0206,0207,0208,0209,0210,0211,0212,0213,0214,0215,0216,0217,0218,0219,0221,0222,0223,0224,0225,0226,0227,0228,0229,0230,0231,0232,0234,0235,0236,0237,0238,0239"
768401,Pata Negra Brut,Jaume Serra,89.0,750 ml,Glasflaska,Torrt vitt,Spanien,"Macabeo, Parellada, Xarel-lo",Fast sortiment,73,"0102,0104,0106,0107,0113,0114,0132,0133,0134,0135,0136,0137,0138,0140,0143,0144,0145,0147,0148,0150,0151,0163,0165,0167,0168,0170,0171,0172,0173,0174,0175,0176,0177,0178,0179,0180,0182,0201,0202,0204,0205,0206,0207,0208,0209,0210,0211,0212,0213,0214,0215,0216,0217,0218,0219,0221,0222,0223,0224,0225,0226,0227,0228,0229,0230,0231,0232,0234,0235,0236,0237,0238,0239"
352801,Three Finger Jack Cabernet Sauvignon,3 Finger Jack Cellars,159.0,750 ml,Glasflaska,Fruktigt & Smakrikt,USA,"Cabernet sauvignon, Malbec, Merlot, Petite sirah",Fast sortiment,73,"0102,0104,0106,0107,0110,0113,0114,0132,0133,0134,0135,0136,0137,0140,0143,0144,0145,0147,0148,0150,0151,0163,0165,0167,0168,0170,0171,0172,0173,0174,0175,0176,0177,0178,0179,0180,0182,0201,0202,0204,0205,0206,0207,0208,0209,0210,0211,0212,0213,0214,0215,0216,0217,0218,0219,0220,0221,0222,0223,0224,0225,0226,0228,0229,0230,0231,0232,0234,0235,0236,0237,0238,0239"
5026001,Hola MZ Cava by Måns Zelmerlöw,Barcelona Brands S.L,109.0,750 ml,Glasflaska,Torrt vitt,Spanien,"Macabeo, Parellada, Xarel-lo",Fast sortiment,72,"0102,0104,0106,0107,0113,0114,0132,0133,0134,0135,0136,0137,0138,0140,0143,0144,0145,0147,0150,0151,0163,0165,0167,0168,0170,0171,0172,0173,0174,0175,0176,0177,0178,0179,0180,0182,0201,0202,0204,0205,0206,0207,0208,0209,0210,0211,0212,0213,0214,0215,0216,0217,0218,0219,0221,0222,0223,0224,0225,0226,0227,0228,0229,0230,0231,0232,0234,0235,0236,0237,0238,0239"
259001,M de Minuty Rosé,Château Minuty,179.0,750 ml,Glasflaska,Friskt & Bärigt,Frankrike,"Grenache, Syrah, Cinsault, Tibouren",Fast sortiment,74,"0102,0104,0106,0107,0110,0113,0114,0132,0133,0134,0135,0136,0137,0138,0140,0143,0144,0145,0147,0148,0150,0151,0163,0165,0167,0168,0170,0171,0172,0173,0174,0175,0176,0177,0178,0179,0180,0182,0201,0202,0204,0205,0206,0207,0208,0209,0210,0211,0212,0213,0214,0215,0216,0217,0218,0219,0220,0221,0222,0223,0224,0225,0226,0228,0229,0230,0231,0232,0234,0235,0236,0237,0238,0239"
2006234,Le Rosé Domaine de la Bargemone,Cave de la Bargemone,59.0,250 ml,Burk,Friskt & Bärigt,Frankrike,,Fast sortiment,70,"0102,0104,0106,0107,0110,0113,0114,0132,0133,0134,0135,0136,0137,0138,0140,0143,0144,0145,0147,0150,0151,0163,0165,0167,0168,0170,0171,0172,0173,0174,0175,0176,0177,0178,0179,0180,0182,0201,0202,0204,0206,0207,0208,0209,0210,0211,0212,0213,0214,0215,0216,0217,0218,0219,0220,0221,0222,0224,0225,0226,0227,0228,0229,0230,0231,0232,0234,0237,0238,0239"
7882201,Zingled out Zinfandel,Oenoforos,104.0,1000 ml,Lättare glasflaska,Fruktigt & Smakrikt,Italien,,Fast sortiment,63,"0102,0104,0106,0107,0113,0114,0134,0135,0136,0140,0145,0147,0148,0150,0151,0165,0167,0168,0170,0171,0172,0173,0174,0175,0176,0177,0178,0179,0180,0182,0201,0202,0205,0206,0208,0209,0210,0211,0212,0213,0214,0215,0216,0217,0218,0219,0221,0222,0223,0225,0226,0227,0228,0229,0230,0231,0232,0234,0235,0236,0237,0238,0239"
7737201,Bourgogne Chardonnay Labouré-Roi,Labouré-Roi,139.0,750 ml,Lättare glasflaska,Friskt & Fruktigt,Frankrike,Chardonnay,Fast sortiment,75,"0102,0104,0106,0107,0110,0113,0114,0132,0133,0134,0135,0136,0137,0138,0140,0143,0144,0145,0147,0148,0150,0151,0163,0165,0167,0168,0170,0171,0172,0173,0174,0175,0176,0177,0178,0179,0180,0182,0201,0202,0204,0205,0206,0207,0208,0209,0210,0211,0212,0213,0214,0215,0216,0217,0218,0219,0220,0221,0222,0223,0224,0225,0226,0227,0228,0229,0230,0231,0232,0234,0235,0236,0237,0238,0239"
7656001,Barolo Giacosa Fratelli,Giacosa Fratelli,219.0,750 ml,Lättare glasflaska,Stramt & Nyanserat,Italien,Nebbiolo,Fast sortiment,74,"0102,0104,0106,0107,0110,0113,0114,0132,0133,0134,0135,0136,0137,0138,0140,0143,0144,0145,0147,0148,0150,0151,0163,0165,0167,0168,0170,0171,0172,0173,0174,0175,0176,0177,0178,0179,0180,0182,0201,0202,0204,0205,0206,0207,0208,0209,0210,0211,0212,0213,0214,0215,0216,0217,0218,0219,0220,0221,0222,0223,0224,0225,0226,0228,0229,0230,0231,0232,0234,0235,0236,0237,0238,0239"
789701,Mia Sparkling Moscato,Freixenet,92.0,750 ml,Glasflaska,Sött,Spanien,Muscat,Fast sortiment,59,"0102,0104,0106,0107,0113,0114,0134,0135,0136,0140,0145,0147,0148,0150,0151,0165,0167,0168,0171,0172,0173,0174,0176,0177,0178,0179,0180,0182,0201,0202,0205,0206,0208,0209,0210,0211,0212,0213,0214,0215,0216,0217,0218,0219,0222,0223,0225,0226,0227,0228,0229,0230,0232,0234,0235,0236,0237,0238,0239"
219434,WG Wine Gourmet Sparkling Grüner Veltliner,HEBA Food & Beverages AB,37.0,200 ml,Burk,Torrt vitt,Österrike,Grüner veltliner,Fast sortiment,70,"0102,0104,0106,0107,0113,0114,0132,0133,0134,0135,0136,0137,0140,0143,0144,0145,0147,0148,0150,0151,0163,0165,0167,0168,0170,0171,0172,0173,0174,0175,0176,0177,0178,0179,0180,0182,0201,0202,0204,0205,0206,0207,0208,0209,0210,0211,0212,0213,0214,0215,0216,0217,0218,0219,0221,0222,0223,0224,0225,0226,0228,0229,0230,0231,0232,0234,0235,0236,0237,0238"
5053401,Crémant de Loire Blanc de Blancs Brut Cuvée Celeste,Fields Wine Company AB,119.0,750 ml,Glasflaska,Torrt vitt,Frankrike,,Fast sortiment,74,"0102,0104,0106,0107,0110,0113,0114,0132,0133,0134,0135,0136,0137,0138,0140,0143,0144,0145,0147,0148,0150,0151,0163,0165,0167,0168,0170,0171,0172,0173,0174,0175,0176,0177,0178,0179,0180,0182,0201,0202,0204,0205,0206,0207,0208,0209,0210,0211,0212,0213,0214,0215,0216,0217,0218,0219,0220,0221,0222,0223,0224,0225,0226,0228,0229,0230,0231,0232,0234,0235,0236,0237,0238,0239"
7297701,Famiglia Grillo Organic,Famiglia Grillo,109.0,750 ml,Lättare glasflaska,Kryddigt & Mustigt,Italien,"Merlot, Sangiovese",Fast sortiment,69,"0102,0104,0106,0107,0113,0114,0132,0133,0134,0135,0136,0137,0140,0144,0145,0147,0148,0150,0151,0165,0167,0168,0170,0171,0172,0173,0174,0175,0176,0177,0178,0179,0180,0182,0201,0202,0204,0205,0206,0208,0209,0210,0211,0212,0213,0214,0215,0216,0217,0218,0219,0221,0222,0223,0224,0225,0226,0227,0228,0229,0230,0231,0232,0234,0235,0236,0237,0238,0239"
558501,Petit Chablis La Chablisienne,La Chablisienne,169.0,750 ml,Lättare glasflaska,Friskt & Fruktigt,Frankrike,Chardonnay,Fast sortiment,72,"0102,0104,0106,0107,0113,0114,0132,0133,0134,0135,0136,0137,0138,0140,0143,0144,0145,0147,0148,0150,0151,0163,0165,0167,0168,0170,0171,0172,0173,0174,0175,0176,0177,0178,0179,0180,0182,0201,0202,0204,0205,0206,0207,0208,0209,0210,0211,0212,0213,0214,0215,0216,0217,0218,0219,0220,0221,0222,0223,0224,0225,0226,0228,0229,0230,0231,0232,0234,0235,0236,0237,0238"
1252001,Dão Casal Mor,Caves Primavera,85.0,750 ml,Lättare glasflaska,Kryddigt & Mustigt,Portugal,"Jaen, Touriga naçional, Alfrocheiro preto",Fast sortiment,71,"0102,0104,0106,0107,0113,0114,0132,0133,0134,0135,0136,0137,0140,0143,0144,0145,0147,0148,0150,0151,0163,0165,0167,0168,0170,0171,0172,0173,0174,0175,0176,0177,0178,0179,0180,0182,0201,0202,0204,0205,0206,0207,0208,0209,0210,0211,0212,0213,0214,0215,0216,0217,0218,0219,0221,0222,0223,0224,0225,0226,0228,0229,0230,0231,0232,0234,0235,0236,0237,0238,0239"
7660201,Côtes du Rhône Reserve Blanc,Pellerin,99.0,750 ml,Lättare glasflaska,Druvigt & Blommigt,Frankrike,"Grenache blanc, Marsanne, Viognier, Roussanne",Fast sortiment,72,"0102,0104,0106,0107,0110,0113,0114,0132,0133,0134,0135,0136,0137,0140,0143,0144,0145,0147,0148,0150,0151,0163,0165,0167,0168,0170,0171,0172,0173,0174,0175,0176,0177,0178,0179,0180,0182,0201,0202,0204,0205,0206,0207,0208,0209,0210,0211,0212,0213,0214,0215,0216,0217,0218,0219,0221,0222,0223,0224,0225,0226,0228,0229,0230,0231,0232,0234,0235,0236,0237,0238,0239"
7823001,Coste di moro Lunaria Montepulciano d`Abruzzo,Soc Coop Ag Olearia Vinicola Orsogna,129.0,750 ml,Glasflaska,Fruktigt & Smakrikt,Italien,Montepulciano,Fast sortiment,64,"0102,0104,0106,0107,0113,0114,0132,0134,0135,0136,0140,0145,0147,0148,0150,0151,0163,0165,0167,0168,0170,0171,0172,0173,0174,0175,0176,0177,0178,0179,0180,0182,0201,0202,0204,0206,0208,0209,0210,0211,0212,0213,0214,0215,0216,0217,0218,0219,0221,0222,0223,0225,0226,0227,0228,0229,0230,0231,0232,0234,0236,0237,0238,0239"
5024701,Dominio Alto Crianza,Fields Wine Company AB,89.0,750 ml,Lättare glasflaska,Kryddigt & Mustigt,Spanien,"Garnacha, Mazuelo, Tempranillo",Fast sortiment,73,"0102,0104,0106,0107,0113,0114,0132,0133,0134,0135,0136,0137,0140,0143,0144,0145,0147,0148,0150,0151,0163,0165,0167,0168,0170,0171,0172,0173,0174,0175,0176,0177,0178,0179,0180,0182,0201,0202,0204,0205,0206,0207,0208,0209,0210,0211,0212,0213,0214,0215,0216,0217,0218,0219,0220,0221,0222,0223,0224,0225,0226,0227,0228,0229,0230,0231,0232,0234,0235,0236,0237,0238,0239"
212902,Dandelion Vineyards Lionheart of the Barossa Shiraz,Dandelion Vineyards,79.0,375 ml,Glasflaska,Fruktigt & Smakrikt,Australien,Shiraz,Fast sortiment,74,"0102,0104,0106,0107,0110,0113,0114,0132,0133,0134,0135,0136,0137,0138,0140,0143,0144,0145,0147,0148,0150,0151,0163,0165,0167,0168,0170,0171,0172,0173,0174,0175,0176,0177,0178,0179,0180,0182,0201,0202,0204,0205,0206,0207,0208,0209,0210,0211,0212,0213,0214,0215,0216,0217,0218,0219,0220,0221,0222,0223,0224,0225,0226,0228,0229,0230,0231,0232,0234,0235,0236,0237,0238,0239"
221101,Domaine du Vieux Lazaret Châteauneuf-du-Pape,Domaine du Vieux Lazaret,289.0,750 ml,Glasflaska,Kryddigt & Mustigt,Frankrike,"Cinsault, Counoise, Grenache, Mourvèdre, Syrah",Fast sortiment,69,"0102,0104,0106,0107,0110,0113,0114,0132,0133,0134,0135,0136,0137,0140,0144,0145,0147,0148,0150,0151,0165,0167,0168,0170,0171,0172,0173,0174,0175,0176,0177,0178,0179,0180,0182,0201,0202,0204,0205,0206,0207,0208,0209,0210,0211,0212,0213,0214,0215,0216,0217,0218,0219,0221,0222,0223,0224,0225,0226,0228,0229,0230,0231,0232,0234,0235,0236,0237,0238"
7896701,Brochet Réserve Sauvignon Blanc,Ampelidae,129.0,750 ml,Glasflaska,Friskt & Fruktigt,Frankrike,Sauvignon blanc,Fast sortiment,72,"0102,0104,0106,0107,0110,0113,0114,0132,0133,0134,0135,0136,0137,0140,0143,0144,0145,0147,0148,0150,0151,0163,0165,0167,0168,0170,0171,0172,0173,0174,0175,0176,0177,0178,0179,0180,0182,0201,0202,0204,0205,0206,0207,0208,0209,0210,0211,0212,0213,0214,0215,0216,0217,0218,0219,0221,0222,0223,0224,0225,0226,0228,0229,0230,0231,0232,0234,0235,0236,0237,0238,0239"
7843501,Montelciego Crianza,Bodegas Montelciego,99.0,750 ml,Lättare glasflaska,Kryddigt & Mustigt,Spanien,Tempranillo,Fast sortiment,71,"0102,0104,0106,0107,0113,0114,0132,0133,0134,0135,0136,0137,0140,0143,0144,0145,0147,0148,0150,0151,0163,0165,0167,0168,0170,0171,0172,0173,0174,0175,0176,0177,0178,0179,0180,0182,0201,0202,0204,0205,0206,0207,0208,0209,0210,0211,0212,0213,0214,0215,0216,0217,0218,0219,0221,0222,0223,0224,0225,0226,0228,0229,0230,0231,0232,0234,0235,0236,0237,0238,0239"
1234301,Amarone A Alpha Zeta,Alpha Zeta,229.0,750 ml,Glasflaska,Kryddigt & Mustigt,Italien,"Corvina veronese, Rondinella, Corvinone",Fast sortiment,71,"0102,0104,0106,0107,0113,0114,0132,0133,0134,0135,0136,0137,0140,0143,0144,0145,0147,0148,0150,0151,0163,0165,0167,0168,0170,0171,0172,0173,0174,0175,0176,0177,0178,0179,0180,0182,0201,0202,0204,0205,0206,0207,0208,0209,0210,0211,0212,0213,0214,0215,0216,0217,0218,0219,0220,0221,0222,0223,0224,0225,0226,0227,0228,0229,0230,0231,0232,0234,0236,0237,0238"
1236601,Capitel de'Roari Amarone,Luigi Righetti,225.0,750 ml,Glasflaska,Kryddigt & Mustigt,Italien,,Fast sortiment,70,"0102,0104,0106,0107,0113,0114,0132,0133,0134,0135,0136,0137,0140,0144,0145,0147,0148,0150,0151,0163,0165,0167,0168,0170,0171,0172,0173,0174,0175,0176,0177,0178,0179,0180,0182,0201,0202,0204,0205,0206,0207,0208,0209,0210,0211,0212,0213,0214,0215,0216,0217,0218,0219,0221,0222,0223,0224,0225,0226,0228,0229,0230,0231,0232,0234,0235,0236,0237,0238,0239"
7882301,This is The Bitch Blanc de Blancs Brut,Enjoy Wine & Spirits,89.0,750 ml,Glasflaska,Torrt vitt,Tyskland,,Fast sortiment,60,"0102,0104,0113,0114,0132,0134,0135,0136,0137,0140,0143,0145,0147,0151,0163,0165,0167,0168,0170,0171,0172,0173,0174,0175,0176,0177,0178,0179,0180,0201,0202,0206,0208,0209,0210,0211,0212,0213,0214,0215,0216,0217,0218,0219,0221,0222,0225,0226,0227,0228,0229,0230,0231,0232,0234,0235,0236,0237,0238,0239"
581001,Kloster Eberbach Riesling Kabinett,Kloster Eberbach,139.0,750 ml,Lättare glasflaska,Friskt & Fruktigt,Tyskland,Riesling,Fast sortiment,64,"0102,0104,0106,0107,0113,0114,0132,0133,0134,0135,0136,0137,0140,0144,0145,0147,0148,0150,0151,0165,0167,0168,0170,0171,0172,0173,0174,0175,0176,0177,0178,0179,0180,0182,0201,0202,0204,0206,0208,0209,0210,0211,0212,0213,0214,0215,0216,0217,0218,0219,0220,0221,0222,0223,0225,0226,0228,0229,0230,0231,0232,0234,0237,0238"
7661001,François Martenot Petit Chablis Les Ammonites,Francois Martenot,159.0,750 ml,Glasflaska,Friskt & Fruktigt,Frankrike,Chardonnay,Fast sortiment,46,"0102,0104,0107,0114,0134,0135,0140,0148,0150,0151,0168,0171,0174,0176,0177,0178,0179,0182,0202,0205,0206,0208,0209,0210,0211,0212,0213,0214,0215,0217,0218,0219,0222,0223,0225,0226,0227,0228,0229,0232,0234,0235,0236,0237,0238,0239"
742201,Taittinger Brut Réserve,Taittinger,549.0,750 ml,Glasflaska,Torrt vitt,Frankrike,"Pinot noir, Chardonnay, Pinot meunier",Fast sortiment,74,"0102,0104,0106,0107,0110,0113,0114,0132,0133,0134,0135,0136,0137,0138,0140,0143,0144,0145,0147,0148,0150,0151,0163,0165,0167,0168,0170,0171,0172,0173,0174,0175,0176,0177,0178,0179,0180,0182,0201,0202,0204,0205,0206,0207,0208,0209,0210,0211,0212,0213,0214,0215,0216,0217,0218,0219,0220,0221,0222,0223,0224,0225,0226,0228,0229,0230,0231,0232,0234,0235,0236,0237,0238,0239"
751801,Moët & Chandon Brut Impérial,Moët & Chandon,559.0,750 ml,Glasflaska,Torrt vitt,Frankrike,,Fast sortiment,72,"0102,0104,0106,0107,0110,0113,0114,0132,0133,0134,0135,0136,0137,0138,0140,0143,0144,0145,0147,0148,0150,0151,0163,0165,0167,0168,0170,0171,0172,0173,0174,0175,0176,0177,0178,0179,0180,0182,0201,0202,0204,0205,0206,0207,0208,0209,0210,0211,0212,0213,0214,0215,0216,0217,0218,0219,0221,0222,0223,0224,0225,0226,0228,0229,0230,0231,0232,0234,0235,0236,0237,0238"
563702,Chablis Le Beaunois Labouré-Roi,Labouré-Roi,99.0,375 ml,Glasflaska,Friskt & Fruktigt,Frankrike,Chardonnay,Fast sortiment,73,"0102,0104,0106,0107,0110,0113,0114,0132,0133,0134,0135,0136,0137,0138,0140,0143,0144,0145,0147,0148,0150,0151,0163,0165,0167,0168,0170,0171,0172,0173,0174,0175,0176,0177,0178,0179,0180,0182,0201,0202,0204,0205,0206,0207,0208,0209,0210,0211,0212,0213,0214,0215,0216,0217,0218,0219,0220,0221,0222,0223,0224,0225,0226,0228,0229,0230,0231,0232,0234,0235,0236,0237,0238"
541101,Mezzacorona Pinot Nero,Nosio,99.0,750 ml,Lättare glasflaska,Mjukt & Bärigt,Italien,Pinot noir,Fast sortiment,71,"0102,0104,0106,0107,0110,0113,0114,0132,0133,0134,0135,0136,0137,0140,0143,0144,0145,0147,0148,0150,0151,0163,0165,0167,0168,0170,0171,0172,0173,0174,0175,0176,0177,0178,0179,0180,0182,0201,0202,0204,0205,0206,0207,0208,0209,0210,0211,0212,0213,0214,0215,0216,0217,0218,0219,0221,0222,0223,0224,0225,0226,0228,0229,0230,0231,0232,0234,0235,0236,0237,0238"
7423401,Bergh Grüner Veltliner Organic,Icon Wines,109.0,750 ml,Lättare glasflaska,Friskt & Fruktigt,Österrike,Grüner veltliner,Fast sortiment,69,"0102,0104,0106,0107,0110,0113,0114,0132,0133,0134,0135,0136,0137,0140,0143,0144,0145,0147,0148,0150,0151,0163,0165,0167,0168,0170,0171,0172,0173,0174,0175,0176,0177,0178,0179,0180,0182,0201,0202,0204,0206,0207,0208,0209,0210,0211,0212,0213,0214,0215,0216,0217,0218,0219,0220,0221,0222,0223,0224,0225,0226,0228,0229,0230,0231,0232,0234,0237,0238"
5207701,Nicolas Brobergière Brut,Urban Wines,269.0,750 ml,Glasflaska,Torrt vitt,Frankrike,"Chardonnay, Pinot meunier, Pinot noir",Fast sortiment,73,"0102,0104,0106,0107,0110,0113,0114,0132,0133,0134,0135,0136,0137,0138,0140,0143,0144,0145,0147,0148,0150,0151,0163,0165,0167,0168,0170,0171,0172,0173,0174,0175,0176,0177,0178,0179,0180,0182,0201,0202,0204,0205,0206,0207,0208,0209,0210,0211,0212,0213,0214,0215,0216,0217,0218,0219,0220,0221,0222,0223,0224,0225,0226,0228,0229,0230,0231,0232,0234,0235,0236,0237,0238"
211901,Turckheim Pinot Gris Réserve,Cave de Turckheim,119.0,750 ml,Lättare glasflaska,Druvigt & Blommigt,Frankrike,Pinot gris,Fast sortiment,70,"0102,0104,0106,0107,0113,0114,0132,0133,0134,0135,0136,0137,0140,0143,0144,0145,0147,0148,0150,0151,0163,0165,0167,0168,0170,0171,0172,0173,0174,0175,0176,0177,0178,0179,0180,0182,0201,0202,0204,0205,0206,0207,0208,0209,0210,0211,0212,0213,0214,0215,0216,0217,0218,0219,0221,0222,0223,0224,0225,0226,0228,0229,0230,0231,0232,0234,0235,0236,0237,0238"
395801,Château de Seguin,Château de Seguin,119.0,750 ml,Lättare glasflaska,Fruktigt & Smakrikt,Frankrike,"Merlot, Cabernet sauvignon",Fast sortiment,70,"0102,0104,0106,0107,0113,0114,0132,0133,0134,0135,0136,0137,0138,0140,0143,0144,0145,0147,0148,0150,0151,0163,0165,0167,0168,0170,0171,0172,0173,0174,0175,0176,0177,0178,0179,0180,0182,0201,0202,0204,0205,0206,0207,0208,0209,0210,0211,0212,0213,0214,0215,0216,0217,0218,0219,0221,0222,0223,0224,0225,0226,0227,0228,0229,0230,0231,0232,0235,0237,0238"
2014601,Maison Petit Perle Blanc,Les Chais du Plan Carré,109.0,750 ml,Lättare glasflaska,Fylligt & Smakrikt,Frankrike,"Grenache blanc, Sauvignon blanc, Viognier",Fast sortiment,61,"0102,0104,0106,0107,0113,0114,0132,0133,0134,0135,0136,0140,0145,0147,0148,0150,0151,0165,0167,0168,0170,0171,0172,0173,0174,0175,0176,0177,0178,0179,0180,0182,0201,0202,0205,0206,0208,0209,0210,0211,0212,0213,0214,0215,0216,0217,0218,0219,0222,0223,0225,0226,0228,0229,0230,0232,0234,0235,0236,0237,0238"
2006714,Fiuza Castelão,Fiuza & Bright,39.0,250 ml,Burk,Fruktigt & Smakrikt,Portugal,Castelão,Fast sortiment,54,"0102,0104,0106,0107,0110,0114,0134,0135,0136,0137,0140,0145,0147,0148,0151,0165,0170,0171,0173,0175,0176,0177,0178,0180,0182,0202,0204,0205,0206,0207,0208,0209,0210,0212,0213,0214,0215,0217,0218,0219,0222,0223,0225,0226,0227,0228,0229,0230,0232,0234,0235,0237,0238,0239"
600301,Gustav Riesling Trocken,Gustav Adolf Schmitt,79.0,750 ml,Lättare glasflaska,Friskt & Fruktigt,Tyskland,Riesling,Fast sortiment,67,"0102,0104,0106,0107,0113,0114,0132,0133,0134,0135,0136,0137,0140,0144,0145,0147,0148,0150,0151,0165,0167,0168,0170,0171,0172,0173,0174,0175,0176,0177,0178,0179,0180,0182,0201,0202,0204,0205,0206,0208,0209,0210,0211,0212,0213,0214,0215,0216,0217,0218,0219,0221,0222,0223,0224,0225,0226,0228,0229,0230,0231,0232,0234,0235,0236,0237,0238"
5742801,Ruppertsberger Von Wallberg Riesling Trocken,Ruppertsberger Weinkeller Hoheburg eG,129.0,750 ml,Glasflaska,Friskt & Fruktigt,Tyskland,Riesling,Fast sortiment,70,"0102,0104,0106,0107,0110,0113,0114,0132,0133,0134,0135,0136,0137,0140,0143,0144,0145,0147,0148,0150,0151,0163,0165,0167,0168,0170,0171,0172,0173,0174,0175,0176,0177,0178,0179,0180,0182,0201,0202,0204,0205,0206,0207,0208,0209,0210,0211,0212,0213,0214,0215,0216,0217,0218,0219,0221,0222,0223,0224,0225,0226,0228,0230,0231,0232,0234,0235,0236,0237,0238"
524401,Gustave Lorentz Gewurztraminer Réserve,Gustave Lorentz,129.0,750 ml,Glasflaska,Druvigt & Blommigt,Frankrike,Gewürztraminer,Fast sortiment,66,"0102,0106,0107,0113,0114,0132,0133,0134,0135,0136,0137,0140,0143,0144,0145,0147,0148,0150,0151,0165,0167,0168,0170,0171,0172,0173,0174,0175,0176,0177,0178,0179,0180,0182,0201,0202,0204,0205,0206,0208,0209,0210,0211,0212,0213,0214,0215,0216,0217,0218,0219,0221,0222,0223,0224,0225,0226,0228,0229,0230,0231,0232,0234,0235,0236,0238"
2266202,Faustino VII,Faustino Martínez,59.0,375 ml,Lättare glasflaska,Kryddigt & Mustigt,Spanien,"Tempranillo, Mazuelo",Fast sortiment,61,"0102,0104,0106,0107,0113,0114,0134,0135,0136,0140,0145,0147,0148,0150,0151,0165,0167,0168,0170,0171,0172,0173,0174,0175,0176,0177,0178,0179,0180,0201,0202,0205,0206,0208,0209,0210,0211,0212,0213,0214,0215,0216,0217,0218,0219,0221,0222,0223,0225,0226,0228,0229,0230,0231,0232,0234,0235,0236,0237,0238,0239"
290102,Château Dereszla Tokaji Aszù 5 Puttonyos,Château Dereszla,229.0,500 ml,Glasflaska,Sött,Ungern,,Fast sortiment,72,"0102,0104,0106,0107,0110,0113,0114,0132,0133,0134,0135,0136,0137,0140,0143,0144,0145,0147,0148,0150,0151,0163,0165,0167,0168,0170,0171,0172,0173,0174,0175,0176,0177,0178,0179,0180,0182,0201,0202,0204,0205,0206,0207,0208,0209,0210,0211,0212,0213,0214,0215,0216,0217,0218,0219,0220,0221,0222,0223,0224,0225,0226,0228,0229,0230,0231,0232,0234,0235,0236,0237,0238"
768806,Louis Bouillot Crémant de Bourgogne Brut,Louis Bouillot,349.0,1500 ml,Glasflaska,Torrt vitt,Frankrike,"Pinot noir, Chardonnay, Aligoté, Gamay",Fast sortiment,72,"0102,0104,0106,0107,0110,0113,0114,0132,0133,0134,0135,0136,0137,0140,0143,0144,0145,0147,0148,0150,0151,0163,0165,0167,0168,0170,0171,0172,0173,0174,0175,0176,0177,0178,0179,0180,0182,0201,0202,0204,0205,0206,0207,0208,0209,0210,0211,0212,0213,0214,0215,0216,0217,0218,0219,0220,0221,0222,0223,0224,0225,0226,0228,0229,0230,0231,0232,0234,0235,0236,0237,0238"
7045101,François Martenot Crémant de Bourgogne Brut,Francois Martenot,139.0,750 ml,Glasflaska,Torrt vitt,Frankrike,"Chardonnay, Gamay, Pinot noir, Aligoté",Fast sortiment,72,"0102,0104,0106,0107,0110,0113,0114,0132,0133,0134,0135,0136,0137,0138,0140,0143,0144,0145,0147,0148,0150,0151,0163,0165,0167,0168,0170,0171,0172,0173,0174,0175,0176,0177,0178,0179,0180,0182,0201,0202,0204,0205,0206,0207,0208,0209,0210,0211,0212,0213,0214,0215,0216,0217,0218,0219,0220,0221,0222,0223,0224,0225,0226,0228,0229,0230,0231,0232,0234,0237,0238,0239"
266001,Leva Cabernet Shiraz Rosé,Sortoizpitvane Sungurlare,89.0,750 ml,Lättare glasflaska,Fruktigt & Smakrikt,Bulgarien,"Cabernet sauvignon, Shiraz",Fast sortiment,60,"0102,0104,0106,0107,0113,0114,0133,0134,0135,0136,0140,0145,0147,0148,0150,0151,0165,0167,0168,0170,0171,0172,0173,0174,0175,0176,0177,0178,0179,0180,0182,0201,0202,0206,0208,0209,0210,0211,0212,0213,0214,0215,0216,0217,0218,0219,0221,0222,0223,0225,0226,0228,0229,0230,0231,0232,0234,0235,0237,0238"
7244201,ChateauBriand Grand Réserve,Carovin AB,149.0,750 ml,Glasflaska,Stramt & Nyanserat,Frankrike,,Fast sortiment,71,"0102,0104,0106,0107,0110,0113,0114,0132,0133,0134,0135,0136,0137,0140,0143,0144,0145,0147,0148,0150,0151,0163,0165,0167,0168,0170,0171,0172,0173,0174,0175,0176,0177,0178,0179,0180,0182,0201,0202,0204,0205,0206,0207,0208,0209,0210,0211,0212,0213,0214,0215,0216,0217,0218,0219,0221,0222,0223,0224,0225,0226,0228,0229,0230,0231,0232,0234,0235,0236,0237,0238"
754906,Pol Roger Brut Réserve,Pol Roger,1229.0,1500 ml,Glasflaska,Torrt vitt,Frankrike,"Chardonnay, Pinot meunier, Pinot noir",Fast sortiment,73,"0102,0104,0106,0107,0110,0113,0114,0132,0133,0134,0135,0136,0137,0138,0140,0143,0144,0145,0147,0148,0150,0151,0163,0165,0167,0168,0170,0171,0172,0173,0174,0175,0176,0177,0178,0179,0180,0182,0201,0202,0204,0205,0206,0207,0208,0209,0210,0211,0212,0213,0214,0215,0216,0217,0218,0219,0220,0221,0222,0223,0224,0225,0226,0228,0229,0230,0231,0232,0234,0235,0236,0237,0238"
408702,Château Menota,Chateau Menota,129.0,375 ml,Glasflaska,Sött,Frankrike,,Fast sortiment,69,"0102,0104,0106,0107,0113,0114,0132,0133,0134,0135,0136,0137,0140,0143,0144,0145,0147,0148,0150,0151,0163,0165,0167,0168,0171,0172,0173,0174,0176,0177,0178,0179,0180,0182,0201,0202,0204,0205,0206,0207,0208,0209,0210,0211,0212,0213,0214,0215,0216,0217,0218,0219,0220,0221,0222,0223,0224,0225,0226,0228,0229,0230,0231,0232,0234,0235,0236,0237,0238"
250101,El Esteco Malbec,El Esteco,159.0,750 ml,Glasflaska,Fruktigt & Smakrikt,Argentina,Malbec,Fast sortiment,71,"0102,0104,0106,0107,0110,0113,0114,0132,0133,0134,0135,0136,0137,0140,0143,0144,0145,0147,0148,0150,0151,0163,0165,0167,0168,0170,0171,0172,0173,0174,0176,0177,0178,0179,0180,0182,0201,0202,0204,0205,0206,0207,0208,0209,0210,0211,0212,0213,0214,0215,0216,0217,0218,0219,0220,0221,0222,0223,0224,0225,0226,0228,0229,0230,0231,0232,0234,0235,0236,0237,0238"
811902,Ruffino Vinsanto Serelle,Ruffino,199.0,375 ml,Glasflaska,Sött,Italien,,Fast sortiment,70,"0102,0104,0106,0107,0113,0114,0132,0133,0134,0135,0136,0137,0140,0143,0144,0145,0147,0150,0151,0163,0165,0167,0168,0170,0171,0172,0173,0174,0175,0176,0177,0178,0179,0180,0182,0201,0202,0204,0205,0206,0207,0208,0209,0210,0211,0212,0213,0214,0215,0216,0217,0218,0219,0220,0221,0222,0223,0224,0225,0226,0228,0229,0230,0231,0232,0234,0235,0236,0237,0238"
130201,G.D. Vajra Organic Langhe Nebbiolo,G.D. Vajra,199.0,750 ml,Lättare glasflaska,Fruktigt & Smakrikt,Italien,Nebbiolo,Fast sortiment,72,"0102,0104,0106,0107,0110,0113,0114,0132,0133,0134,0135,0136,0137,0138,0140,0143,0144,0145,0147,0148,0150,0151,0163,0165,0167,0168,0170,0171,0172,0173,0174,0175,0176,0177,0178,0179,0180,0182,0201,0202,0204,0205,0206,0207,0208,0209,0210,0211,0212,0213,0214,0215,0216,0217,0218,0219,0221,0222,0223,0224,0225,0226,0228,0229,0230,0231,0232,0234,0235,0236,0237,0238"
694202,Rawson's Retreat Shiraz Cabernet,Rawson's Retreat,59.0,375 ml,Glasflaska,Fruktigt & Smakrikt,Australien,"Cabernet sauvignon, Shiraz",Fast sortiment,70,"0102,0104,0106,0107,0113,0114,0132,0133,0134,0135,0136,0137,0140,0143,0144,0145,0147,0148,0150,0151,0163,0165,0167,0168,0170,0171,0172,0173,0174,0175,0176,0177,0178,0179,0180,0182,0201,0202,0204,0205,0206,0207,0208,0209,0210,0211,0212,0213,0214,0215,0216,0217,0218,0219,0221,0222,0223,0224,0225,0226,0228,0229,0230,0231,0232,0234,0235,0236,0237,0238"
7895101,Maison Blanche Sauvignon Blanc Chardonnay,Jean Biecher,99.0,750 ml,Lättare glasflaska,Friskt & Fruktigt,Frankrike,"Chardonnay, Sauvignon blanc",Fast sortiment,61,"0102,0104,0106,0107,0113,0114,0132,0133,0134,0135,0136,0137,0140,0145,0147,0150,0151,0165,0167,0168,0170,0171,0172,0173,0174,0175,0176,0177,0178,0179,0180,0182,0201,0202,0205,0206,0208,0209,0210,0211,0212,0213,0214,0215,0216,0217,0218,0219,0221,0222,0225,0226,0228,0229,0230,0231,0232,0234,0235,0237,0238"
281415,Camp Sparkling,Maison Idiart,41.0,200 ml,Burk,Torrt vitt,Frankrike,,Fast sortiment,49,"0102,0107,0113,0132,0133,0134,0135,0136,0137,0138,0140,0143,0145,0147,0150,0151,0163,0165,0167,0168,0171,0175,0177,0179,0180,0182,0204,0205,0207,0208,0209,0213,0215,0216,0218,0219,0220,0221,0222,0223,0224,0226,0227,0228,0229,0231,0234,0236,0237"
270501,Brolio,Ricasoli,149.0,750 ml,Lättare glasflaska,Kryddigt & Mustigt,Italien,"Sangiovese, Colorino",Fast sortiment,65,"0102,0104,0106,0107,0110,0113,0114,0132,0133,0134,0135,0136,0137,0138,0140,0143,0144,0145,0147,0150,0151,0163,0165,0167,0168,0170,0171,0172,0173,0174,0175,0176,0177,0178,0179,0180,0182,0201,0202,0204,0206,0207,0209,0210,0211,0212,0213,0214,0215,0216,0217,0218,0221,0222,0224,0225,0226,0228,0229,0230,0231,0232,0236,0237,0238"
279104,Crudo Organic Sparkling Wine,Societa’ Agricola F.LLI Corvezzo S.R.L,38.0,200 ml,Burk,Torrt vitt,Italien,Glera,Fast sortiment,59,"0102,0104,0106,0107,0113,0114,0134,0135,0136,0140,0145,0147,0148,0150,0151,0165,0167,0168,0171,0172,0173,0174,0176,0177,0178,0179,0180,0182,0201,0202,0205,0206,0208,0209,0210,0211,0212,0213,0215,0216,0217,0218,0219,0220,0221,0222,0223,0225,0226,0228,0229,0230,0231,0232,0234,0235,0236,0237,0238"
546401,Sander Silvaner,Weingut Sander,109.0,750 ml,Lättare glasflaska,Friskt & Fruktigt,Tyskland,Silvaner,Fast sortiment,64,"0102,0104,0106,0107,0113,0114,0132,0133,0134,0135,0136,0137,0140,0143,0144,0145,0147,0150,0151,0163,0165,0167,0168,0170,0171,0172,0173,0174,0175,0176,0177,0178,0179,0180,0182,0201,0202,0204,0206,0207,0208,0209,0210,0211,0212,0213,0214,0215,0216,0217,0218,0219,0221,0222,0224,0225,0226,0228,0229,0230,0231,0232,0237,0238"
5524201,Heidsieck & Co Edition Jönköping Brut,Heidsieck & Co Monopole,329.0,750 ml,Glasflaska,Torrt vitt,Frankrike,,Fast sortiment,46,"0102,0104,0114,0133,0134,0135,0140,0148,0150,0151,0168,0171,0174,0175,0176,0177,0178,0182,0201,0205,0206,0208,0209,0210,0211,0212,0213,0214,0215,0217,0218,0219,0222,0223,0225,0226,0227,0228,0229,0232,0234,0235,0236,0237,0238,0239"
1200002,Saint Clair Vicar's Choice Sauvignon Blanc,Saint Clair Family Estate,69.0,375 ml,Glasflaska,Friskt & Fruktigt,Nya Zeeland,Sauvignon blanc,Fast sortiment,70,"0102,0106,0107,0113,0114,0132,0133,0134,0135,0136,0137,0140,0143,0144,0145,0147,0148,0150,0151,0163,0165,0167,0168,0170,0171,0172,0173,0174,0175,0176,0177,0178,0179,0180,0182,0201,0202,0204,0205,0206,0207,0208,0209,0210,0211,0212,0213,0214,0215,0216,0217,0218,0219,0220,0221,0222,0223,0224,0225,0226,0228,0229,0230,0231,0232,0234,0235,0236,0237,0238"
2015501,Dicey Dice Pinot Noir,Dicey Ltd,122.0,750 ml,Lättare glasflaska,Mjukt & Bärigt,Nya Zeeland,Pinot noir,Fast sortiment,62,"0102,0104,0106,0107,0110,0113,0114,0133,0134,0135,0136,0138,0145,0147,0148,0150,0151,0165,0167,0168,0170,0171,0172,0173,0174,0175,0176,0177,0178,0179,0180,0182,0201,0202,0205,0206,0208,0209,0210,0211,0212,0213,0214,0215,0216,0217,0218,0219,0222,0223,0224,0225,0226,0228,0229,0230,0232,0234,0235,0236,0237,0238"
279134,Crudo Organic Sparkling Wine,Societa’ Agricola F.LLI Corvezzo S.R.L,38.0,200 ml,Burk,Torrt vitt,Italien,Glera,Fast sortiment,59,"0102,0104,0106,0107,0113,0114,0134,0135,0136,0140,0145,0147,0148,0150,0151,0165,0167,0168,0171,0172,0173,0174,0176,0177,0178,0179,0180,0182,0201,0202,0205,0206,0208,0209,0210,0211,0212,0213,0214,0215,0216,0217,0218,0219,0221,0222,0223,0225,0226,0228,0229,0230,0231,0232,0234,0235,0236,0237,0238"
5962001,Hola MZ Rosé by Måns Zelmerlöw,Barcelona Brands S.L,99.0,750 ml,Lättare glasflaska,Friskt & Bärigt,Spanien,"Tempranillo, Garnacha, Syrah",Fast sortiment,54,"0102,0104,0106,0107,0113,0114,0132,0133,0134,0136,0140,0144,0145,0147,0148,0150,0151,0165,0167,0170,0171,0172,0173,0174,0175,0176,0178,0179,0180,0182,0201,0202,0204,0206,0208,0209,0211,0212,0213,0214,0215,0216,0219,0221,0224,0225,0227,0230,0231,0232,0234,0235,0237,0238"
229501,Blason de Bourgogne Mâcon-Villages Chardonnay,Vignerons des Grandes Vignes,129.0,750 ml,Lättare glasflaska,Friskt & Fruktigt,Frankrike,Chardonnay,Fast sortiment,66,"0102,0104,0106,0107,0113,0114,0132,0133,0134,0135,0136,0137,0138,0140,0143,0144,0145,0147,0150,0151,0163,0165,0167,0168,0170,0171,0172,0173,0174,0175,0176,0177,0178,0179,0180,0182,0201,0202,0204,0206,0207,0208,0209,0210,0211,0212,0213,0214,0215,0216,0217,0218,0219,0221,0222,0224,0225,0226,0228,0229,0230,0231,0232,0234,0237,0238"
253701,Nittardi CAB,Fattoria Nittardi,189.0,750 ml,Lättare glasflaska,Fruktigt & Smakrikt,Italien,Cabernet sauvignon,Fast sortiment,72,"0102,0104,0106,0107,0110,0113,0114,0132,0133,0134,0135,0136,0137,0140,0143,0144,0145,0147,0148,0150,0151,0163,0165,0167,0168,0170,0171,0172,0173,0174,0175,0176,0177,0178,0179,0180,0182,0201,0202,0204,0205,0206,0207,0208,0209,0210,0211,0212,0213,0214,0215,0216,0217,0218,0219,0220,0221,0222,0223,0224,0225,0226,0228,0229,0230,0231,0232,0234,0235,0236,0237,0238"
168401,Etna Rosso Terre dei Miti,Terre dei Miti,199.0,750 ml,Lättare glasflaska,Kryddigt & Mustigt,Italien,,Fast sortiment,71,"0102,0104,0106,0107,0110,0113,0114,0132,0133,0134,0135,0136,0137,0140,0143,0144,0145,0147,0148,0150,0151,0163,0165,0167,0168,0170,0171,0172,0173,0174,0175,0176,0177,0178,0179,0180,0182,0201,0202,0204,0205,0206,0207,0208,0209,0210,0211,0212,0213,0214,0215,0216,0217,0218,0219,0221,0222,0223,0224,0225,0226,0228,0229,0230,0231,0232,0234,0235,0236,0237,0238"
302701,Ribera 1 One,Bodegas Aster,129.0,750 ml,Glasflaska,Stramt & Nyanserat,Spanien,Tempranillo,Fast sortiment,69,"0102,0104,0106,0107,0110,0113,0114,0132,0133,0134,0135,0136,0137,0138,0140,0143,0144,0145,0147,0150,0151,0163,0165,0167,0168,0170,0171,0172,0173,0174,0175,0176,0177,0178,0179,0180,0182,0201,0202,0204,0206,0207,0208,0209,0210,0211,0212,0213,0214,0215,0216,0217,0218,0219,0221,0222,0223,0224,0225,0226,0228,0229,0230,0231,0232,0234,0237,0238,0239"
5602901,Cava Complicado de Miss Li,Solera Sweden AB,115.0,750 ml,Glasflaska,Torrt vitt,Spanien,,Fast sortiment,62,"0102,0104,0106,0107,0113,0114,0132,0133,0134,0135,0136,0137,0140,0144,0145,0147,0150,0151,0165,0167,0168,0170,0171,0172,0173,0174,0175,0176,0177,0178,0179,0180,0182,0201,0202,0204,0205,0206,0208,0209,0211,0212,0213,0214,0215,0216,0217,0218,0219,0221,0222,0223,0225,0226,0228,0229,0230,0231,0232,0236,0237,0238"
2030401,Baglietti Prosecco,47 Anno Domini,109.0,750 ml,Glasflaska,Torrt vitt,Italien,Glera,Fast sortiment,67,"0102,0104,0106,0107,0113,0114,0132,0133,0134,0135,0136,0137,0140,0143,0144,0145,0147,0150,0151,0163,0165,0167,0168,0170,0171,0172,0173,0174,0175,0176,0177,0178,0179,0180,0182,0201,0202,0204,0206,0207,0208,0209,0210,0211,0212,0213,0214,0215,0216,0217,0218,0219,0220,0221,0222,0224,0225,0226,0228,0229,0230,0231,0232,0235,0236,0237,0238"
9256501,Valiano Chianti Classico,Fattoria di Valiano/Piccini,166.0,750 ml,Glasflaska,Kryddigt & Mustigt,Italien,"Sangiovese, Merlot",Tillfälligt sortiment,63,"0102,0104,0106,0107,0110,0113,0114,0132,0133,0134,0135,0136,0137,0138,0140,0143,0144,0145,0147,0151,0163,0165,0167,0168,0170,0171,0172,0173,0174,0175,0176,0177,0178,0179,0180,0201,0202,0204,0206,0207,0209,0210,0211,0212,0213,0215,0216,0217,0218,0219,0220,0221,0223,0224,0226,0228,0229,0230,0231,0232,0234,0237,0238"
471601,SEDA Bobal Syrah,Torre Oria,99.0,750 ml,Lättare glasflaska,Fruktigt & Smakrikt,Spanien,"Bobal, Syrah",Fast sortiment,70,"0102,0104,0106,0107,0110,0113,0114,0132,0133,0134,0135,0136,0137,0140,0143,0144,0145,0147,0148,0150,0151,0163,0165,0167,0168,0170,0171,0172,0173,0174,0175,0176,0177,0178,0179,0180,0182,0201,0202,0204,0205,0206,0207,0208,0209,0210,0211,0212,0213,0214,0215,0217,0218,0219,0221,0222,0223,0224,0225,0226,0228,0229,0230,0231,0232,0235,0236,0237,0238,0239"
685101,Río Claro Sauvignon Blanc,Miguel Torres,85.0,750 ml,Lättare glasflaska,Friskt & Fruktigt,Chile,Sauvignon blanc,Fast sortiment,60,"0102,0104,0106,0107,0113,0114,0132,0133,0134,0135,0136,0137,0140,0144,0145,0147,0150,0151,0165,0167,0168,0170,0171,0172,0173,0174,0175,0176,0177,0178,0179,0180,0182,0201,0202,0204,0206,0208,0209,0210,0211,0212,0213,0214,0215,0216,0217,0218,0219,0221,0222,0225,0226,0228,0229,0230,0231,0232,0237,0238"
224901,Hacienda el Espino Garnacha Tintorera,Hacienda El Espino,95.0,750 ml,Lättare glasflaska,Kryddigt & Mustigt,Spanien,Garnacha tintorera,Fast sortiment,64,"0102,0104,0106,0107,0113,0114,0132,0133,0134,0135,0136,0137,0140,0143,0144,0145,0147,0150,0151,0163,0165,0167,0168,0170,0171,0172,0173,0174,0175,0176,0177,0178,0179,0180,0182,0201,0202,0204,0206,0207,0208,0209,0210,0211,0212,0213,0214,0215,0216,0217,0218,0219,0221,0222,0224,0225,0226,0228,0229,0230,0231,0232,0237,0238"
2011501,Boca Mar Algarve Reserva,Casa Santos Lima - Companhia das Vinhas S.A.,89.0,750 ml,Lättare glasflaska,Fruktigt & Smakrikt,Portugal,,Fast sortiment,60,"0102,0104,0106,0107,0113,0114,0132,0133,0134,0135,0136,0140,0144,0145,0147,0150,0151,0165,0167,0168,0170,0171,0172,0173,0174,0175,0176,0177,0178,0179,0180,0182,0201,0202,0204,0206,0208,0209,0210,0211,0212,0213,0214,0215,0216,0217,0218,0219,0221,0222,0224,0225,0226,0228,0229,0230,0231,0232,0237,0238"
7918701,Lucia De Maio Amarone,Cantine di Verona s.c.a.,219.0,750 ml,Glasflaska,Kryddigt & Mustigt,Italien,"Corvina, Corvinone, Rondinella",Fast sortiment,61,"0102,0104,0106,0107,0113,0114,0133,0134,0135,0136,0140,0145,0147,0148,0150,0151,0165,0167,0168,0170,0171,0172,0173,0174,0175,0176,0177,0178,0179,0180,0182,0201,0202,0206,0208,0209,0210,0211,0212,0213,0214,0215,0216,0217,0218,0219,0220,0221,0222,0223,0225,0226,0228,0229,0230,0231,0232,0234,0235,0237,0238"
241501,Masi Masianco Pinot Grigio delle Venezie,Masi,99.0,750 ml,Glasflaska,Friskt & Fruktigt,Italien,"Pinot grigio, Verduzzo",Fast sortiment,67,"0102,0104,0106,0107,0113,0114,0132,0133,0134,0136,0137,0140,0143,0144,0145,0147,0148,0150,0151,0163,0165,0167,0168,0170,0171,0172,0173,0174,0175,0176,0177,0178,0179,0180,0182,0201,0202,0204,0206,0207,0208,0209,0210,0211,0212,0213,0214,0215,0216,0217,0218,0219,0220,0221,0222,0223,0224,0225,0226,0228,0229,0230,0231,0232,0234,0237,0238"
601701,Hope Shiraz Reserve,Iconic Wines,99.0,750 ml,Lättare glasflaska,Fruktigt & Smakrikt,Australien,Shiraz,Fast sortiment,68,"0102,0104,0107,0110,0113,0114,0132,0133,0134,0135,0136,0137,0140,0143,0144,0145,0147,0148,0150,0151,0163,0165,0167,0168,0170,0171,0172,0173,0174,0175,0176,0177,0178,0179,0180,0182,0201,0202,0204,0206,0207,0208,0209,0210,0211,0212,0213,0214,0215,0216,0217,0218,0219,0220,0221,0222,0223,0224,0225,0226,0228,0229,0230,0231,0232,0234,0237,0238"
7513101,Chablis Bouchard Aîné & Fils,Bouchard Aîné et Fils,179.0,750 ml,Lättare glasflaska,Friskt & Fruktigt,Frankrike,Chardonnay,Fast sortiment,68,"0102,0106,0107,0113,0114,0132,0133,0134,0135,0136,0137,0138,0140,0143,0144,0145,0147,0148,0150,0151,0163,0165,0167,0168,0170,0171,0172,0173,0174,0175,0176,0177,0178,0179,0180,0182,0201,0202,0204,0206,0207,0208,0209,0210,0211,0212,0213,0214,0215,0216,0217,0218,0219,0221,0222,0223,0224,0225,0226,0227,0228,0229,0230,0231,0232,0234,0237,0238"
230402,Domìni Veneti Recioto della Valpolicella Classico,Cantina Valpolicella Negrar,179.0,375 ml,Glasflaska,Sött,Italien,,Fast sortiment,68,"0102,0104,0106,0107,0113,0114,0132,0133,0134,0135,0136,0137,0140,0143,0144,0145,0147,0148,0150,0151,0163,0165,0167,0168,0170,0171,0172,0173,0174,0175,0176,0177,0178,0179,0180,0182,0201,0202,0204,0206,0207,0208,0209,0210,0211,0212,0213,0214,0215,0216,0217,0218,0219,0220,0221,0222,0224,0225,0226,0227,0228,0229,0230,0231,0232,0234,0237,0238"
2031201,Huber Riesling Family Selection,Weingut Markus Huber GmbH & Co KG,99.0,750 ml,Lättare glasflaska,Friskt & Fruktigt,Österrike,Riesling,Fast sortiment,64,"0102,0104,0106,0107,0113,0114,0132,0133,0134,0135,0136,0137,0140,0143,0144,0145,0147,0150,0151,0163,0165,0167,0168,0170,0171,0172,0173,0174,0175,0176,0177,0178,0179,0180,0182,0201,0202,0204,0206,0207,0208,0209,0211,0212,0213,0214,0215,0216,0217,0218,0219,0220,0221,0222,0224,0225,0226,0228,0229,0230,0231,0232,0237,0238"
471401,Bon Courage Prestige Cuvée Chardonnay,Bon Courage,119.0,750 ml,Lättare glasflaska,Fylligt & Smakrikt,Sydafrika,Chardonnay,Fast sortiment,63,"0102,0104,0106,0107,0110,0113,0132,0133,0134,0135,0136,0137,0140,0143,0144,0145,0147,0150,0151,0163,0165,0167,0168,0170,0171,0173,0174,0175,0176,0177,0178,0179,0180,0182,0201,0202,0204,0206,0207,0208,0209,0211,0212,0213,0214,0215,0216,0217,0218,0219,0220,0221,0222,0224,0225,0226,0228,0229,0230,0231,0232,0237,0238"
746902,Königsmosel Riesling,Ewald Theod Drathen,59.0,375 ml,Glasflaska,Druvigt & Blommigt,Tyskland,Riesling,Fast sortiment,66,"0102,0104,0106,0107,0113,0114,0132,0133,0134,0135,0136,0137,0140,0144,0145,0147,0148,0150,0151,0165,0167,0168,0171,0172,0173,0174,0175,0176,0177,0178,0179,0180,0182,0201,0202,0204,0205,0206,0208,0209,0210,0211,0212,0213,0214,0215,0216,0217,0218,0219,0220,0221,0222,0223,0225,0226,0228,0229,0230,0231,0232,0234,0235,0236,0237,0238"
202715,Les Frondeurs Madiran,Cave de Crouseilles,79.0,500 ml,Burk,Fruktigt & Smakrikt,Frankrike,"Cabernet franc, Tannat",Fast sortiment,63,"0102,0104,0106,0107,0113,0114,0133,0134,0135,0136,0137,0140,0143,0144,0145,0147,0150,0151,0163,0165,0167,0168,0170,0171,0172,0173,0174,0175,0176,0177,0178,0179,0180,0182,0201,0204,0206,0207,0208,0209,0211,0212,0213,0214,0215,0216,0217,0218,0219,0220,0221,0222,0224,0225,0226,0227,0228,0229,0230,0231,0232,0237,0238"
215501,Costa Casablanca Pinot Noir,Talagante International Brands,99.0,750 ml,Lättare glasflaska,Kryddigt & Mustigt,Chile,Pinot noir,Fast sortiment,58,"0102,0104,0106,0107,0113,0114,0132,0133,0134,0135,0136,0140,0144,0145,0147,0150,0151,0165,0167,0168,0170,0172,0173,0174,0175,0176,0177,0178,0179,0180,0182,0201,0202,0204,0206,0208,0209,0210,0211,0212,0213,0214,0215,0216,0217,0218,0219,0221,0222,0225,0226,0228,0229,0230,0231,0232,0237,0238"
229401,Dreissigacker Riesling Organic Trocken,Weingut Dreissigacker,142.0,750 ml,Lättare glasflaska,Friskt & Fruktigt,Tyskland,Riesling,Fast sortiment,61,"0102,0104,0106,0107,0113,0114,0132,0133,0134,0135,0136,0140,0144,0145,0147,0150,0151,0165,0167,0168,0170,0171,0172,0173,0174,0175,0176,0177,0178,0179,0180,0182,0201,0202,0204,0206,0208,0209,0210,0211,0212,0213,0214,0215,0216,0217,0218,0219,0220,0221,0222,0224,0225,0226,0228,0229,0230,0231,0232,0237,0238"
7062601,Leitz Magic Mountain Rüdesheimer Riesling Trocken,Weingut Leitz,168.0,750 ml,Glasflaska,Friskt & Fruktigt,Tyskland,Riesling,Fast sortiment,69,"0102,0104,0106,0107,0110,0113,0114,0132,0133,0134,0135,0136,0137,0138,0140,0143,0144,0145,0147,0150,0151,0163,0165,0167,0168,0170,0171,0172,0173,0174,0175,0176,0177,0178,0179,0180,0182,0201,0202,0204,0205,0206,0207,0208,0209,0210,0211,0212,0213,0214,0215,0216,0217,0218,0219,0220,0221,0222,0224,0225,0226,0227,0228,0229,0230,0231,0232,0237,0238"
2015901,Norton Barrel Select Malbec,Bodega Norton,119.0,750 ml,Lättare glasflaska,Fruktigt & Smakrikt,Argentina,Malbec,Fast sortiment,55,"0102,0104,0106,0107,0110,0113,0114,0134,0135,0136,0138,0140,0145,0147,0150,0151,0165,0167,0168,0170,0171,0172,0173,0174,0175,0176,0177,0178,0179,0180,0182,0201,0202,0206,0208,0209,0211,0212,0213,0214,0215,0216,0217,0218,0219,0221,0222,0225,0226,0228,0229,0230,0232,0237,0238"
216301,Tamaral,Bodegas Tamaral,166.0,750 ml,Lättare glasflaska,Fruktigt & Smakrikt,Spanien,"Tempranillo, Cabernet sauvignon",Fast sortiment,68,"0102,0104,0106,0107,0110,0113,0114,0132,0133,0134,0135,0136,0137,0138,0140,0143,0144,0145,0147,0150,0151,0163,0165,0167,0168,0170,0171,0172,0173,0174,0175,0176,0177,0178,0179,0180,0182,0201,0202,0204,0206,0207,0208,0209,0210,0211,0212,0213,0214,0215,0216,0217,0218,0219,0220,0221,0222,0224,0225,0226,0228,0229,0230,0231,0232,0234,0237,0238"
292201,Pratsch Grüner Veltliner,Pratsch,112.0,750 ml,Lättare glasflaska,Friskt & Fruktigt,Österrike,Grüner veltliner,Fast sortiment,65,"0102,0104,0106,0107,0110,0113,0114,0132,0133,0134,0135,0136,0137,0140,0143,0144,0145,0147,0150,0151,0163,0165,0167,0168,0170,0171,0172,0173,0174,0175,0176,0177,0178,0179,0180,0182,0201,0202,0204,0206,0207,0208,0209,0211,0212,0213,0214,0215,0216,0217,0218,0219,0220,0221,0222,0224,0225,0226,0228,0229,0230,0231,0232,0237,0238"
658601,Cono Sur Cabernet Sauvignon Carmenere Syrah Organic,Viña Cono Sur,99.0,750 ml,Lättare glasflaska,Fruktigt & Smakrikt,Chile,"Cabernet sauvignon, Carmenère, Syrah",Fast sortiment,55,"0102,0104,0106,0107,0113,0114,0134,0135,0136,0140,0145,0147,0150,0151,0165,0167,0168,0170,0171,0172,0173,0174,0175,0176,0177,0178,0179,0180,0182,0201,0202,0206,0208,0209,0210,0211,0212,0213,0214,0215,0216,0217,0218,0219,0221,0222,0225,0226,0228,0229,0230,0231,0232,0237,0238"
7518101,Domaine Lalande Sauvignon Blanc,Domaine Lalande,89.0,750 ml,Lättare glasflaska,Friskt & Fruktigt,Frankrike,Sauvignon blanc,Fast sortiment,63,"0102,0104,0106,0107,0113,0114,0132,0133,0134,0135,0136,0137,0140,0143,0144,0145,0147,0150,0151,0163,0165,0167,0168,0170,0171,0172,0173,0174,0175,0176,0177,0178,0179,0180,0182,0201,0202,0204,0206,0207,0208,0209,0211,0212,0213,0214,0215,0216,0217,0218,0219,0221,0222,0224,0225,0226,0228,0229,0230,0231,0232,0237,0238"
7479801,Crémant de Bourgogne Grande Reserve Brut,Fields Wine Company AB,129.0,750 ml,Glasflaska,Torrt vitt,Frankrike,,Fast sortiment,65,"0102,0104,0106,0107,0113,0114,0132,0133,0134,0135,0136,0137,0140,0143,0144,0145,0147,0150,0151,0163,0165,0167,0168,0170,0171,0172,0173,0174,0175,0176,0177,0178,0179,0180,0182,0201,0202,0204,0206,0207,0208,0209,0210,0211,0212,0213,0214,0215,0216,0217,0218,0219,0220,0221,0222,0224,0225,0226,0228,0229,0230,0231,0232,0237,0238"
220301,Cuvée Madame Sélection de Mademoiselle,Contemporary Wines AB,139.0,750 ml,Glasflaska,Friskt & Bärigt,Frankrike,"Mourvèdre, Syrah, Cinsault, Grenache",Fast sortiment,70,"0102,0104,0106,0107,0110,0113,0114,0132,0133,0134,0135,0136,0137,0138,0140,0143,0144,0145,0147,0148,0150,0151,0163,0165,0167,0168,0170,0171,0172,0173,0174,0175,0176,0177,0178,0179,0180,0182,0201,0202,0204,0206,0207,0208,0209,0210,0211,0212,0213,0214,0215,0216,0217,0218,0219,0220,0221,0222,0223,0224,0225,0226,0228,0229,0230,0231,0232,0234,0237,0238"
533801,Sancerre Domaine de la Villaudière,J M Reverdy,249.0,750 ml,Glasflaska,Friskt & Fruktigt,Frankrike,Sauvignon blanc,Fast sortiment,72,"0102,0104,0106,0107,0113,0114,0132,0133,0134,0135,0136,0137,0138,0140,0143,0144,0145,0147,0150,0151,0163,0165,0167,0168,0170,0171,0172,0173,0174,0175,0176,0177,0178,0179,0180,0182,0201,0202,0204,0205,0206,0207,0208,0209,0210,0211,0212,0213,0214,0215,0216,0217,0218,0219,0220,0221,0222,0223,0224,0225,0226,0227,0228,0229,0230,0231,0232,0234,0236,0237,0238,0239"
7214301,Dominio Alto Gran Reserva,Fields Wine Company AB,119.0,750 ml,Lättare glasflaska,Kryddigt & Mustigt,Spanien,Tempranillo,Fast sortiment,70,"0102,0104,0106,0107,0110,0113,0114,0132,0133,0134,0135,0136,0137,0140,0143,0144,0145,0147,0148,0150,0151,0163,0165,0167,0168,0170,0171,0172,0173,0174,0175,0176,0177,0178,0179,0180,0182,0201,0202,0204,0206,0207,0208,0209,0210,0211,0212,0213,0214,0215,0216,0217,0218,0219,0220,0221,0222,0223,0224,0225,0226,0228,0229,0230,0231,0232,0234,0237,0238,0239"
239001,Cantina Zaccagnini Del Tralcetto Montepulciano d’Abruzzo Organic,Ciccio Zaccagnini,129.0,750 ml,Lättare glasflaska,Kryddigt & Mustigt,Italien,Montepulciano,Fast sortiment,66,"0102,0104,0106,0107,0113,0114,0132,0133,0134,0135,0136,0137,0140,0143,0144,0145,0147,0150,0151,0163,0165,0167,0168,0170,0171,0172,0173,0174,0175,0176,0177,0178,0179,0180,0182,0201,0202,0204,0206,0207,0208,0209,0210,0211,0212,0213,0214,0215,0216,0217,0218,0219,0221,0222,0224,0225,0226,0228,0229,0230,0231,0232,0234,0235,0237,0238"
297401,Ruppertsberger Imperial Pinot Noir,Ruppertsberger Weinkeller Hoheburg eG,99.0,750 ml,Lättare glasflaska,Mjukt & Bärigt,Tyskland,Pinot noir,Fast sortiment,55,"0102,0104,0106,0107,0114,0132,0133,0134,0135,0136,0140,0145,0147,0150,0151,0165,0167,0168,0170,0171,0173,0174,0175,0176,0177,0178,0179,0180,0182,0201,0202,0206,0208,0209,0210,0211,0212,0213,0214,0215,0216,0217,0218,0219,0221,0222,0225,0226,0228,0229,0230,0231,0232,0237,0238"
266401,Q Malbec,Quarisa Wines,89.0,750 ml,Glasflaska,Fruktigt & Smakrikt,Australien,Malbec,Fast sortiment,64,"0102,0104,0106,0107,0110,0114,0132,0133,0134,0135,0136,0137,0140,0143,0144,0145,0147,0150,0151,0163,0165,0167,0168,0171,0172,0173,0174,0175,0176,0177,0178,0179,0180,0182,0201,0202,0204,0206,0207,0208,0209,0210,0211,0212,0213,0214,0215,0216,0217,0218,0219,0221,0222,0224,0225,0226,0228,0229,0230,0231,0232,0234,0237,0238"
278601,Campo Viejo Crianza,Vinarchy,99.0,750 ml,Lättare glasflaska,Kryddigt & Mustigt,Spanien,"Tempranillo, Garnacha, Mazuelo",Fast sortiment,57,"0102,0104,0107,0113,0114,0132,0133,0134,0135,0136,0144,0145,0147,0148,0150,0151,0167,0168,0170,0171,0172,0173,0174,0175,0176,0177,0178,0179,0180,0182,0201,0202,0204,0206,0208,0209,0210,0212,0213,0214,0215,0216,0217,0218,0219,0221,0222,0223,0225,0226,0228,0229,0230,0231,0232,0234,0238"
658801,KWV Rosé,KWV,99.0,750 ml,Lättare glasflaska,Friskt & Bärigt,Sydafrika,,Fast sortiment,54,"0102,0104,0106,0107,0113,0114,0134,0135,0136,0138,0140,0145,0147,0150,0151,0165,0167,0168,0170,0171,0172,0173,0174,0175,0176,0177,0178,0179,0180,0182,0201,0202,0206,0208,0209,0211,0212,0213,0214,0215,0216,0217,0218,0219,0220,0222,0225,0226,0228,0229,0230,0232,0237,0238"
5058001,Dominio Alto Cava Brut Organic,Fields Wine Company AB,89.0,750 ml,Glasflaska,Torrt vitt,Spanien,,Fast sortiment,64,"0102,0104,0106,0107,0113,0114,0133,0134,0135,0136,0140,0144,0145,0147,0148,0150,0151,0163,0165,0167,0168,0170,0171,0172,0173,0174,0175,0176,0177,0178,0179,0180,0182,0201,0202,0204,0206,0208,0209,0210,0211,0212,0213,0214,0215,0216,0217,0218,0219,0221,0222,0223,0224,0225,0226,0228,0229,0230,0231,0232,0234,0235,0237,0238"
223401,Spier Signature Sauvignon Blanc Sémillon,Spier Wines,89.0,750 ml,Lättare glasflaska,Friskt & Fruktigt,Sydafrika,"Sauvignon blanc, Sémillon",Fast sortiment,60,"0102,0104,0106,0107,0113,0114,0132,0133,0134,0135,0136,0137,0140,0144,0145,0147,0150,0151,0165,0167,0168,0170,0171,0172,0173,0174,0175,0176,0177,0178,0179,0180,0182,0201,0202,0204,0206,0208,0209,0210,0211,0212,0213,0214,0215,0216,0217,0218,0219,0221,0222,0225,0226,0228,0229,0230,0231,0232,0237,0238"
278002,El Coto Blanco,El Coto de Rioja,59.0,375 ml,Glasflaska,Friskt & Fruktigt,Spanien,Viura,Fast sortiment,68,"0102,0104,0106,0107,0113,0114,0132,0133,0134,0135,0136,0137,0140,0143,0144,0145,0147,0148,0150,0151,0163,0165,0167,0168,0170,0171,0172,0173,0174,0175,0176,0177,0178,0179,0180,0182,0201,0202,0204,0206,0207,0208,0209,0210,0211,0212,0213,0214,0215,0216,0217,0218,0219,0220,0221,0222,0223,0224,0225,0226,0228,0229,0230,0231,0232,0234,0237,0238"
528301,Couvent des Jacobins Bourgogne Rouge,Louis Jadot,239.0,750 ml,Glasflaska,Kryddigt & Mustigt,Frankrike,Pinot noir,Fast sortiment,70,"0102,0104,0106,0107,0110,0113,0114,0132,0133,0134,0135,0136,0137,0138,0140,0143,0144,0145,0147,0150,0151,0163,0165,0167,0168,0170,0171,0172,0173,0174,0175,0176,0177,0178,0179,0180,0182,0201,0202,0204,0206,0207,0208,0209,0210,0211,0212,0213,0214,0215,0216,0217,0218,0219,0220,0221,0222,0224,0225,0226,0228,0229,0230,0231,0232,0234,0235,0236,0237,0238"
207301,Org de Rac Shiraz Cabernet Sauvignon Merlot,Org de Rac,99.0,750 ml,Lättare glasflaska,Fruktigt & Smakrikt,Sydafrika,"Cabernet sauvignon, Merlot, Shiraz",Fast sortiment,56,"0102,0104,0106,0107,0113,0114,0134,0135,0136,0137,0140,0145,0147,0150,0151,0165,0167,0168,0170,0171,0172,0173,0174,0175,0176,0177,0178,0179,0180,0182,0201,0202,0206,0208,0209,0210,0211,0212,0213,0214,0215,0216,0217,0218,0219,0221,0222,0225,0226,0228,0229,0230,0231,0232,0237,0238"
233701,Montepulciano d'Abruzzo Umani Ronchi,Umani Ronchi,89.0,750 ml,Lättare glasflaska,Mjukt & Bärigt,Italien,Montepulciano,Fast sortiment,67,"0102,0104,0106,0107,0113,0114,0132,0133,0134,0135,0136,0137,0140,0143,0144,0145,0147,0148,0150,0151,0163,0165,0167,0168,0170,0171,0172,0173,0174,0175,0176,0177,0178,0179,0180,0182,0201,0202,0204,0206,0207,0208,0209,0210,0211,0212,0213,0214,0215,0216,0217,0218,0219,0221,0222,0223,0224,0225,0226,0228,0229,0230,0231,0232,0234,0237,0238"
745001,Launois Blanc de Blancs Grand Cru Réserve,Launois Père et Fils,399.0,750 ml,Glasflaska,Torrt vitt,Frankrike,Chardonnay,Fast sortiment,67,"0102,0104,0106,0107,0110,0113,0114,0132,0133,0134,0135,0136,0137,0138,0140,0143,0144,0145,0147,0150,0151,0163,0165,0167,0168,0170,0171,0172,0173,0174,0175,0176,0177,0178,0179,0180,0182,0201,0202,0204,0206,0207,0208,0209,0210,0211,0212,0213,0214,0215,0216,0217,0218,0219,0221,0222,0224,0225,0226,0228,0229,0230,0231,0232,0234,0237,0238"
2012401,Juno Shiraz,Cape Wine Company,109.0,750 ml,Lättare glasflaska,Fruktigt & Smakrikt,Sydafrika,Shiraz,Fast sortiment,56,"0102,0104,0106,0107,0113,0114,0132,0134,0135,0136,0140,0145,0147,0150,0151,0165,0167,0168,0170,0171,0172,0173,0174,0175,0176,0177,0178,0179,0180,0182,0201,0202,0206,0208,0209,0210,0211,0212,0213,0214,0215,0216,0217,0218,0219,0221,0222,0225,0226,0228,0229,0230,0231,0232,0237,0238"
269914,Velo Barbera,Torrevilla,42.0,250 ml,Burk,Fruktigt & Smakrikt,Italien,Barbera,Fast sortiment,66,"0102,0104,0106,0107,0110,0113,0114,0132,0133,0134,0135,0136,0137,0140,0143,0144,0145,0147,0150,0151,0163,0165,0167,0168,0170,0171,0172,0173,0174,0175,0176,0177,0178,0179,0180,0182,0201,0202,0204,0206,0207,0208,0209,0210,0211,0212,0213,0214,0215,0216,0217,0218,0219,0220,0221,0222,0224,0225,0226,0228,0229,0230,0231,0232,0237,0238"
681601,The Great Bonza Reserve Shiraz Cabernet,Quarisa Wines,89.0,750 ml,Glasflaska,Fruktigt & Smakrikt,Australien,"Shiraz, Cabernet sauvignon, Durif",Fast sortiment,63,"0102,0104,0106,0107,0113,0114,0132,0133,0134,0135,0136,0140,0144,0145,0147,0148,0150,0151,0165,0167,0168,0170,0171,0172,0173,0174,0175,0176,0177,0178,0179,0180,0201,0202,0204,0206,0208,0209,0210,0211,0212,0213,0214,0215,0216,0217,0218,0219,0221,0222,0224,0225,0226,0227,0228,0229,0230,0231,0232,0234,0236,0237,0238"
228201,Côté Mas Organic Rosé,Jean-Claude Mas,99.0,750 ml,Lättare glasflaska,Fruktigt & Smakrikt,Frankrike,"Mourvèdre, Syrah",Fast sortiment,61,"0102,0104,0106,0107,0110,0113,0114,0132,0133,0134,0136,0137,0140,0143,0144,0145,0147,0151,0163,0165,0167,0170,0171,0172,0173,0174,0175,0176,0178,0179,0180,0182,0201,0202,0204,0206,0207,0208,0209,0210,0211,0212,0213,0215,0216,0217,0218,0219,0220,0221,0222,0224,0226,0228,0229,0230,0231,0232,0235,0237,0238"
267002,René Barbier Viña Augusta,René Barbier,57.0,375 ml,Lättare glasflaska,Lätt & Avrundat,Spanien,"Macabeo, Moscatel, Parellada, Xarel-lo",Fast sortiment,46,"0102,0104,0107,0114,0134,0135,0136,0140,0145,0148,0150,0151,0165,0167,0168,0171,0174,0176,0177,0178,0179,0180,0182,0206,0208,0209,0210,0211,0212,0213,0214,0215,0216,0217,0218,0219,0220,0222,0223,0225,0226,0228,0229,0234,0237,0238"
657301,Caravan Durif,Quarisa Wines,89.0,750 ml,Lättare glasflaska,Fruktigt & Smakrikt,Australien,Durif,Fast sortiment,66,"0102,0104,0106,0107,0113,0114,0132,0133,0134,0135,0136,0137,0140,0143,0144,0145,0147,0148,0150,0151,0163,0165,0167,0168,0170,0171,0172,0173,0174,0175,0176,0177,0178,0179,0180,0182,0201,0202,0204,0206,0207,0208,0209,0210,0211,0212,0213,0214,0215,0216,0217,0218,0219,0221,0222,0224,0225,0226,0228,0229,0230,0231,0232,0234,0237,0238"
206301,Prince Alexandre Rosé Brut Organic,Cave Robert et Marcel,119.0,750 ml,Glasflaska,Rosé,Frankrike,"Cabernet franc, Grolleau",Fast sortiment,67,"0102,0104,0106,0107,0110,0113,0114,0132,0133,0134,0135,0136,0137,0140,0143,0144,0145,0147,0148,0150,0151,0163,0165,0167,0168,0170,0171,0172,0173,0174,0175,0176,0177,0178,0179,0180,0182,0201,0202,0204,0206,0207,0208,0209,0211,0212,0213,0214,0215,0216,0217,0218,0219,0220,0221,0222,0224,0225,0226,0228,0229,0230,0231,0232,0234,0237,0238"
532801,Monti Garbi Ripasso,Tenuta Sant' Antonio,159.0,750 ml,Glasflaska,Kryddigt & Mustigt,Italien,,Fast sortiment,69,"0102,0104,0106,0107,0113,0114,0132,0133,0134,0135,0136,0137,0138,0140,0143,0144,0145,0147,0148,0150,0151,0163,0165,0167,0168,0170,0171,0172,0173,0174,0175,0176,0177,0178,0179,0180,0182,0201,0202,0204,0206,0207,0208,0209,0210,0211,0212,0213,0214,0215,0216,0217,0218,0219,0220,0221,0222,0223,0224,0225,0226,0228,0229,0230,0231,0232,0234,0237,0238"
279501,Buttery Barrel Chardonnay,Scheid Family Wines,129.0,750 ml,Lättare glasflaska,Fylligt & Smakrikt,USA,Chardonnay,Fast sortiment,56,"0102,0104,0106,0107,0113,0114,0134,0135,0136,0137,0138,0140,0145,0147,0150,0151,0165,0167,0168,0170,0171,0172,0173,0174,0176,0177,0178,0179,0180,0182,0201,0202,0206,0208,0209,0210,0211,0212,0213,0214,0215,0216,0217,0218,0219,0221,0222,0225,0226,0228,0229,0230,0231,0232,0237,0238"
547502,Bourgogne Pinot Noir Labouré-Roi,Labouré-Roi,99.0,375 ml,Glasflaska,Mjukt & Bärigt,Frankrike,Pinot noir,Fast sortiment,70,"0102,0104,0106,0107,0110,0113,0114,0132,0133,0134,0135,0136,0137,0138,0140,0143,0144,0145,0147,0148,0150,0151,0163,0165,0167,0168,0170,0171,0172,0173,0174,0175,0176,0177,0178,0179,0180,0182,0201,0202,0204,0206,0207,0208,0209,0210,0211,0212,0213,0214,0215,0216,0217,0218,0219,0220,0221,0222,0223,0224,0225,0226,0228,0229,0230,0231,0232,0234,0237,0238"
270901,Pietra Di Pinot Grigio,Gruppo Martellozzo,99.0,750 ml,Lättare glasflaska,Friskt & Fruktigt,Italien,Pinot grigio,Fast sortiment,67,"0102,0104,0106,0107,0110,0113,0114,0132,0133,0134,0135,0136,0137,0140,0143,0144,0145,0147,0150,0151,0163,0165,0167,0168,0170,0171,0172,0173,0174,0175,0176,0177,0178,0179,0180,0182,0201,0202,0204,0205,0206,0207,0208,0209,0210,0211,0212,0213,0214,0215,0216,0217,0218,0219,0221,0222,0224,0225,0226,0228,0229,0230,0231,0232,0234,0237,0238"
274102,Nederburg Noble Late Harvest,Nederburg Wines,130.0,375 ml,Glasflaska,Sött,Sydafrika,,Fast sortiment,67,"0102,0104,0106,0107,0113,0114,0132,0133,0134,0135,0136,0137,0140,0143,0144,0145,0147,0150,0151,0163,0165,0167,0168,0170,0171,0172,0173,0174,0175,0176,0177,0178,0179,0180,0182,0201,0202,0204,0206,0207,0208,0209,0210,0211,0212,0213,0214,0215,0216,0217,0218,0219,0220,0221,0222,0224,0225,0226,0228,0229,0230,0231,0232,0234,0235,0237,0238"
277134,Asiotus Vino Bianco Biologico Frizzante,Cuvage Srl,39.0,200 ml,Burk,Torrt vitt,Italien,Glera,Fast sortiment,57,"0102,0104,0106,0107,0113,0114,0134,0135,0136,0140,0145,0147,0148,0150,0151,0165,0167,0168,0171,0172,0173,0174,0176,0177,0178,0179,0180,0182,0201,0202,0205,0206,0208,0209,0210,0211,0212,0213,0214,0215,0216,0217,0218,0219,0221,0222,0223,0225,0226,0228,0229,0230,0231,0232,0234,0237,0238"
153301,Quinta do Paral,Quinta do Paral,129.0,750 ml,Lättare glasflaska,Friskt & Fruktigt,Portugal,"Verdelho, Vermentino, Viognier, Antão vaz",Fast sortiment,52,"0102,0104,0106,0107,0113,0114,0134,0135,0136,0140,0145,0147,0150,0151,0165,0167,0168,0170,0171,0172,0173,0174,0176,0177,0178,0179,0180,0182,0201,0202,0206,0208,0209,0211,0212,0213,0214,0215,0216,0217,0218,0219,0222,0225,0226,0228,0229,0230,0231,0232,0237,0238"
393001,Gran Passione Appassimento Organic,ViniMundi,119.0,750 ml,Glasflaska,Kryddigt & Mustigt,Italien,"Merlot, Negroamaro, Malvasia nero",Fast sortiment,67,"0102,0104,0106,0107,0110,0113,0114,0132,0133,0134,0135,0136,0137,0140,0143,0144,0145,0147,0150,0151,0163,0165,0167,0168,0170,0171,0172,0173,0174,0175,0176,0177,0178,0179,0180,0182,0201,0202,0204,0206,0207,0208,0209,0210,0211,0212,0213,0214,0215,0216,0217,0218,0219,0220,0221,0222,0224,0225,0226,0228,0229,0230,0231,0232,0234,0237,0238"
699601,Torres Coronas Tempranillo,Miguel Torres,94.0,750 ml,Lättare glasflaska,Kryddigt & Mustigt,Spanien,Tempranillo,Fast sortiment,51,"0102,0104,0106,0107,0113,0114,0134,0135,0136,0140,0145,0147,0150,0151,0165,0167,0168,0171,0172,0173,0174,0176,0177,0178,0179,0180,0182,0201,0202,0206,0208,0209,0210,0211,0212,0213,0214,0215,0216,0217,0218,0219,0222,0225,0226,0228,0229,0230,0232,0237,0238"
5580401,Tissot & Potel La Sixième Côte Pinot noir,MICHEL TISSOT,145.0,750 ml,Lättare glasflaska,Kryddigt & Mustigt,Frankrike,Pinot noir,Fast sortiment,68,"0102,0104,0106,0107,0110,0113,0114,0132,0133,0134,0135,0136,0137,0138,0140,0143,0144,0145,0147,0150,0151,0163,0165,0167,0168,0170,0171,0172,0173,0174,0175,0176,0177,0178,0179,0180,0182,0201,0202,0204,0206,0207,0208,0209,0210,0211,0212,0213,0214,0215,0216,0217,0218,0219,0220,0221,0222,0224,0225,0226,0228,0229,0230,0231,0232,0234,0237,0238"
560201,Tapiz Chardonnay Viognier,Bodegas Tapiz,99.0,750 ml,Lättare glasflaska,Friskt & Fruktigt,Argentina,"Chardonnay, Viognier",Fast sortiment,53,"0102,0104,0106,0107,0113,0114,0134,0135,0136,0140,0145,0147,0150,0151,0165,0167,0168,0170,0171,0172,0173,0174,0175,0176,0177,0178,0179,0180,0182,0201,0202,0206,0208,0209,0211,0212,0213,0214,0215,0216,0217,0218,0219,0222,0225,0226,0228,0229,0230,0231,0232,0237,0238"
747001,Loxarel A Pèl Classic Penedes Brut Nature Reserva,Masia can Mayols.L,145.0,750 ml,Glasflaska,Torrt vitt,Spanien,"Chardonnay, Macabeo, Xarel-lo",Fast sortiment,69,"0102,0104,0106,0107,0110,0113,0114,0132,0133,0134,0135,0136,0137,0138,0140,0143,0144,0145,0147,0150,0151,0163,0165,0167,0168,0170,0171,0172,0173,0174,0175,0176,0177,0178,0179,0180,0182,0201,0202,0204,0206,0207,0208,0209,0210,0211,0212,0213,0214,0215,0216,0217,0218,0219,0220,0221,0222,0223,0224,0225,0226,0228,0229,0230,0231,0232,0237,0238,0239"
7444702,Casalforte Moscato,Collis Heritage,65.0,375 ml,Lättare glasflaska,Sött,Italien,Moscato,Fast sortiment,63,"0102,0104,0106,0107,0110,0113,0114,0132,0133,0134,0135,0136,0137,0140,0143,0144,0145,0147,0148,0150,0151,0163,0165,0167,0170,0171,0172,0173,0174,0175,0176,0178,0179,0180,0201,0202,0204,0206,0207,0208,0209,0211,0212,0213,0214,0215,0216,0217,0219,0220,0221,0223,0224,0226,0228,0229,0230,0231,0232,0234,0236,0237,0238"
236434,Le Meilleur Pinot Noir,Oenoforos,49.0,250 ml,Burk,Mjukt & Bärigt,Frankrike,Pinot noir,Fast sortiment,65,"0102,0104,0106,0107,0110,0113,0114,0132,0133,0134,0135,0136,0137,0140,0143,0144,0145,0147,0150,0151,0163,0165,0167,0168,0170,0171,0172,0173,0174,0175,0176,0177,0178,0179,0180,0182,0201,0202,0204,0206,0207,0208,0209,0211,0212,0213,0214,0215,0216,0217,0218,0219,0220,0221,0222,0224,0225,0226,0228,0229,0230,0231,0232,0237,0238"
752101,Petite Belle Sparkling Brut,Liciacept (Pty) Ltd (trading as Visio Vintners),99.0,750 ml,Glasflaska,Torrt vitt,Sydafrika,"Chenin blanc, Colombard",Fast sortiment,55,"0102,0104,0106,0107,0113,0114,0134,0135,0136,0140,0145,0147,0150,0151,0165,0167,0168,0170,0171,0172,0173,0174,0175,0176,0177,0178,0179,0180,0182,0201,0202,0205,0206,0207,0208,0209,0211,0212,0213,0214,0215,0216,0217,0218,0219,0220,0222,0225,0226,0228,0229,0230,0232,0237,0238"
5694501,Tissot & Potel La Sixième Côte Chardonnay,MICHEL TISSOT,145.0,750 ml,Lättare glasflaska,Fylligt & Smakrikt,Frankrike,"Chardonnay, Savagnin",Fast sortiment,65,"0102,0104,0106,0107,0113,0114,0132,0133,0134,0135,0136,0137,0140,0143,0144,0145,0147,0150,0151,0163,0165,0167,0168,0170,0171,0172,0173,0174,0175,0176,0177,0178,0179,0180,0182,0201,0202,0204,0206,0207,0208,0209,0210,0211,0212,0213,0214,0215,0216,0217,0218,0219,0221,0222,0224,0225,0226,0228,0229,0230,0231,0232,0234,0237,0238"
1235701,Brunello di Montalcino Col d'Orcia,Col d'Orcia,299.0,750 ml,Glasflaska,Kryddigt & Mustigt,Italien,Brunello,Fast sortiment,69,"0102,0104,0106,0107,0110,0113,0114,0132,0133,0134,0135,0136,0137,0138,0140,0143,0144,0145,0147,0148,0150,0151,0163,0165,0167,0168,0170,0171,0172,0173,0174,0175,0176,0177,0178,0179,0180,0182,0201,0202,0204,0206,0207,0208,0209,0210,0211,0212,0213,0214,0215,0216,0217,0218,0219,0220,0221,0222,0223,0224,0225,0226,0228,0229,0230,0231,0232,0237,0238"
740401,Langlois Crémant de Loire Brut Réserve,Langlois-Chateau,199.0,750 ml,Glasflaska,Torrt vitt,Frankrike,"Chenin blanc, Cabernet franc, Chardonnay",Fast sortiment,67,"0102,0104,0106,0107,0110,0113,0114,0132,0133,0134,0135,0136,0137,0138,0140,0143,0144,0145,0147,0150,0151,0163,0165,0167,0168,0170,0171,0172,0173,0174,0175,0176,0177,0178,0179,0180,0182,0201,0202,0204,0206,0207,0208,0209,0210,0211,0212,0213,0214,0215,0216,0217,0218,0219,0221,0222,0224,0225,0226,0228,0229,0230,0231,0232,0237,0238,0239"
320401,Doppio Passo Organic Primitivo,Botter,99.0,750 ml,Glasflaska,Fruktigt & Smakrikt,Italien,Primitivo,Fast sortiment,61,"0102,0104,0106,0107,0113,0114,0132,0133,0134,0135,0136,0140,0144,0145,0147,0150,0151,0165,0167,0168,0170,0171,0172,0173,0174,0175,0176,0177,0178,0179,0180,0182,0201,0202,0204,0206,0208,0209,0210,0211,0212,0213,0214,0215,0216,0217,0218,0219,0221,0222,0223,0225,0226,0228,0229,0230,0231,0232,0234,0237,0238"
7052101,The Butcher Pinot Noir,Schwarz,169.0,750 ml,Glasflaska,Kryddigt & Mustigt,Österrike,Pinot noir,Fast sortiment,67,"0102,0104,0106,0107,0110,0113,0114,0132,0133,0134,0135,0136,0137,0138,0140,0143,0144,0145,0147,0150,0151,0163,0165,0167,0168,0170,0171,0172,0173,0174,0175,0176,0177,0178,0179,0180,0182,0201,0202,0204,0206,0207,0208,0209,0210,0211,0212,0214,0215,0216,0217,0218,0219,0220,0221,0222,0224,0225,0226,0228,0229,0230,0231,0232,0234,0237,0238"
257501,Robert Hall Paso Red Red Blend,O'Neill Vintners & Distillers,149.0,750 ml,Lättare glasflaska,Fruktigt & Smakrikt,USA,"Cabernet sauvignon, Graciano, Petite sirah",Fast sortiment,54,"0102,0104,0106,0107,0110,0113,0114,0134,0135,0136,0140,0145,0147,0150,0151,0165,0167,0168,0170,0171,0172,0173,0174,0175,0176,0177,0178,0179,0180,0182,0201,0202,0206,0208,0209,0211,0212,0213,0214,0215,0216,0217,0218,0219,0220,0222,0225,0226,0228,0229,0230,0232,0237,0238"
201601,Réserve de Bonpas Côtes-du-Rhône,Bonpas,109.0,750 ml,Lättare glasflaska,Kryddigt & Mustigt,Frankrike,"Grenache, Syrah, Mourvèdre",Fast sortiment,69,"0102,0104,0106,0107,0110,0113,0114,0132,0133,0134,0135,0136,0137,0138,0140,0143,0144,0145,0147,0148,0150,0151,0163,0165,0167,0168,0170,0171,0172,0173,0174,0175,0176,0177,0178,0179,0180,0182,0201,0202,0204,0206,0207,0208,0209,0210,0211,0212,0213,0214,0215,0216,0217,0218,0219,0220,0221,0222,0224,0225,0226,0228,0229,0230,0231,0232,0234,0237,0238"
7765301,Grande Cuvée La Maison Rosé,Vini Bella Terra,109.0,1000 ml,Lättare glasflaska,Friskt & Bärigt,Frankrike,,Fast sortiment,67,"0102,0104,0106,0107,0110,0113,0114,0132,0133,0134,0135,0136,0137,0138,0140,0143,0144,0145,0147,0150,0151,0163,0165,0167,0168,0170,0171,0172,0173,0174,0175,0176,0177,0178,0179,0180,0182,0201,0202,0204,0206,0207,0208,0209,0210,0211,0212,0213,0214,0215,0216,0217,0218,0219,0220,0221,0222,0224,0225,0226,0228,0229,0230,0231,0232,0237,0238"
218501,Château du Cléray Muscadet Sèvre et Maine sur Lie,Sauvion,99.0,750 ml,Glasflaska,Friskt & Fruktigt,Frankrike,Melon de bourgogne,Fast sortiment,65,"0102,0104,0106,0107,0113,0114,0132,0133,0134,0135,0136,0137,0140,0143,0144,0145,0147,0150,0151,0163,0165,0167,0168,0170,0171,0172,0173,0174,0175,0176,0177,0178,0179,0180,0182,0201,0202,0204,0205,0206,0207,0208,0209,0210,0211,0212,0213,0214,0215,0216,0217,0218,0219,0221,0222,0224,0225,0226,0228,0229,0230,0231,0232,0237,0238"
582401,50° Riesling Trocken,G H von Mumm,99.0,750 ml,Lättare glasflaska,Friskt & Fruktigt,Tyskland,Riesling,Fast sortiment,64,"0102,0104,0106,0107,0113,0114,0132,0133,0134,0135,0136,0137,0140,0143,0144,0145,0147,0150,0151,0163,0165,0167,0168,0170,0171,0172,0173,0174,0175,0176,0177,0178,0179,0180,0182,0201,0202,0204,0206,0207,0208,0209,0210,0211,0212,0213,0214,0215,0216,0217,0218,0219,0221,0222,0224,0225,0226,0228,0229,0230,0231,0232,0237,0238"
7960006,Enzo Bartoli Barbera d'Asti Superiore,MGM S.r.l.,329.0,1500 ml,Glasflaska,Fruktigt & Smakrikt,Italien,Barbera,Fast sortiment,62,"0102,0104,0106,0107,0110,0113,0114,0132,0133,0134,0135,0136,0137,0140,0143,0144,0145,0147,0150,0151,0163,0165,0167,0168,0170,0171,0172,0173,0174,0176,0177,0178,0179,0180,0182,0201,0202,0204,0206,0208,0209,0211,0212,0213,0214,0215,0216,0217,0218,0219,0221,0222,0224,0225,0226,0228,0229,0230,0231,0232,0237,0238"
289901,Pinot Gris Premium Réserve,Bestheim,125.0,750 ml,Glasflaska,Druvigt & Blommigt,Frankrike,Pinot gris,Fast sortiment,63,"0102,0104,0107,0113,0114,0132,0133,0134,0135,0136,0137,0140,0143,0144,0145,0147,0150,0151,0163,0165,0167,0168,0170,0171,0172,0173,0175,0176,0177,0178,0179,0180,0182,0201,0202,0204,0206,0207,0208,0209,0210,0211,0212,0213,0214,0215,0216,0217,0218,0219,0221,0222,0224,0225,0226,0228,0229,0230,0231,0232,0234,0237,0238"
2012012,Chardonnayburk,Quarisa Wines,69.0,500 ml,Burk,Friskt & Fruktigt,Australien,Chardonnay,Fast sortiment,51,"0102,0104,0106,0107,0113,0114,0134,0135,0136,0140,0145,0147,0150,0151,0165,0167,0168,0170,0171,0173,0174,0175,0176,0177,0178,0179,0180,0182,0201,0202,0206,0208,0209,0211,0212,0213,0214,0215,0216,0218,0219,0220,0222,0225,0226,0228,0229,0230,0232,0237,0238"
737201,Palmer & Co La Réserve Brut,Palmer & Co,399.0,750 ml,Glasflaska,Torrt vitt,Frankrike,,Fast sortiment,66,"0102,0104,0106,0107,0110,0113,0114,0132,0133,0134,0135,0136,0137,0138,0140,0143,0144,0145,0147,0150,0151,0163,0165,0167,0168,0170,0171,0172,0173,0174,0175,0176,0177,0178,0179,0180,0182,0201,0202,0204,0206,0207,0208,0209,0210,0211,0212,0213,0214,0215,0216,0217,0218,0219,0221,0222,0224,0225,0226,0228,0229,0230,0231,0232,0237,0238"
7396601,Zensa Primitivo,Orion Wines,99.0,750 ml,Lättare glasflaska,Fruktigt & Smakrikt,Italien,Primitivo,Fast sortiment,60,"0102,0104,0106,0107,0113,0114,0132,0133,0134,0135,0136,0137,0140,0144,0145,0147,0150,0151,0165,0167,0168,0170,0171,0172,0173,0174,0175,0176,0177,0178,0179,0180,0182,0201,0202,0204,0206,0208,0209,0210,0211,0212,0213,0214,0215,0216,0217,0218,0219,0221,0222,0225,0226,0228,0229,0230,0231,0232,0237,0238"
7401201,Atlântimor Alvarinho,Rubic Beverages AB,119.0,750 ml,Lättare glasflaska,Friskt & Fruktigt,Portugal,Alvarinho,Fast sortiment,66,"0102,0104,0106,0107,0113,0114,0132,0133,0134,0135,0136,0137,0140,0143,0144,0145,0147,0150,0151,0163,0165,0167,0168,0170,0171,0172,0173,0174,0175,0176,0177,0178,0179,0180,0182,0201,0202,0204,0206,0207,0208,0209,0210,0211,0212,0213,0214,0215,0216,0217,0218,0219,0221,0222,0223,0224,0225,0226,0228,0229,0230,0231,0232,0236,0237,0238"
540802,Beaujolais Royal,Dufouleur Frères,75.0,375 ml,Glasflaska,Mjukt & Bärigt,Frankrike,Gamay,Fast sortiment,63,"0102,0104,0106,0107,0113,0114,0132,0133,0134,0135,0136,0137,0140,0143,0144,0145,0147,0150,0151,0165,0167,0168,0170,0171,0172,0173,0174,0175,0176,0177,0178,0179,0180,0182,0201,0202,0204,0206,0208,0209,0210,0211,0212,0213,0214,0215,0216,0217,0218,0219,0221,0222,0224,0225,0226,0228,0229,0230,0231,0232,0234,0237,0238"
274301,Petillant de Gabriel Brut,Vignobles Gabriel & CO,99.0,750 ml,Lättare glasflaska,Torrt vitt,Frankrike,"Colombard, Ugni blanc",Fast sortiment,56,"0102,0104,0106,0107,0113,0114,0132,0133,0134,0136,0137,0140,0144,0145,0147,0151,0163,0165,0167,0168,0170,0171,0172,0173,0174,0175,0176,0178,0179,0180,0182,0201,0202,0204,0206,0207,0209,0210,0211,0212,0213,0215,0216,0217,0218,0219,0221,0222,0226,0228,0229,0230,0231,0232,0237,0238"
7021701,Les Sorts Selecció,Celler el  Masroig,119.0,750 ml,Glasflaska,Kryddigt & Mustigt,Spanien,"Carignan, Grenache, Syrah",Fast sortiment,65,"0102,0104,0106,0107,0113,0114,0132,0133,0134,0135,0136,0137,0138,0140,0143,0144,0145,0147,0150,0151,0163,0165,0167,0168,0170,0171,0172,0173,0174,0175,0176,0177,0178,0179,0180,0182,0201,0202,0204,0206,0207,0208,0209,0210,0211,0212,0213,0214,0215,0216,0217,0218,0219,0221,0222,0224,0225,0226,0228,0229,0230,0231,0232,0237,0238"
7794001,Enzo Bartoli Rosato,MGM S.r.l.,139.0,750 ml,Glasflaska,Friskt & Bärigt,Italien,"Barbera, Dolcetto",Fast sortiment,66,"0102,0104,0106,0107,0113,0114,0132,0133,0134,0135,0136,0137,0138,0140,0143,0144,0145,0147,0150,0151,0163,0165,0167,0168,0170,0171,0172,0173,0174,0175,0176,0177,0178,0179,0180,0182,0201,0202,0204,0206,0207,0208,0209,0210,0211,0212,0213,0214,0215,0216,0217,0218,0219,0220,0221,0222,0224,0225,0226,0228,0229,0230,0231,0232,0237,0238"
9335601,Belguardo Bronzone Marchesi Mazzei,Marchesi Mazzei,169.0,750 ml,Glasflaska,Stramt & Nyanserat,Italien,Morellino,Tillfälligt sortiment,64,"0102,0104,0106,0107,0110,0113,0114,0132,0133,0134,0135,0136,0137,0138,0140,0143,0144,0145,0147,0148,0151,0163,0165,0167,0168,0170,0171,0172,0173,0174,0175,0176,0177,0178,0179,0180,0201,0202,0204,0205,0206,0207,0209,0210,0211,0212,0213,0215,0216,0217,0218,0220,0221,0223,0224,0226,0228,0229,0230,0231,0232,0234,0237,0238"
742401,Veuve Clicquot Brut Gula Änkan,Veuve Clicquot,589.0,750 ml,Glasflaska,Torrt vitt,Frankrike,"Chardonnay, Pinot meunier, Pinot noir",Fast sortiment,69,"0102,0104,0106,0107,0110,0113,0114,0132,0133,0134,0135,0136,0137,0138,0140,0143,0144,0145,0147,0150,0151,0163,0165,0167,0168,0170,0171,0172,0173,0174,0175,0176,0177,0178,0179,0180,0182,0201,0202,0204,0206,0207,0208,0209,0210,0211,0212,0213,0214,0215,0216,0217,0218,0219,0221,0222,0223,0224,0225,0226,0228,0229,0230,0231,0232,0234,0237,0238,0239"
589901,Georg Breuer Sauvage Riesling,Georg Breuer,149.0,750 ml,Lättare glasflaska,Friskt & Fruktigt,Tyskland,Riesling,Fast sortiment,58,"0102,0104,0106,0107,0113,0114,0132,0133,0134,0136,0137,0138,0140,0143,0144,0145,0147,0151,0163,0165,0167,0170,0171,0172,0173,0174,0175,0176,0178,0179,0180,0182,0201,0202,0204,0206,0207,0208,0209,0211,0212,0213,0214,0215,0216,0217,0218,0221,0222,0224,0226,0228,0229,0230,0231,0232,0237,0238"
7327301,Storia di Famiglia Chianti Classico,Cecchi,139.0,750 ml,Glasflaska,Kryddigt & Mustigt,Italien,Sangiovese,Fast sortiment,65,"0102,0104,0106,0107,0110,0113,0114,0132,0133,0134,0135,0136,0137,0140,0143,0144,0145,0147,0150,0151,0163,0165,0167,0168,0170,0171,0172,0173,0174,0175,0176,0177,0178,0179,0180,0182,0201,0202,0204,0206,0207,0208,0209,0210,0211,0212,0213,0214,0215,0216,0217,0218,0219,0221,0222,0224,0225,0226,0228,0229,0230,0231,0232,0237,0238"
9456601,Gassier Côtes du Rhône,Domaine Gassier,149.0,750 ml,Glasflaska,Kryddigt & Mustigt,Frankrike,"Grenache, Mourvèdre, Syrah",Tillfälligt sortiment,62,"0102,0104,0106,0107,0110,0113,0114,0132,0133,0134,0135,0136,0137,0138,0140,0143,0144,0145,0147,0151,0163,0165,0167,0168,0170,0171,0172,0173,0174,0175,0176,0177,0178,0179,0180,0201,0202,0204,0205,0206,0207,0209,0210,0211,0212,0213,0215,0217,0218,0220,0221,0223,0224,0226,0228,0229,0230,0231,0232,0234,0237,0238"
259002,M de Minuty Rosé,Château Minuty,99.0,375 ml,Glasflaska,Friskt & Bärigt,Frankrike,"Cinsault, Grenache, Syrah",Fast sortiment,67,"0102,0104,0106,0107,0110,0113,0114,0132,0133,0134,0135,0136,0137,0138,0140,0143,0144,0145,0147,0150,0151,0163,0165,0167,0168,0170,0171,0172,0173,0174,0175,0176,0177,0178,0179,0180,0182,0201,0202,0204,0206,0207,0208,0209,0210,0211,0212,0213,0214,0215,0216,0217,0218,0219,0220,0221,0222,0224,0225,0226,0228,0229,0230,0231,0232,0237,0238"
7959901,Maison Blanche Chardonnay,ViniMundi,99.0,1000 ml,Lättare glasflaska,Fylligt & Smakrikt,Frankrike,Chardonnay,Fast sortiment,59,"0102,0104,0106,0107,0113,0114,0134,0135,0136,0140,0145,0147,0148,0150,0151,0165,0167,0168,0170,0171,0172,0173,0174,0175,0176,0177,0178,0179,0180,0182,0201,0202,0204,0206,0208,0209,0210,0211,0212,0213,0214,0215,0216,0217,0218,0219,0221,0222,0224,0225,0226,0228,0229,0230,0231,0232,0235,0237,0238"
620701,Black Stallion Napa Valley Cabernet Sauvignon,Black Stallion Estate Winery,389.0,750 ml,Glasflaska,Fruktigt & Smakrikt,USA,Cabernet sauvignon,Fast sortiment,65,"0102,0104,0106,0107,0110,0113,0114,0132,0133,0134,0135,0136,0137,0140,0143,0144,0145,0147,0150,0151,0163,0165,0167,0168,0170,0171,0172,0173,0174,0175,0176,0177,0178,0179,0180,0182,0201,0202,0204,0206,0207,0208,0209,0211,0212,0213,0214,0215,0216,0217,0218,0219,0221,0222,0224,0225,0226,0228,0229,0230,0231,0232,0237,0238,0239"
7131201,Feldhaus Riesling,Fields Wine Company AB,97.0,1000 ml,Lättare glasflaska,Friskt & Fruktigt,Tyskland,Riesling,Fast sortiment,55,"0102,0104,0106,0107,0113,0114,0134,0135,0136,0140,0145,0147,0148,0150,0151,0165,0167,0168,0170,0171,0172,0173,0174,0176,0177,0178,0179,0180,0182,0201,0202,0206,0208,0209,0210,0211,0212,0213,0214,0215,0216,0217,0218,0219,0222,0223,0225,0226,0228,0229,0230,0232,0234,0237,0238"
220401,Château Bouscassé,Alain Brumont,199.0,750 ml,Glasflaska,Stramt & Nyanserat,Frankrike,"Tannat, Cabernet franc, Cabernet sauvignon",Fast sortiment,64,"0102,0104,0106,0107,0110,0113,0114,0132,0133,0134,0135,0137,0140,0143,0144,0145,0147,0150,0151,0163,0165,0167,0168,0170,0171,0172,0174,0175,0176,0177,0178,0179,0180,0182,0201,0202,0204,0206,0207,0208,0209,0210,0211,0212,0213,0214,0215,0216,0217,0218,0219,0220,0221,0222,0224,0225,0226,0228,0229,0230,0231,0232,0237,0238"
7592201,Vinistella Pinot Grigio,ViniMundi,99.0,750 ml,Lättare glasflaska,Druvigt & Blommigt,Italien,Pinot grigio,Fast sortiment,64,"0102,0104,0106,0107,0110,0113,0114,0133,0134,0135,0136,0137,0140,0143,0144,0145,0147,0150,0151,0163,0165,0167,0168,0170,0171,0172,0173,0174,0175,0176,0177,0178,0179,0180,0182,0201,0202,0204,0206,0207,0208,0209,0210,0211,0212,0213,0214,0215,0216,0217,0218,0219,0220,0221,0222,0224,0225,0226,0228,0229,0230,0232,0237,0238"
2014901,Poggiotondo Vermentino Delle Conchiglie,Poggiotondo,129.0,750 ml,Lättare glasflaska,Friskt & Fruktigt,Italien,Vermentino,Fast sortiment,65,"0102,0104,0106,0107,0110,0113,0114,0132,0133,0134,0135,0136,0137,0140,0143,0144,0145,0147,0150,0151,0163,0165,0167,0168,0170,0171,0172,0173,0174,0175,0176,0177,0178,0179,0180,0182,0201,0202,0204,0206,0207,0208,0209,0211,0212,0213,0214,0215,0216,0217,0218,0219,0220,0221,0222,0224,0225,0226,0228,0229,0230,0231,0232,0237,0238"
464101,Cono Sur Pinot Noir Organic,Viña Cono Sur,99.0,750 ml,Lättare glasflaska,Kryddigt & Mustigt,Chile,Pinot noir,Fast sortiment,54,"0102,0104,0106,0107,0113,0114,0132,0133,0134,0136,0140,0144,0145,0147,0151,0165,0167,0170,0171,0172,0173,0174,0175,0176,0178,0179,0180,0182,0201,0202,0204,0206,0207,0208,0209,0211,0212,0213,0214,0215,0216,0217,0218,0221,0222,0225,0226,0228,0229,0230,0231,0232,0237,0238"
7580201,"Frantzén & Cauble Côtes du Rhône Grenache, Cinsault, Syrah",Björn Frantzén,179.0,750 ml,Lättare glasflaska,Kryddigt & Mustigt,Frankrike,"Cinsault, Grenache, Syrah",Fast sortiment,64,"0102,0104,0106,0107,0110,0113,0114,0132,0133,0134,0136,0137,0140,0143,0144,0145,0147,0150,0151,0163,0165,0167,0168,0170,0171,0172,0173,0174,0175,0176,0177,0178,0179,0180,0182,0201,0202,0204,0206,0207,0208,0209,0210,0211,0212,0213,0214,0215,0216,0217,0218,0219,0220,0221,0224,0225,0226,0228,0229,0230,0231,0232,0237,0238"
7668601,Casa Marzoni Gran Marzoni Appassimento,Casa Marzoni,139.0,750 ml,Glasflaska,Kryddigt & Mustigt,Italien,Primitivo,Fast sortiment,57,"0102,0104,0106,0107,0113,0114,0134,0135,0136,0140,0145,0147,0150,0151,0165,0167,0168,0170,0171,0172,0173,0174,0175,0176,0177,0178,0179,0180,0182,0201,0202,0206,0208,0209,0210,0211,0212,0213,0214,0215,0216,0217,0218,0219,0221,0222,0225,0226,0228,0229,0230,0231,0232,0234,0235,0237,0238"
7493501,Soalheiro Alvarinho,Soalheiro,149.0,750 ml,Lättare glasflaska,Friskt & Fruktigt,Portugal,Alvarinho,Fast sortiment,66,"0102,0104,0106,0107,0110,0113,0114,0132,0133,0134,0135,0136,0137,0138,0140,0143,0144,0145,0147,0150,0151,0163,0165,0167,0168,0170,0171,0172,0173,0174,0175,0176,0177,0178,0179,0180,0182,0201,0202,0204,0206,0207,0208,0209,0211,0212,0213,0214,0215,0216,0217,0218,0219,0220,0221,0222,0224,0225,0226,0228,0229,0230,0231,0232,0237,0238"
7477501,Maison Francoise Bordeaux,Carovin AB,109.0,750 ml,Glasflaska,Kryddigt & Mustigt,Frankrike,,Fast sortiment,66,"0102,0104,0106,0107,0113,0114,0132,0133,0134,0135,0136,0137,0140,0143,0144,0145,0147,0150,0151,0163,0165,0167,0168,0170,0171,0172,0173,0174,0175,0176,0177,0178,0179,0180,0182,0201,0202,0204,0206,0207,0208,0209,0210,0211,0212,0213,0214,0215,0216,0217,0218,0219,0220,0221,0222,0224,0225,0226,0228,0229,0230,0231,0232,0234,0237,0238"
253501,Minimalista Monastrell,Wiberica Biotec S.L.,99.0,750 ml,Lättare glasflaska,Fruktigt & Smakrikt,Spanien,Monastrell,Fast sortiment,65,"0102,0104,0106,0107,0110,0113,0114,0132,0133,0134,0135,0136,0137,0138,0140,0143,0144,0145,0147,0150,0151,0163,0165,0167,0168,0170,0171,0172,0173,0174,0175,0176,0177,0178,0179,0180,0182,0201,0202,0204,0206,0207,0208,0209,0211,0212,0213,0214,0215,0216,0217,0218,0219,0221,0222,0224,0225,0226,0228,0229,0230,0231,0232,0237,0238"
652001,McManis Petite Sirah,McManis Family Vineyards,119.0,750 ml,Lättare glasflaska,Fruktigt & Smakrikt,USA,Petite sirah,Fast sortiment,48,"0102,0104,0106,0107,0110,0113,0114,0134,0136,0140,0144,0145,0147,0151,0165,0167,0170,0171,0172,0173,0174,0175,0176,0178,0179,0180,0201,0202,0206,0209,0211,0212,0213,0215,0216,0217,0218,0221,0222,0226,0228,0229,0230,0231,0232,0234,0237,0238"
2201801,Porta 6 Branco,Vidigal wines,89.0,750 ml,Lättare glasflaska,Friskt & Fruktigt,Portugal,"Fernão pires, Arinto, Alvarinho",Fast sortiment,61,"0102,0104,0106,0107,0113,0114,0132,0133,0134,0135,0136,0137,0140,0144,0145,0147,0150,0151,0165,0167,0168,0170,0171,0172,0173,0174,0175,0176,0177,0178,0179,0180,0182,0201,0202,0204,0206,0208,0209,0210,0211,0212,0213,0214,0215,0216,0217,0218,0219,0221,0222,0224,0225,0226,0228,0229,0230,0231,0232,0237,0238"
9208901,Grand Chêne Maison Cazes,Maison Cazes,129.0,750 ml,Glasflaska,Fruktigt & Smakrikt,Frankrike,"Grenache, Syrah",Tillfälligt sortiment,61,"0102,0104,0106,0107,0110,0113,0114,0132,0133,0134,0135,0136,0137,0138,0140,0143,0144,0145,0147,0151,0163,0165,0167,0168,0170,0171,0172,0173,0174,0175,0176,0177,0178,0179,0180,0201,0202,0204,0206,0207,0208,0209,0210,0211,0212,0213,0215,0216,0217,0220,0221,0223,0224,0226,0228,0229,0230,0231,0232,0237,0238"
9514301,Les Gadilles Rasteau M.Chapoutier,M.Chapoutier,199.0,750 ml,Lättare glasflaska,Fruktigt & Smakrikt,Frankrike,"Grenache noir, Syrah, Mourvèdre",Tillfälligt sortiment,62,"0102,0104,0106,0107,0110,0113,0114,0132,0133,0134,0135,0136,0137,0138,0140,0143,0144,0145,0147,0148,0151,0163,0165,0167,0168,0170,0171,0172,0173,0174,0175,0176,0177,0178,0179,0180,0201,0202,0204,0206,0207,0209,0210,0211,0212,0213,0215,0216,0217,0218,0220,0221,0223,0224,0226,0228,0229,0230,0231,0232,0237,0238"
2018101,Sander Prestige Cuvée Riesling Brut,Weingut Sander,179.0,750 ml,Glasflaska,Torrt vitt,Tyskland,Riesling,Fast sortiment,66,"0102,0104,0106,0107,0110,0113,0114,0132,0133,0134,0135,0136,0137,0138,0140,0143,0144,0145,0147,0148,0150,0151,0163,0165,0167,0168,0170,0171,0172,0173,0174,0175,0176,0177,0178,0179,0180,0182,0201,0202,0204,0206,0207,0208,0209,0211,0212,0213,0214,0215,0217,0218,0219,0220,0221,0222,0224,0225,0226,0228,0229,0230,0231,0232,0237,0238"
2031334,Ecologica Girasol Rosé Organic Bobal,Hammeken Cellars,49.0,250 ml,Burk,Fruktigt & Smakrikt,Spanien,Bobal,Fast sortiment,53,"0102,0104,0106,0107,0113,0114,0134,0135,0136,0140,0145,0147,0150,0151,0165,0167,0168,0170,0171,0172,0173,0174,0175,0176,0177,0178,0179,0180,0182,0201,0202,0206,0208,0209,0211,0212,0213,0214,0215,0216,0217,0218,0219,0220,0222,0225,0226,0228,0229,0230,0232,0237,0238"
281106,Château Mont-Redon Châteauneuf-du-Pape,Château Mont-Redon,759.0,1500 ml,Glasflaska,Kryddigt & Mustigt,Frankrike,"Cinsault, Counoise, Grenache, Mourvèdre, Muscardin",Fast sortiment,65,"0102,0104,0106,0107,0110,0113,0114,0132,0133,0134,0135,0136,0137,0140,0143,0144,0145,0147,0150,0151,0163,0165,0167,0168,0170,0171,0172,0173,0174,0175,0176,0177,0178,0179,0180,0182,0201,0202,0204,0206,0207,0208,0209,0211,0212,0213,0214,0215,0216,0217,0218,0219,0220,0221,0222,0224,0225,0226,0228,0229,0230,0231,0232,0237,0238"
2232501,Marquis des Beys Red,Domaine des Tourelles,239.0,750 ml,Glasflaska,Fruktigt & Smakrikt,Libanon,"Cabernet sauvignon, Syrah",Fast sortiment,64,"0102,0104,0106,0107,0113,0114,0132,0133,0134,0135,0136,0137,0140,0143,0144,0145,0147,0150,0151,0163,0165,0167,0168,0170,0171,0172,0173,0174,0175,0176,0177,0178,0179,0180,0182,0201,0202,0204,0206,0207,0208,0209,0211,0212,0213,0214,0215,0216,0217,0218,0219,0220,0221,0222,0224,0225,0226,0228,0229,0230,0231,0232,0237,0238"
468202,Grand Tokaj Szamorodni,Grand Tokaj,169.0,500 ml,Glasflaska,Sött,Ungern,,Fast sortiment,65,"0102,0104,0106,0107,0113,0114,0132,0133,0134,0135,0136,0137,0140,0143,0144,0145,0147,0150,0151,0163,0165,0167,0168,0170,0171,0172,0173,0174,0175,0176,0177,0178,0179,0180,0182,0201,0202,0204,0206,0207,0208,0209,0210,0211,0212,0213,0214,0215,0216,0217,0218,0219,0220,0221,0222,0224,0225,0226,0228,0229,0230,0231,0232,0237,0238"
792601,Ecologica Moscato Spumante,La Riojana,109.0,750 ml,Glasflaska,Sött,Argentina,Muscat,Fast sortiment,65,"0102,0104,0106,0107,0110,0113,0114,0132,0133,0134,0135,0136,0137,0140,0143,0144,0145,0147,0150,0151,0163,0165,0167,0168,0170,0171,0172,0173,0174,0175,0176,0177,0178,0179,0180,0182,0201,0202,0204,0206,0207,0208,0209,0211,0212,0213,0214,0215,0216,0217,0218,0219,0220,0221,0222,0224,0225,0226,0228,0229,0230,0231,0232,0237,0238"
9600801,Bastion de la Luna Albariño,Forjas del Salnés,199.0,750 ml,Glasflaska,Friskt & Fruktigt,Spanien,Albariño,Tillfälligt sortiment,63,"0102,0104,0106,0107,0110,0113,0114,0132,0133,0134,0135,0136,0137,0138,0140,0143,0144,0145,0147,0148,0151,0163,0165,0167,0168,0170,0171,0172,0173,0174,0175,0176,0177,0178,0179,0180,0201,0202,0204,0206,0207,0209,0210,0211,0212,0213,0214,0215,0216,0217,0220,0221,0223,0224,0226,0228,0229,0230,0231,0232,0235,0237,0238"
282001,Torre do Olivar Treixadura,Adegas Pazo do Mar,149.0,750 ml,Lättare glasflaska,Friskt & Fruktigt,Spanien,"Treixadura, Albariño",Fast sortiment,62,"0102,0104,0106,0107,0113,0114,0132,0133,0134,0135,0136,0137,0140,0143,0144,0145,0147,0150,0151,0163,0165,0167,0168,0170,0172,0173,0174,0175,0176,0177,0178,0179,0180,0182,0201,0202,0204,0206,0207,0208,0209,0211,0212,0213,0214,0215,0216,0217,0218,0219,0221,0222,0224,0225,0226,0228,0229,0230,0231,0232,0237,0238"
229601,Visio Vintners Pinotage,Liciacept (Pty) Ltd (trading as Visio Vintners),119.0,750 ml,Lättare glasflaska,Fruktigt & Smakrikt,Sydafrika,Pinotage,Fast sortiment,40,"0102,0104,0106,0110,0113,0114,0134,0135,0140,0145,0150,0151,0173,0174,0176,0178,0179,0182,0202,0207,0208,0209,0211,0212,0213,0214,0215,0217,0219,0222,0223,0225,0226,0227,0228,0230,0232,0234,0237,0238"
5392901,Revenge of The Little Pig Pinot Noir,Iconic Wines,99.0,750 ml,Lättare glasflaska,Mjukt & Bärigt,Tyskland,Pinot noir,Fast sortiment,64,"0102,0104,0106,0107,0110,0113,0114,0132,0133,0134,0135,0136,0137,0140,0143,0144,0145,0147,0150,0151,0163,0165,0167,0168,0170,0171,0172,0173,0174,0175,0176,0177,0178,0179,0180,0182,0201,0202,0204,0206,0207,0208,0209,0211,0212,0213,0214,0215,0216,0217,0218,0219,0221,0222,0224,0225,0226,0228,0229,0230,0231,0232,0237,0238"
463801,Stellenbosch Reserve Vanderstel,The Stellenbosch Reserve,149.0,750 ml,Glasflaska,Fruktigt & Smakrikt,Sydafrika,"Cabernet sauvignon, Merlot, Petit verdot, Cabernet franc, Malbec",Fast sortiment,65,"0102,0104,0106,0107,0110,0113,0114,0132,0133,0134,0135,0136,0137,0138,0140,0143,0144,0145,0147,0150,0151,0163,0165,0167,0168,0170,0171,0172,0173,0174,0175,0176,0177,0178,0179,0180,0182,0201,0202,0204,0206,0207,0208,0209,0211,0212,0213,0214,0215,0216,0217,0218,0219,0220,0221,0222,0224,0225,0226,0228,0229,0231,0232,0237,0238"
754902,Pol Roger Brut Réserve,Pol Roger,329.0,375 ml,Glasflaska,Torrt vitt,Frankrike,"Chardonnay, Pinot meunier, Pinot noir",Fast sortiment,66,"0102,0104,0106,0107,0110,0113,0114,0132,0133,0134,0135,0136,0137,0138,0140,0143,0144,0145,0147,0150,0151,0163,0165,0167,0168,0170,0171,0172,0173,0174,0175,0176,0178,0179,0180,0182,0201,0202,0204,0206,0207,0208,0209,0210,0211,0212,0213,0214,0215,0216,0217,0218,0219,0220,0221,0222,0224,0225,0226,0228,0229,0230,0231,0232,0237,0238"
273401,Marqués de Cáceres Crianza,Bodegas Marqués de Cáceres,99.0,750 ml,Lättare glasflaska,Kryddigt & Mustigt,Spanien,"Tempranillo, Garnacha, Graciano",Fast sortiment,55,"0102,0104,0106,0107,0113,0114,0132,0133,0134,0135,0136,0140,0145,0147,0150,0165,0167,0168,0170,0171,0172,0173,0174,0175,0176,0178,0180,0182,0201,0202,0206,0208,0209,0210,0211,0212,0213,0214,0215,0216,0217,0218,0219,0220,0221,0222,0225,0226,0228,0229,0230,0231,0232,0237,0238"
9257401,DeAetna Bianco Terra Costantino,Terra Costantino,195.0,750 ml,Lättare glasflaska,Fylligt & Smakrikt,Italien,"Carricante, Catarratto, Minella",Tillfälligt sortiment,61,"0102,0104,0106,0107,0110,0113,0114,0132,0133,0134,0135,0136,0137,0138,0140,0143,0144,0145,0147,0148,0151,0163,0165,0167,0170,0171,0172,0173,0174,0175,0176,0177,0178,0179,0180,0201,0202,0204,0206,0207,0209,0210,0211,0212,0213,0215,0216,0217,0220,0221,0223,0224,0226,0228,0229,0230,0231,0232,0234,0237,0238"
7038501,Castelmare Prosecco Rosé Extra Dry,Oenoforos,119.0,750 ml,Glasflaska,Rosé,Italien,,Fast sortiment,51,"0102,0104,0106,0107,0113,0114,0134,0135,0136,0140,0145,0147,0150,0151,0165,0167,0168,0171,0172,0173,0174,0176,0177,0178,0179,0180,0182,0201,0202,0206,0208,0209,0210,0211,0212,0213,0215,0216,0217,0218,0219,0222,0225,0226,0228,0229,0230,0232,0234,0237,0238"
273501,Cuvée Prestige Rosé Millésime JM Gobillard & Fils,L'Altavilloise,381.0,750 ml,Glasflaska,Rosé,Frankrike,"Chardonnay, Pinot noir",Fast sortiment,63,"0102,0104,0106,0107,0110,0113,0114,0133,0134,0136,0137,0140,0143,0144,0145,0147,0148,0150,0151,0163,0165,0167,0171,0172,0173,0174,0175,0176,0177,0178,0179,0180,0182,0201,0202,0204,0205,0206,0207,0208,0209,0210,0211,0212,0213,0215,0216,0217,0218,0219,0221,0223,0224,0225,0226,0228,0230,0231,0232,0234,0236,0237,0238"
796135,Ginger Prince Rosé Bubbles,Fowles Wine,79.0,375 ml,Burk,Rosé,Australien,"Shiraz, Riesling, Chardonnay, Vermentino",Fast sortiment,54,"0102,0104,0106,0107,0110,0113,0114,0134,0135,0136,0140,0145,0147,0150,0151,0165,0167,0168,0170,0171,0172,0173,0174,0175,0176,0177,0178,0179,0180,0182,0201,0202,0206,0208,0209,0211,0212,0213,0214,0215,0216,0217,0218,0219,0220,0222,0225,0226,0228,0229,0230,0232,0237,0238"
669401,Irony Pinot Noir,Irony Wine Cellars,169.0,750 ml,Lättare glasflaska,Kryddigt & Mustigt,USA,"Pinot noir, Petite sirah",Fast sortiment,55,"0102,0106,0107,0113,0114,0132,0133,0134,0135,0136,0137,0138,0140,0144,0145,0147,0150,0151,0165,0167,0170,0171,0172,0173,0174,0175,0176,0178,0179,0180,0182,0201,0202,0204,0206,0208,0209,0211,0212,0213,0214,0215,0216,0217,0220,0221,0222,0224,0226,0228,0230,0231,0232,0237,0238"
1238501,Zenato Valpolicella Classico Superiore,Zenato,159.0,750 ml,Lättare glasflaska,Kryddigt & Mustigt,Italien,"Corvina veronese, Rondinella, Corvinone",Fast sortiment,65,"0102,0104,0106,0107,0110,0113,0114,0132,0133,0134,0135,0136,0137,0140,0143,0144,0145,0147,0150,0151,0163,0165,0167,0168,0170,0171,0172,0173,0174,0175,0176,0177,0178,0179,0180,0182,0201,0202,0204,0206,0207,0208,0209,0210,0212,0213,0214,0215,0216,0217,0218,0219,0220,0221,0222,0224,0225,0226,0228,0229,0230,0231,0232,0237,0238"
5531501,Hola MZ Cava Rosé by Måns Zelmerlöw,Barcelona Brands S.L,119.0,750 ml,Glasflaska,Rosé,Spanien,,Fast sortiment,57,"0102,0104,0106,0107,0113,0114,0132,0134,0135,0136,0140,0144,0145,0147,0150,0151,0165,0167,0168,0170,0171,0172,0173,0174,0175,0176,0177,0178,0179,0180,0182,0201,0202,0206,0208,0209,0211,0212,0213,0214,0215,0216,0217,0218,0219,0220,0221,0222,0225,0226,0228,0229,0230,0231,0232,0237,0238"
9562801,La Piade Vinsobres Domaine Chaume Arnaud,Domaine Chaume Arnaud,169.0,750 ml,Glasflaska,Fruktigt & Smakrikt,Frankrike,"Grenache, Syrah, Mourvèdre, Cinsault",Tillfälligt sortiment,60,"0102,0104,0106,0107,0110,0113,0114,0132,0133,0134,0135,0136,0137,0138,0140,0143,0144,0145,0147,0151,0163,0165,0167,0168,0170,0171,0172,0173,0174,0175,0176,0177,0178,0179,0180,0201,0202,0204,0206,0207,0209,0210,0211,0212,0213,0215,0216,0217,0220,0221,0223,0224,0226,0228,0229,0230,0231,0232,0237,0238"
556501,Chablis Sainte Claire J M Brocard,J M Brocard,195.0,750 ml,Lättare glasflaska,Friskt & Fruktigt,Frankrike,Chardonnay,Fast sortiment,66,"0102,0104,0106,0107,0113,0114,0132,0133,0134,0135,0136,0137,0138,0140,0143,0144,0145,0147,0150,0151,0163,0165,0167,0168,0170,0171,0172,0173,0174,0175,0176,0177,0178,0179,0180,0182,0201,0202,0204,0206,0207,0208,0209,0211,0212,0213,0214,0215,0216,0217,0218,0219,0220,0221,0222,0224,0225,0226,0228,0229,0230,0231,0232,0237,0238,0239"
224701,Chin Chin,Viña Morande,89.0,750 ml,Lättare glasflaska,Mjukt & Bärigt,Chile,"Cabernet sauvignon, Carmenère",Fast sortiment,45,"0102,0104,0106,0107,0110,0113,0114,0134,0136,0140,0145,0147,0151,0165,0167,0170,0171,0172,0173,0174,0175,0176,0178,0179,0180,0201,0202,0206,0209,0210,0211,0212,0213,0215,0216,0217,0222,0226,0227,0228,0229,0230,0232,0237,0238"
579801,Couvent des Jacobins Bourgogne Blanc,Louis Jadot,229.0,750 ml,Glasflaska,Fylligt & Smakrikt,Frankrike,Chardonnay,Fast sortiment,58,"0102,0104,0106,0107,0110,0113,0114,0132,0133,0134,0135,0136,0137,0138,0140,0143,0144,0145,0147,0151,0163,0165,0167,0170,0171,0172,0173,0174,0175,0176,0177,0178,0179,0180,0201,0202,0204,0206,0207,0209,0211,0212,0213,0215,0216,0217,0220,0221,0224,0225,0226,0228,0229,0230,0231,0232,0237,0238"
5028701,Gremillet Tradition Extra Brut,Champagne J-M Gremillet,399.0,750 ml,Glasflaska,Torrt vitt,Frankrike,"Chardonnay, Pinot noir",Fast sortiment,58,"0102,0104,0106,0107,0113,0114,0132,0133,0134,0135,0136,0137,0140,0144,0145,0147,0150,0151,0165,0167,0168,0170,0171,0172,0173,0174,0175,0176,0177,0179,0180,0182,0201,0202,0204,0206,0208,0209,0211,0212,0213,0214,0215,0216,0217,0218,0219,0221,0222,0225,0226,0228,0229,0230,0231,0232,0237,0238"
9414001,Mural Quinta do Portal,Quinta do Portal,129.0,750 ml,Lättare glasflaska,Fruktigt & Smakrikt,Portugal,"Tinta roriz, Touriga francesa, Touriga naçional",Tillfälligt sortiment,58,"0102,0104,0106,0107,0110,0113,0114,0132,0133,0134,0135,0136,0137,0138,0140,0143,0144,0145,0147,0148,0151,0163,0165,0167,0168,0170,0171,0172,0173,0174,0175,0176,0177,0178,0179,0180,0201,0202,0205,0206,0209,0211,0212,0213,0215,0216,0217,0218,0220,0221,0224,0226,0228,0230,0231,0232,0237,0238"
747102,Bonnet Perle Rosée Brut,Alexandre Bonnet,255.0,375 ml,Glasflaska,Rosé,Frankrike,,Fast sortiment,65,"0102,0104,0106,0107,0110,0113,0114,0132,0133,0134,0135,0136,0137,0140,0143,0144,0145,0147,0150,0151,0163,0165,0167,0168,0170,0171,0172,0173,0174,0175,0176,0177,0178,0179,0180,0182,0201,0202,0204,0206,0207,0208,0209,0211,0212,0213,0214,0215,0216,0217,0218,0219,0220,0221,0222,0224,0225,0226,0228,0229,0230,0231,0232,0237,0238"
9265601,Hacienda López de Haro Gran Reserva,Vintae Luxury Wine Specialists,299.0,750 ml,Glasflaska,Kryddigt & Mustigt,Spanien,"Graciano, Tempranillo",Tillfälligt sortiment,61,"0102,0104,0106,0107,0110,0113,0114,0132,0133,0134,0135,0136,0137,0138,0140,0143,0144,0145,0147,0151,0163,0165,0167,0168,0170,0171,0172,0173,0174,0175,0176,0177,0178,0179,0180,0201,0202,0204,0206,0207,0209,0210,0211,0212,0213,0215,0216,0217,0219,0220,0221,0223,0224,0226,0228,0229,0230,0231,0232,0237,0238"
9472101,Maria de Maria Rigol Ordi Gran Reserva Brut Nature Organic,Maria Rigol Ordi,225.0,750 ml,Glasflaska,Torrt vitt,Spanien,Xarel-lo,Tillfälligt sortiment,60,"0102,0104,0106,0107,0110,0113,0114,0132,0133,0134,0135,0136,0137,0138,0140,0143,0144,0145,0147,0151,0163,0165,0167,0168,0170,0171,0172,0173,0174,0175,0176,0177,0178,0179,0180,0201,0202,0204,0206,0207,0209,0210,0211,0212,0213,0215,0216,0217,0220,0221,0223,0224,0226,0228,0229,0230,0231,0232,0237,0238"
2266201,Faustino VII,Faustino Martínez,99.0,750 ml,Lättare glasflaska,Kryddigt & Mustigt,Spanien,"Tempranillo, Mazuelo",Fast sortiment,55,"0102,0104,0106,0107,0114,0134,0135,0136,0140,0145,0147,0150,0151,0165,0167,0168,0170,0171,0172,0173,0174,0175,0176,0177,0178,0179,0180,0182,0201,0202,0204,0206,0208,0209,0210,0211,0212,0213,0214,0215,0216,0217,0218,0219,0221,0222,0225,0226,0228,0229,0230,0231,0232,0237,0238"
2018901,Gorgeous Brut Rosé,Old Road Wine Co,149.0,750 ml,Glasflaska,Rosé,Sydafrika,"Chardonnay, Pinot noir",Fast sortiment,66,"0102,0104,0106,0107,0110,0113,0114,0132,0133,0134,0135,0136,0137,0138,0140,0143,0144,0145,0147,0150,0151,0163,0165,0167,0168,0170,0171,0172,0173,0174,0175,0176,0177,0178,0179,0180,0182,0201,0202,0204,0206,0207,0208,0209,0211,0212,0213,0214,0215,0216,0217,0218,0219,0220,0221,0222,0224,0225,0226,0228,0229,0230,0231,0232,0237,0238"
796902,Freixenet Cordon Negro Brut,Freixenet,69.0,375 ml,Glasflaska,Torrt vitt,Spanien,"Macabeo, Parellada, Xarel-lo",Fast sortiment,56,"0102,0104,0106,0107,0110,0113,0114,0134,0135,0136,0140,0145,0147,0150,0151,0165,0167,0168,0170,0171,0172,0173,0174,0175,0176,0177,0178,0179,0180,0182,0201,0202,0206,0208,0209,0210,0211,0212,0213,0214,0215,0216,0217,0218,0219,0221,0222,0225,0226,0228,0229,0230,0231,0232,0237,0238"
7861401,Jean-Claude Boisset Bourgogne Pinot Noir Les Ursulines,Jean-Claude Boisset,199.0,750 ml,Glasflaska,Mjukt & Bärigt,Frankrike,Pinot noir,Fast sortiment,65,"0102,0104,0106,0107,0113,0114,0132,0133,0134,0135,0136,0137,0138,0140,0143,0144,0145,0147,0150,0151,0163,0165,0167,0168,0170,0171,0172,0173,0174,0175,0176,0177,0178,0179,0180,0182,0201,0202,0204,0206,0207,0208,0209,0210,0211,0212,0213,0214,0215,0216,0217,0218,0219,0221,0222,0224,0225,0226,0228,0229,0230,0231,0232,0237,0238"
9508301,Zestos Old Vine Garnacha,Compañía de Vinos del Atlántico,135.0,750 ml,Lättare glasflaska,Fruktigt & Smakrikt,Spanien,Garnacha,Tillfälligt sortiment,61,"0102,0104,0106,0107,0110,0113,0114,0132,0133,0134,0135,0136,0137,0138,0140,0143,0144,0145,0147,0151,0163,0165,0167,0168,0170,0171,0172,0173,0174,0175,0176,0177,0178,0179,0180,0201,0202,0204,0205,0206,0207,0209,0210,0211,0212,0213,0215,0216,0217,0220,0221,0223,0224,0226,0228,0229,0230,0231,0232,0237,0238"
9532101,Riesling Vinum Optimum Weingut Rudolf Rabl,Weingut Rudolf Rabl,169.0,750 ml,Glasflaska,Friskt & Fruktigt,Österrike,Riesling,Tillfälligt sortiment,61,"0102,0104,0106,0107,0110,0113,0114,0132,0133,0134,0135,0136,0137,0138,0140,0143,0144,0145,0147,0151,0163,0165,0167,0168,0170,0171,0172,0173,0174,0175,0176,0177,0178,0179,0180,0201,0202,0204,0206,0207,0209,0210,0211,0212,0213,0215,0216,0217,0220,0221,0223,0224,0226,0228,0229,0230,0231,0232,0237,0238,0239"
228702,Nittnaus Beerenauslese,Weingut Nittnaus,129.0,375 ml,Glasflaska,Sött,Österrike,,Fast sortiment,62,"0102,0104,0106,0107,0113,0114,0132,0133,0134,0136,0137,0140,0143,0144,0145,0147,0150,0151,0163,0165,0167,0170,0171,0172,0173,0174,0175,0176,0177,0178,0179,0180,0182,0201,0202,0204,0206,0207,0208,0209,0211,0212,0213,0214,0215,0216,0217,0218,0219,0220,0221,0222,0224,0225,0226,0228,0229,0230,0231,0232,0237,0238"
3241706,Villa Puccini,Castellani,195.0,1500 ml,Lättare glasflaska,Kryddigt & Mustigt,Italien,"Sangiovese, Merlot",Fast sortiment,59,"0102,0104,0106,0107,0113,0114,0132,0133,0134,0135,0136,0140,0144,0145,0147,0150,0151,0165,0167,0168,0171,0172,0173,0174,0176,0177,0178,0179,0180,0182,0201,0202,0204,0206,0208,0209,0210,0211,0212,0213,0214,0215,0216,0217,0218,0219,0220,0221,0222,0225,0226,0228,0229,0230,0231,0232,0235,0237,0238"
9013301,Albamar Albariño,Bodegas Albamar,219.0,750 ml,Glasflaska,Friskt & Fruktigt,Spanien,Albariño,Tillfälligt sortiment,60,"0102,0104,0106,0107,0110,0113,0114,0132,0133,0134,0135,0136,0137,0138,0140,0143,0144,0145,0147,0151,0163,0165,0167,0168,0170,0171,0172,0173,0174,0175,0176,0177,0178,0179,0180,0201,0202,0204,0206,0207,0209,0211,0212,0213,0215,0216,0217,0220,0221,0223,0224,0226,0228,0229,0230,0231,0232,0235,0237,0238"
7429901,Prohibition Zinfandel,Solera Sweden AB,99.0,750 ml,Glasflaska,Fruktigt & Smakrikt,USA,Zinfandel,Fast sortiment,55,"0102,0104,0106,0107,0113,0114,0134,0135,0136,0140,0145,0147,0150,0151,0165,0167,0168,0170,0171,0172,0173,0174,0175,0176,0177,0178,0179,0180,0182,0201,0202,0206,0208,0209,0210,0211,0212,0213,0214,0215,0216,0217,0218,0219,0221,0222,0225,0226,0228,0229,0230,0231,0232,0237,0238"
256601,Gazela,Sogrape,75.0,750 ml,Lättare glasflaska,Friskt & Fruktigt,Portugal,"Arinto, Loureiro, Trajadura, Azal",Fast sortiment,53,"0102,0104,0106,0107,0113,0114,0134,0136,0140,0145,0147,0148,0150,0151,0165,0167,0170,0171,0172,0173,0174,0175,0176,0178,0179,0180,0182,0201,0202,0205,0206,0209,0211,0212,0213,0215,0216,0217,0218,0219,0221,0222,0225,0226,0228,0229,0230,0231,0232,0234,0235,0237,0238"
9251701,Plateau des Chênes,Famille Brechet,189.0,750 ml,Glasflaska,Kryddigt & Mustigt,Frankrike,"Syrah, Grenache",Tillfälligt sortiment,59,"0102,0104,0106,0107,0110,0113,0114,0132,0133,0134,0135,0136,0137,0138,0140,0143,0144,0145,0147,0151,0163,0165,0167,0168,0170,0171,0172,0173,0174,0175,0176,0177,0178,0179,0180,0201,0202,0204,0206,0207,0209,0210,0211,0212,0213,0216,0217,0220,0221,0223,0224,0226,0228,0229,0230,0231,0232,0237,0238"
536404,Dr Loosen Riesling Beerenauslese,Dr Loosen,159.0,187 ml,Glasflaska,Sött,Tyskland,,Fast sortiment,65,"0102,0104,0106,0107,0113,0114,0132,0133,0134,0136,0137,0140,0143,0144,0145,0147,0150,0151,0163,0165,0167,0168,0170,0171,0172,0173,0174,0175,0176,0178,0179,0180,0182,0201,0202,0204,0206,0207,0208,0209,0210,0211,0212,0213,0214,0215,0216,0217,0218,0219,0220,0221,0222,0224,0225,0226,0228,0229,0230,0231,0232,0234,0236,0237,0238"
234201,Almodí Especial Garnatxa Peluda,Altavins Viticultors,129.0,750 ml,Lättare glasflaska,Fruktigt & Smakrikt,Spanien,Garnatxa peluda,Fast sortiment,53,"0102,0104,0106,0107,0110,0113,0114,0134,0135,0136,0140,0145,0147,0150,0151,0165,0167,0168,0170,0171,0172,0173,0174,0175,0176,0177,0178,0179,0180,0182,0201,0202,0206,0208,0209,0211,0212,0213,0214,0215,0216,0217,0218,0219,0222,0225,0226,0228,0229,0230,0232,0237,0238"
9228101,Assyrtiko Alepotrypa Vineyard,Hatzimichalis Estate,145.0,750 ml,Glasflaska,Friskt & Fruktigt,Grekland,Assyrtiko,Tillfälligt sortiment,61,"0102,0104,0106,0107,0110,0113,0114,0132,0133,0134,0135,0136,0137,0138,0140,0143,0144,0145,0147,0148,0151,0163,0165,0167,0168,0170,0171,0172,0173,0174,0175,0176,0177,0178,0179,0180,0201,0202,0205,0206,0208,0209,0211,0212,0213,0215,0216,0217,0218,0220,0221,0223,0224,0226,0228,0230,0231,0232,0235,0237,0238"
278501,Oakenshield Petite Sirah Castoro Cellars,Castoro Cellars,169.0,750 ml,Lättare glasflaska,Fruktigt & Smakrikt,USA,Petite sirah,Fast sortiment,63,"0102,0104,0106,0107,0110,0113,0114,0132,0133,0134,0135,0136,0137,0143,0144,0145,0147,0150,0151,0163,0165,0167,0168,0170,0171,0172,0173,0174,0175,0176,0177,0178,0179,0180,0182,0201,0202,0204,0206,0207,0208,0209,0211,0212,0213,0214,0215,0216,0217,0218,0219,0221,0222,0224,0225,0226,0228,0229,0230,0231,0232,0237,0238"
249201,Nizza Scrimaglio,Vite Colte,129.0,750 ml,Lättare glasflaska,Fruktigt & Smakrikt,Italien,Barbera,Fast sortiment,64,"0102,0104,0106,0107,0110,0113,0114,0132,0133,0134,0135,0136,0137,0140,0143,0144,0145,0147,0150,0151,0163,0165,0167,0168,0170,0171,0172,0173,0174,0175,0176,0177,0178,0179,0180,0182,0201,0202,0204,0207,0208,0209,0211,0212,0213,0214,0215,0216,0217,0218,0219,0220,0221,0222,0224,0225,0226,0228,0229,0230,0231,0232,0237,0238"
7215614,Cape Fynbos Merlot,The Grape Grinder,50.0,250 ml,Burk,Fruktigt & Smakrikt,Sydafrika,Merlot,Fast sortiment,41,"0102,0104,0106,0107,0110,0114,0133,0134,0136,0140,0143,0145,0147,0151,0165,0167,0170,0173,0174,0175,0176,0178,0179,0180,0209,0211,0212,0213,0215,0216,0217,0219,0220,0226,0228,0229,0230,0232,0235,0237,0238"
7786001,Pazzione Cava by Pernilla Wahlgren,ViniMundi,115.0,750 ml,Glasflaska,Torrt vitt,Spanien,,Fast sortiment,48,"0102,0104,0106,0107,0113,0114,0134,0136,0140,0145,0147,0151,0165,0167,0171,0172,0173,0174,0176,0178,0179,0180,0182,0201,0202,0205,0206,0209,0210,0211,0212,0213,0214,0215,0216,0217,0218,0219,0221,0222,0223,0226,0228,0229,0230,0232,0237,0238"
230001,Villa Antinori,Marchesi Antinori,179.0,750 ml,Lättare glasflaska,Kryddigt & Mustigt,Italien,"Sangiovese, Cabernet sauvignon, Merlot, Syrah",Fast sortiment,59,"0102,0104,0106,0107,0113,0114,0132,0133,0134,0135,0136,0140,0144,0145,0147,0150,0151,0165,0167,0168,0170,0171,0172,0173,0174,0175,0176,0177,0178,0179,0180,0182,0201,0202,0204,0206,0208,0209,0210,0211,0212,0213,0214,0215,0216,0217,0218,0219,0221,0222,0225,0226,0228,0229,0230,0231,0232,0237,0238"
630201,Gurra Gurra Creek Shiraz,Nordic Sea Winery,89.0,750 ml,Lättare glasflaska,Fruktigt & Smakrikt,Australien,"Shiraz, Cabernet sauvignon",Fast sortiment,52,"0102,0104,0106,0107,0113,0114,0134,0135,0136,0137,0140,0145,0147,0150,0151,0165,0167,0168,0171,0172,0173,0174,0176,0177,0178,0179,0180,0182,0201,0202,0206,0208,0209,0210,0211,0212,0213,0214,0215,0216,0217,0218,0219,0222,0225,0226,0228,0229,0230,0232,0237,0238"
636002,Stoneleigh Latitude Chardonnay,Vinarchy,85.0,375 ml,Glasflaska,Fylligt & Smakrikt,Nya Zeeland,Chardonnay,Fast sortiment,61,"0102,0104,0106,0107,0113,0114,0132,0133,0134,0135,0136,0137,0140,0143,0144,0145,0147,0150,0151,0163,0165,0167,0168,0171,0172,0173,0174,0176,0177,0178,0179,0180,0182,0201,0202,0204,0206,0207,0208,0209,0211,0212,0213,0214,0215,0216,0217,0218,0219,0221,0222,0224,0225,0226,0228,0229,0230,0231,0232,0237,0238"
7285901,Riesling Returns The Grape Collective,Spring Wine & Spirits,139.0,750 ml,Lättare glasflaska,Friskt & Fruktigt,Tyskland,Riesling,Fast sortiment,53,"0102,0104,0106,0107,0110,0113,0114,0132,0133,0134,0136,0137,0138,0140,0143,0144,0145,0147,0151,0163,0165,0167,0170,0171,0172,0173,0174,0175,0176,0178,0179,0180,0201,0202,0204,0207,0209,0211,0212,0213,0215,0216,0217,0220,0221,0224,0226,0228,0230,0231,0232,0237,0238"
7022701,Barolo Fontanafredda,Fontanafredda,229.0,750 ml,Glasflaska,Stramt & Nyanserat,Italien,Nebbiolo,Fast sortiment,57,"0102,0104,0106,0107,0113,0114,0132,0133,0134,0136,0140,0144,0145,0147,0150,0151,0165,0167,0168,0171,0172,0173,0174,0176,0177,0178,0179,0180,0182,0201,0202,0204,0205,0206,0208,0209,0210,0211,0212,0213,0214,0215,0216,0217,0218,0219,0221,0222,0225,0226,0228,0229,0230,0231,0232,0237,0238"
241301,Jacob's Creek Lighter Alcohol Shiraz,Vinarchy,90.0,750 ml,Lättare glasflaska,Mjukt & Bärigt,Australien,Shiraz,Fast sortiment,55,"0102,0104,0106,0107,0110,0113,0114,0134,0135,0136,0140,0143,0145,0147,0150,0151,0165,0167,0168,0170,0171,0172,0173,0174,0175,0176,0177,0178,0179,0180,0182,0201,0202,0206,0208,0209,0211,0212,0213,0214,0215,0216,0217,0218,0219,0220,0222,0225,0226,0228,0229,0230,0232,0237,0238"
7509301,Meinklang Pinot Noir,Meinklang,129.0,750 ml,Glasflaska,Mjukt & Bärigt,Österrike,Pinot noir,Fast sortiment,63,"0102,0104,0106,0107,0110,0113,0114,0132,0133,0134,0135,0136,0137,0138,0140,0143,0144,0145,0147,0151,0163,0165,0167,0168,0170,0171,0172,0173,0174,0175,0176,0177,0178,0179,0180,0201,0202,0204,0205,0206,0207,0208,0209,0211,0212,0213,0214,0215,0216,0217,0218,0219,0221,0222,0224,0226,0228,0229,0230,0231,0232,0237,0238"
2005235,Alto Molino Chardonnay,Artel inc,46.0,250 ml,Burk,Friskt & Fruktigt,Argentina,Chardonnay,Fast sortiment,51,"0102,0104,0106,0107,0113,0114,0132,0133,0134,0135,0136,0140,0147,0150,0151,0167,0168,0171,0172,0173,0174,0176,0177,0178,0179,0180,0182,0204,0206,0208,0209,0211,0212,0213,0214,0215,0216,0217,0218,0219,0220,0224,0225,0226,0228,0229,0230,0231,0232,0237,0238"
5192901,Bourgogne Aligoté Clotilde Davenne,Clotilde Davenne,139.0,750 ml,Lättare glasflaska,Friskt & Fruktigt,Frankrike,Aligoté,Fast sortiment,61,"0102,0104,0106,0107,0110,0113,0114,0132,0133,0134,0135,0136,0137,0140,0143,0144,0145,0147,0150,0151,0163,0165,0167,0170,0171,0172,0173,0174,0175,0176,0178,0179,0180,0182,0201,0202,0204,0206,0207,0209,0211,0212,0213,0214,0215,0216,0217,0218,0219,0220,0221,0222,0224,0226,0228,0229,0230,0231,0232,0237,0238"
7420101,Borgogno Barbera d'Alba Superiore,Giacomo Borgogno & Figli,199.0,750 ml,Glasflaska,Fruktigt & Smakrikt,Italien,Barbera,Fast sortiment,57,"0102,0104,0106,0107,0110,0113,0114,0134,0135,0136,0138,0140,0145,0147,0150,0151,0165,0167,0168,0170,0171,0172,0173,0174,0175,0176,0177,0178,0179,0180,0182,0201,0202,0206,0208,0209,0210,0211,0212,0213,0214,0215,0216,0217,0218,0219,0221,0222,0225,0226,0228,0229,0230,0231,0232,0237,0238"
219901,Christina Carnuntum Organic,Weingut Franz Netzl,121.0,750 ml,Lättare glasflaska,Fruktigt & Smakrikt,Österrike,,Fast sortiment,54,"0102,0104,0106,0107,0110,0113,0114,0134,0135,0136,0138,0140,0145,0147,0150,0151,0165,0167,0168,0170,0171,0172,0173,0174,0175,0176,0177,0178,0179,0180,0182,0201,0202,0206,0208,0209,0211,0212,0213,0214,0215,0216,0217,0218,0219,0222,0225,0226,0228,0229,0230,0232,0237,0238"
264501,Lomond Sauvignon Blanc,Lomond Wine Estate,149.0,750 ml,Lättare glasflaska,Friskt & Fruktigt,Sydafrika,"Sauvignon blanc, Sémillon, Viognier",Fast sortiment,43,"0102,0104,0106,0107,0113,0114,0134,0136,0138,0140,0145,0147,0151,0165,0167,0171,0172,0173,0174,0176,0178,0179,0180,0182,0201,0204,0208,0209,0211,0212,0213,0214,0215,0216,0217,0220,0222,0226,0228,0230,0232,0237,0238"
256001,Periquita Reserva,José Maria da Fonseca,99.0,750 ml,Lättare glasflaska,Kryddigt & Mustigt,Portugal,"Castelão, Touriga naçional, Touriga francesa",Fast sortiment,40,"0102,0104,0106,0107,0113,0114,0134,0136,0140,0145,0147,0151,0165,0167,0170,0171,0172,0173,0174,0175,0176,0178,0179,0180,0201,0202,0209,0211,0212,0213,0215,0216,0217,0222,0226,0228,0230,0232,0237,0238"
536201,Francois Martenot Bourgogne Cuvée Prestige Chardonnay,Francois Martenot,139.0,750 ml,Glasflaska,Friskt & Fruktigt,Frankrike,Chardonnay,Fast sortiment,52,"0102,0104,0106,0107,0113,0114,0134,0135,0136,0140,0145,0147,0150,0151,0165,0167,0168,0171,0172,0173,0174,0176,0177,0178,0179,0180,0182,0201,0202,0206,0208,0209,0210,0211,0212,0213,0214,0215,0216,0217,0218,0219,0220,0222,0225,0226,0228,0229,0230,0232,0237,0238"
9224101,Peter & Paul Pet Nat on Skins,Hoch Harald e.U,189.0,750 ml,Glasflaska,Druvigt & Blommigt,Österrike,"Frühroter veltliner, Müller-thurgau, Gelber muskateller",Tillfälligt sortiment,56,"0102,0104,0106,0107,0110,0113,0114,0132,0133,0134,0135,0136,0137,0138,0140,0143,0144,0145,0147,0151,0163,0165,0167,0168,0170,0171,0172,0173,0174,0175,0176,0177,0178,0179,0180,0201,0202,0206,0209,0210,0211,0212,0213,0215,0216,0217,0220,0221,0224,0226,0228,0230,0231,0232,0237,0238"
638401,Palazzo Mio Grillo,Nordic Sea Winery,79.0,750 ml,Lättare glasflaska,Friskt & Fruktigt,Italien,Grillo,Fast sortiment,51,"0102,0104,0106,0107,0113,0114,0134,0135,0136,0140,0145,0147,0150,0151,0165,0167,0168,0171,0172,0173,0174,0175,0176,0177,0178,0179,0180,0182,0201,0202,0206,0208,0209,0211,0212,0213,0214,0215,0216,0217,0218,0219,0222,0225,0226,0228,0229,0230,0232,0237,0238"
5253701,Champagne Comtesse de Neples Brut,Chassenay d'Arce,259.0,750 ml,Glasflaska,Torrt vitt,Frankrike,,Fast sortiment,53,"0102,0104,0106,0107,0113,0114,0132,0133,0134,0135,0136,0138,0140,0144,0145,0147,0150,0151,0165,0167,0168,0171,0172,0173,0174,0177,0178,0180,0182,0201,0206,0208,0209,0210,0211,0212,0213,0214,0215,0217,0218,0219,0220,0222,0225,0226,0228,0229,0230,0232,0234,0237,0238"
297101,Sister's Run Old Testament Coonawarra Cabernet Sauvignon,Sister's Run Wine Company,115.0,750 ml,Glasflaska,Fruktigt & Smakrikt,Australien,Cabernet sauvignon,Fast sortiment,56,"0102,0104,0106,0107,0113,0114,0132,0133,0134,0136,0137,0140,0143,0144,0145,0147,0151,0163,0165,0167,0170,0171,0172,0173,0174,0175,0176,0178,0179,0180,0182,0201,0202,0204,0206,0207,0209,0211,0212,0213,0215,0216,0217,0218,0219,0221,0222,0224,0226,0228,0229,0230,0231,0232,0237,0238"
7624601,Casa Nero Barbera,GLOBUS WINE A/S,90.0,1000 ml,Lättare glasflaska,Fruktigt & Smakrikt,Italien,Barbera,Fast sortiment,39,"0102,0104,0135,0137,0140,0148,0150,0151,0168,0170,0171,0176,0177,0178,0182,0201,0202,0206,0208,0209,0210,0212,0214,0215,0217,0218,0219,0222,0223,0225,0226,0227,0228,0229,0230,0232,0234,0237,0239"
276634,Rosé Sparkling Wine Belrose,Arthur Metz,39.0,200 ml,Burk,Rosé,Frankrike,"Grenache, Syrah, Ugni blanc",Fast sortiment,45,"0102,0104,0113,0114,0134,0135,0140,0145,0147,0150,0151,0165,0168,0171,0172,0173,0174,0176,0177,0178,0179,0182,0202,0206,0208,0209,0210,0211,0212,0213,0214,0215,0217,0218,0219,0222,0225,0226,0228,0229,0230,0231,0232,0237,0238"
562101,Laroche Bourgogne Réserve,Domaine Laroche,149.0,750 ml,Glasflaska,Fylligt & Smakrikt,Frankrike,Chardonnay,Fast sortiment,51,"0102,0104,0106,0107,0113,0114,0134,0135,0136,0140,0145,0147,0150,0151,0165,0167,0168,0171,0172,0173,0174,0176,0177,0178,0179,0180,0182,0201,0202,0206,0208,0209,0210,0211,0212,0213,0214,0215,0216,0217,0218,0219,0222,0225,0226,0228,0229,0230,0232,0237,0238"
9602801,Raig de Raïm Celler Piñol,Celler Piñol,119.0,750 ml,Lättare glasflaska,Friskt & Fruktigt,Spanien,"Garnacha blanca, Macabeo",Tillfälligt sortiment,55,"0102,0104,0106,0107,0110,0113,0114,0132,0133,0134,0135,0136,0137,0138,0140,0144,0145,0147,0151,0163,0165,0167,0168,0170,0172,0173,0175,0176,0177,0178,0179,0180,0201,0202,0204,0206,0207,0209,0210,0211,0212,0213,0215,0216,0217,0220,0221,0223,0224,0228,0229,0230,0231,0232,0237"
282535,Adega de Monção Alvarinho,Adega de Monção,49.0,250 ml,Burk,Friskt & Fruktigt,Portugal,Alvarinho,Fast sortiment,63,"0102,0104,0106,0107,0110,0113,0114,0132,0133,0134,0135,0136,0137,0138,0140,0143,0144,0145,0147,0151,0163,0165,0167,0168,0170,0171,0172,0173,0174,0175,0176,0178,0179,0180,0182,0201,0202,0204,0206,0207,0208,0209,0211,0212,0213,0214,0215,0216,0217,0220,0221,0222,0224,0225,0226,0228,0229,0230,0231,0232,0234,0237,0238"
7726201,Philippe De Nantheuil Brut,CVC NF,259.0,750 ml,Glasflaska,Torrt vitt,Frankrike,"Pinot meunier, Pinot noir, Chardonnay",Fast sortiment,58,"0102,0104,0106,0107,0113,0114,0132,0133,0134,0135,0136,0137,0138,0140,0144,0145,0147,0150,0151,0165,0167,0168,0171,0172,0173,0174,0177,0178,0180,0182,0201,0204,0206,0208,0209,0210,0211,0212,0213,0214,0215,0216,0217,0218,0219,0221,0222,0223,0224,0225,0226,0228,0229,0230,0231,0232,0237,0238"
468402,Château Bastor-Lamontagne Organic,Terres Bordelaises,229.0,375 ml,Glasflaska,Sött,Frankrike,,Fast sortiment,51,"0102,0104,0106,0107,0113,0114,0134,0135,0140,0145,0147,0150,0151,0165,0167,0168,0171,0172,0173,0174,0176,0177,0178,0179,0180,0182,0201,0202,0204,0206,0208,0209,0211,0212,0213,0214,0215,0216,0217,0218,0219,0220,0222,0225,0226,0228,0229,0230,0232,0237,0238"
9046101,Megyer Furmint,Pajzos Zrt,165.0,750 ml,Glasflaska,Fylligt & Smakrikt,Ungern,Furmint,Tillfälligt sortiment,57,"0102,0104,0106,0107,0110,0113,0114,0132,0133,0134,0135,0136,0137,0138,0140,0143,0144,0145,0147,0151,0163,0165,0167,0168,0170,0171,0172,0173,0174,0175,0176,0177,0178,0179,0180,0201,0202,0206,0207,0209,0211,0212,0213,0215,0216,0217,0220,0221,0223,0224,0226,0228,0230,0231,0232,0237,0238"
225614,Maison Petit Perle Le Petit Petit Grenache,Vignobles de Cicéron,49.0,250 ml,Burk,Fruktigt & Smakrikt,Frankrike,Grenache,Fast sortiment,44,"0102,0106,0107,0110,0113,0114,0133,0134,0136,0140,0145,0147,0151,0165,0167,0170,0171,0173,0175,0178,0179,0180,0182,0201,0202,0204,0205,0207,0208,0209,0212,0213,0216,0217,0218,0219,0225,0226,0228,0229,0230,0232,0237,0238"
9042501,L.A CETTO Zinfandel,Vinícola L.A CETTO S.A.,146.0,750 ml,Glasflaska,Fruktigt & Smakrikt,Mexiko,Zinfandel,Tillfälligt sortiment,55,"0102,0104,0106,0107,0110,0113,0114,0132,0133,0134,0135,0136,0137,0138,0140,0143,0144,0145,0147,0151,0163,0165,0167,0168,0170,0171,0172,0173,0174,0175,0176,0177,0178,0179,0180,0201,0202,0206,0209,0211,0212,0213,0215,0216,0217,0220,0221,0224,0226,0228,0230,0231,0232,0237,0238"
205601,Weingut Müller Kremstal Grüner Veltliner Vom Loess,Weingut Müller,139.0,750 ml,Lättare glasflaska,Friskt & Fruktigt,Österrike,Grüner veltliner,Fast sortiment,40,"0102,0104,0106,0107,0113,0114,0134,0136,0140,0145,0147,0150,0151,0165,0167,0171,0172,0173,0174,0176,0178,0179,0180,0201,0206,0208,0209,0211,0212,0213,0215,0216,0217,0226,0228,0229,0230,0232,0237,0238"
7100201,Casa Capriolo Governo,Casa Capriolo,109.0,750 ml,Glasflaska,Fruktigt & Smakrikt,Italien,,Fast sortiment,57,"0102,0104,0106,0107,0110,0113,0114,0132,0133,0134,0136,0137,0140,0143,0144,0145,0147,0151,0163,0165,0167,0170,0171,0172,0173,0174,0175,0176,0178,0179,0180,0182,0201,0202,0204,0206,0207,0209,0211,0212,0213,0215,0216,0217,0218,0219,0221,0222,0224,0226,0228,0229,0230,0231,0232,0237,0238"
629201,Gardo & Morris Pinot Noir,Gardo Morris Wines,129.0,750 ml,Lättare glasflaska,Mjukt & Bärigt,Nya Zeeland,Pinot noir,Fast sortiment,40,"0102,0104,0106,0107,0113,0114,0134,0136,0140,0145,0147,0151,0165,0167,0170,0171,0172,0173,0174,0175,0176,0178,0179,0180,0201,0202,0206,0209,0211,0213,0215,0216,0217,0222,0226,0228,0230,0232,0237,0238"
540801,Beaujolais Royal,Dufouleur Frères,119.0,750 ml,Lättare glasflaska,Mjukt & Bärigt,Frankrike,Gamay,Fast sortiment,58,"0102,0104,0106,0107,0113,0114,0132,0133,0134,0136,0137,0140,0143,0144,0145,0147,0150,0151,0163,0165,0167,0168,0170,0171,0172,0173,0174,0175,0176,0178,0179,0180,0182,0201,0202,0204,0206,0207,0208,0209,0211,0212,0213,0214,0216,0217,0219,0221,0222,0224,0226,0228,0229,0230,0231,0232,0237,0238"
7183201,Côtes du Rhône Saint-Esprit,Delas,129.0,750 ml,Glasflaska,Kryddigt & Mustigt,Frankrike,"Grenache, Syrah, Marselan, Mourvèdre, Carignan",Fast sortiment,60,"0102,0104,0106,0107,0110,0113,0114,0132,0133,0134,0136,0137,0138,0140,0143,0144,0145,0147,0151,0163,0165,0167,0170,0171,0172,0173,0174,0175,0176,0178,0179,0180,0182,0201,0202,0204,0206,0207,0209,0210,0211,0212,0213,0215,0216,0217,0218,0219,0220,0221,0222,0224,0226,0228,0229,0230,0231,0232,0237,0238"
216401,Villa Wolf Grauburgunder,Villa Wolf,120.0,750 ml,Lättare glasflaska,Friskt & Fruktigt,Tyskland,Grauburgunder,Fast sortiment,57,"0102,0104,0106,0107,0113,0114,0132,0133,0134,0136,0137,0140,0143,0144,0145,0147,0151,0163,0165,0167,0170,0171,0172,0173,0174,0175,0176,0178,0179,0180,0182,0201,0202,0204,0206,0207,0208,0209,0211,0212,0213,0215,0216,0217,0218,0219,0221,0222,0224,0226,0228,0229,0230,0231,0232,0237,0238"
9222601,Au Bon Climat Santa Barbara County Pinot Noir,Au Bon Climat,289.0,750 ml,Glasflaska,Kryddigt & Mustigt,USA,Pinot noir,Tillfälligt sortiment,56,"0102,0104,0106,0107,0110,0113,0114,0132,0133,0134,0135,0136,0137,0138,0140,0144,0145,0147,0151,0163,0165,0167,0168,0170,0172,0173,0175,0176,0177,0178,0179,0180,0201,0202,0204,0206,0207,0209,0210,0211,0212,0213,0215,0216,0217,0220,0221,0223,0224,0226,0228,0229,0230,0231,0232,0237"
9003201,Montelapio Fiano di Avellino Villa Matilde,Villa Matilde,172.0,750 ml,Glasflaska,Friskt & Fruktigt,Italien,Fiano,Tillfälligt sortiment,57,"0102,0104,0106,0107,0110,0113,0114,0132,0133,0134,0135,0136,0137,0138,0140,0143,0144,0145,0147,0151,0163,0165,0167,0168,0170,0171,0172,0173,0174,0175,0176,0177,0178,0179,0180,0201,0202,0205,0206,0209,0211,0212,0213,0215,0216,0217,0220,0221,0223,0224,0226,0228,0230,0231,0232,0237,0238"
2019101,Ruppertsberger Von Wallberg Sauvignon Blanc,Ruppertsberger Weinkeller Hoheburg eG,129.0,750 ml,Lättare glasflaska,Friskt & Fruktigt,Tyskland,Sauvignon blanc,Fast sortiment,39,"0102,0104,0106,0107,0113,0114,0134,0136,0140,0145,0147,0151,0165,0167,0170,0171,0172,0173,0174,0175,0176,0178,0179,0180,0201,0202,0209,0211,0212,0213,0215,0216,0217,0226,0228,0230,0232,0237,0238"
9063501,Pike Road Willamette Valley Pinot Noir,Pike Road Wines,219.0,750 ml,Glasflaska,Kryddigt & Mustigt,USA,Pinot noir,Tillfälligt sortiment,56,"0102,0104,0106,0107,0110,0113,0114,0132,0133,0134,0135,0136,0137,0138,0140,0143,0144,0145,0147,0151,0163,0165,0167,0168,0170,0171,0172,0173,0174,0175,0176,0177,0178,0179,0180,0201,0202,0206,0209,0211,0212,0213,0215,0216,0217,0220,0221,0223,0224,0226,0228,0230,0231,0232,0237,0238"
7412501,Chavin Côtes de Provence Rosé,Domaines Pierre Chavin,139.0,750 ml,Glasflaska,Friskt & Bärigt,Frankrike,"Grenache, Syrah, Cinsault",Fast sortiment,57,"0102,0104,0106,0107,0113,0114,0132,0133,0134,0136,0137,0140,0143,0144,0145,0147,0151,0163,0165,0167,0168,0170,0171,0172,0173,0174,0175,0176,0178,0179,0180,0182,0201,0202,0204,0206,0207,0209,0211,0212,0213,0215,0216,0217,0218,0220,0221,0222,0224,0226,0228,0229,0230,0231,0232,0237,0238"
7152901,Chinon Cuisine de ma Mere,Domaine Grosbois,149.0,750 ml,Lättare glasflaska,Fruktigt & Smakrikt,Frankrike,Cabernet franc,Fast sortiment,51,"0102,0104,0106,0107,0113,0114,0132,0133,0134,0136,0137,0138,0140,0143,0144,0145,0147,0151,0163,0165,0167,0168,0170,0171,0172,0173,0174,0175,0176,0177,0179,0180,0201,0202,0204,0207,0211,0212,0213,0215,0216,0217,0221,0224,0226,0228,0230,0231,0232,0237,0238"
9214901,Soltész Egri Csillag Selection,Ostorosbor Zrt,125.0,750 ml,Glasflaska,Friskt & Fruktigt,Ungern,"Királyleányka, Muscat ottonel, Olaszrizling, Sauvignon blanc, Chardonnay",Tillfälligt sortiment,56,"0102,0104,0106,0107,0110,0113,0114,0132,0133,0134,0135,0136,0137,0138,0140,0143,0144,0145,0147,0148,0151,0163,0165,0167,0168,0170,0171,0172,0173,0174,0175,0176,0177,0178,0179,0180,0201,0202,0206,0209,0211,0212,0213,0215,0216,0217,0220,0221,0224,0226,0228,0230,0231,0232,0237,0238"
1601501,Saint Clair Origin Pinot Noir,Saint Clair Family Estate,119.0,750 ml,Lättare glasflaska,Kryddigt & Mustigt,Nya Zeeland,Pinot noir,Fast sortiment,48,"0102,0104,0106,0107,0110,0113,0114,0132,0133,0134,0136,0137,0140,0143,0144,0145,0147,0151,0163,0165,0167,0170,0171,0172,0173,0174,0175,0176,0179,0180,0201,0202,0204,0207,0211,0212,0213,0215,0216,0217,0221,0224,0228,0230,0231,0232,0237,0238"
679202,Campolieti Ripasso,Luigi Righetti,89.0,375 ml,Glasflaska,Kryddigt & Mustigt,Italien,,Fast sortiment,57,"0102,0104,0106,0107,0110,0113,0114,0132,0133,0134,0136,0137,0140,0143,0144,0145,0147,0151,0163,0165,0167,0170,0171,0172,0173,0174,0175,0176,0178,0179,0180,0182,0201,0202,0204,0206,0207,0209,0211,0212,0213,0215,0216,0217,0218,0219,0221,0222,0224,0226,0228,0229,0230,0231,0232,0237,0238"
7238901,Castelgufo Chianti Riserva Organic,Castelgufo,119.0,750 ml,Lättare glasflaska,Kryddigt & Mustigt,Italien,"Colorino, Sangiovese",Fast sortiment,55,"0102,0104,0106,0107,0113,0114,0132,0133,0135,0136,0137,0138,0140,0143,0144,0145,0147,0151,0163,0165,0167,0170,0171,0172,0173,0174,0175,0176,0178,0179,0180,0201,0202,0204,0206,0207,0209,0211,0212,0213,0215,0216,0217,0218,0221,0222,0224,0226,0228,0229,0230,0231,0232,0237,0238"
245901,Torres Gran Viña Sol Chardonnay,Miguel Torres,92.0,750 ml,Lättare glasflaska,Friskt & Fruktigt,Spanien,"Chardonnay, Parellada",Fast sortiment,39,"0102,0104,0106,0107,0113,0114,0134,0136,0140,0145,0147,0151,0165,0167,0170,0171,0172,0173,0174,0176,0178,0179,0180,0201,0202,0209,0211,0212,0213,0215,0216,0217,0226,0228,0230,0232,0237,0238,0239"
559501,Chablis Vieilles Vignes Sainte Claire J M Brocard,J M Brocard,234.0,750 ml,Lättare glasflaska,Friskt & Fruktigt,Frankrike,Chardonnay,Fast sortiment,51,"0102,0104,0106,0107,0110,0113,0114,0132,0133,0134,0136,0137,0138,0140,0143,0144,0145,0147,0151,0163,0165,0167,0168,0170,0171,0172,0173,0174,0175,0176,0179,0180,0201,0202,0204,0207,0211,0212,0213,0215,0216,0217,0220,0221,0224,0228,0230,0231,0232,0237,0238"
626701,Xavier Vignon Châteauneuf-du-Pape,Xavier Vignon,289.0,750 ml,Glasflaska,Kryddigt & Mustigt,Frankrike,"Grenache, Mourvèdre, Syrah",Fast sortiment,54,"0102,0104,0106,0107,0113,0114,0132,0133,0134,0135,0136,0140,0144,0145,0147,0151,0165,0167,0168,0170,0171,0172,0173,0174,0175,0176,0178,0179,0180,0182,0201,0202,0204,0206,0208,0209,0211,0212,0213,0215,0216,0217,0218,0219,0221,0222,0226,0228,0229,0230,0231,0232,0237,0238"
7398801,Côtes de Saumon Chardonnay Sauvignon Blanc,Jean Biecher,99.0,750 ml,Lättare glasflaska,Friskt & Fruktigt,Frankrike,"Chardonnay, Sauvignon blanc",Fast sortiment,49,"0102,0104,0106,0107,0110,0113,0114,0132,0133,0134,0135,0136,0137,0140,0143,0144,0145,0147,0151,0163,0165,0167,0170,0171,0172,0173,0174,0175,0176,0179,0180,0201,0202,0204,0207,0211,0212,0213,0215,0216,0218,0220,0221,0224,0230,0231,0232,0237,0238"
227501,Muscadet Sèvre et Maine sur lie,Gadais Père & Fils,99.0,750 ml,Glasflaska,Friskt & Fruktigt,Frankrike,Melon de bourgogne,Fast sortiment,57,"0102,0104,0106,0107,0110,0113,0114,0132,0133,0134,0136,0137,0138,0140,0143,0144,0145,0151,0163,0165,0167,0168,0170,0171,0172,0173,0174,0175,0176,0178,0179,0180,0201,0202,0204,0206,0207,0208,0209,0211,0212,0213,0214,0215,0216,0217,0221,0222,0224,0226,0228,0229,0230,0231,0232,0237,0238"
9263101,Poliziano Vino Nobile di Montepulciano,Azienda Agricola Poliziano,269.0,750 ml,Glasflaska,Stramt & Nyanserat,Italien,"Sangiovese, Canaiolo, Colorino, Merlot",Tillfälligt sortiment,44,"0102,0106,0110,0113,0114,0132,0135,0136,0137,0138,0140,0144,0145,0147,0151,0163,0165,0167,0168,0170,0172,0173,0175,0176,0177,0178,0179,0180,0204,0206,0207,0209,0210,0212,0213,0215,0216,0220,0221,0223,0228,0231,0232,0237"
232001,Villa Dauga Albariño,Bodegas Pazo Cilleiro,129.0,750 ml,Lättare glasflaska,Friskt & Fruktigt,Spanien,Albariño,Fast sortiment,59,"0102,0104,0106,0107,0110,0113,0114,0132,0133,0134,0136,0137,0140,0143,0144,0145,0147,0151,0163,0165,0167,0168,0170,0171,0172,0173,0174,0175,0176,0178,0179,0180,0201,0202,0204,0206,0207,0208,0209,0211,0212,0213,0214,0215,0216,0217,0218,0219,0220,0221,0222,0224,0226,0228,0230,0231,0232,0237,0238"
2225706,Gustave Lorentz Riesling Réserve,Gustave Lorentz,259.0,1500 ml,Glasflaska,Druvigt & Blommigt,Frankrike,Riesling,Fast sortiment,53,"0102,0104,0106,0107,0113,0114,0132,0133,0134,0136,0137,0140,0143,0144,0145,0147,0151,0163,0165,0167,0170,0171,0172,0173,0174,0175,0176,0178,0179,0180,0201,0202,0204,0206,0207,0209,0211,0212,0213,0215,0216,0217,0220,0221,0224,0226,0228,0229,0230,0231,0232,0237,0238"
231001,Ruffino Chianti,Ruffino,99.0,750 ml,Glasflaska,Mjukt & Bärigt,Italien,Sangiovese,Fast sortiment,50,"0102,0104,0106,0107,0113,0114,0132,0134,0136,0140,0144,0147,0151,0165,0167,0170,0171,0172,0173,0174,0175,0176,0177,0178,0179,0180,0182,0201,0202,0206,0209,0211,0212,0213,0215,0216,0217,0218,0219,0220,0221,0222,0226,0228,0229,0230,0231,0232,0237,0238"
2006214,Le Rosé Domaine de la Bargemone,Cave de la Bargemone,59.0,250 ml,Burk,Friskt & Bärigt,Frankrike,,Fast sortiment,22,"0102,0110,0132,0140,0144,0151,0175,0176,0177,0178,0182,0208,0210,0214,0215,0216,0217,0225,0226,0227,0238,0239"
7291701,havn Riesling,Weingut Frey,119.0,750 ml,Glasflaska,Friskt & Fruktigt,Tyskland,Riesling,Fast sortiment,54,"0102,0104,0106,0107,0113,0114,0132,0133,0134,0136,0137,0140,0143,0144,0145,0147,0151,0163,0165,0167,0170,0171,0172,0173,0174,0175,0176,0178,0179,0180,0201,0202,0204,0206,0207,0209,0211,0212,0213,0215,0216,0217,0218,0221,0222,0224,0226,0228,0229,0230,0231,0232,0237,0238"
7342201,Gérard Bertrand Corbières,Gérard Bertrand,139.0,750 ml,Lättare glasflaska,Fruktigt & Smakrikt,Frankrike,"Grenache, Mourvèdre, Syrah",Fast sortiment,45,"0102,0104,0106,0107,0110,0113,0114,0132,0133,0134,0136,0140,0143,0144,0145,0147,0151,0165,0167,0170,0171,0172,0173,0174,0175,0176,0177,0179,0180,0201,0202,0204,0211,0212,0213,0215,0216,0217,0221,0228,0230,0231,0232,0237,0238"
7687301,Baglietti Rosé No. 7,47 Anno Domini,115.0,750 ml,Glasflaska,Rosé,Italien,,Fast sortiment,55,"0102,0104,0106,0107,0110,0113,0114,0132,0133,0134,0136,0137,0140,0143,0144,0145,0147,0151,0163,0165,0167,0170,0171,0172,0173,0174,0175,0176,0179,0180,0182,0201,0202,0204,0206,0207,0209,0211,0212,0213,0215,0216,0217,0220,0221,0222,0224,0226,0228,0229,0230,0231,0232,0237,0238"
9020201,Seppeltsfield Barossa Shiraz,Seppeltfields,189.0,750 ml,Glasflaska,Fruktigt & Smakrikt,Australien,Shiraz,Tillfälligt sortiment,55,"0102,0104,0106,0107,0110,0113,0114,0132,0133,0134,0135,0136,0137,0138,0140,0143,0144,0145,0147,0151,0163,0165,0167,0168,0170,0171,0172,0173,0174,0175,0176,0177,0178,0179,0180,0201,0202,0206,0209,0211,0212,0213,0215,0216,0217,0220,0221,0224,0226,0228,0230,0231,0232,0237,0238"
768802,Louis Bouillot Crémant de Bourgogne Brut,Louis Bouillot,99.0,375 ml,Glasflaska,Torrt vitt,Frankrike,,Fast sortiment,58,"0102,0104,0106,0107,0110,0113,0114,0132,0133,0134,0136,0137,0140,0143,0145,0147,0151,0163,0165,0167,0170,0171,0173,0174,0175,0176,0178,0179,0180,0201,0202,0204,0205,0206,0207,0209,0210,0211,0212,0213,0215,0216,0217,0218,0220,0221,0223,0224,0225,0226,0228,0229,0230,0231,0232,0236,0237,0238"
555101,Groh Organic Grauburgunder Trocken,Estate Groh,139.0,750 ml,Lättare glasflaska,Friskt & Fruktigt,Tyskland,Grauburgunder,Fast sortiment,46,"0102,0104,0106,0107,0113,0114,0132,0133,0134,0136,0137,0138,0140,0143,0144,0145,0147,0151,0163,0165,0167,0170,0171,0172,0173,0174,0175,0176,0179,0180,0201,0202,0204,0207,0211,0212,0213,0215,0216,0221,0224,0230,0231,0232,0237,0238"
635701,Adobe Reserva Rosé,Viñedos Emiliana,79.0,750 ml,Lättare glasflaska,Friskt & Bärigt,Chile,"Cabernet sauvignon, Syrah, Merlot",Fast sortiment,45,"0102,0104,0106,0107,0113,0114,0132,0133,0134,0136,0137,0140,0143,0144,0145,0147,0151,0163,0165,0167,0170,0171,0172,0173,0174,0175,0176,0179,0180,0201,0202,0204,0207,0211,0212,0213,0215,0216,0221,0224,0230,0231,0232,0237,0238"
7587601,Philippe Benoit Bordeaux,Mare Magnum,119.0,750 ml,Lättare glasflaska,Stramt & Nyanserat,Frankrike,,Fast sortiment,56,"0102,0104,0106,0107,0113,0114,0132,0133,0134,0136,0137,0140,0143,0144,0145,0147,0151,0163,0165,0167,0170,0171,0172,0173,0174,0175,0176,0178,0179,0180,0201,0202,0204,0207,0208,0209,0211,0212,0213,0215,0216,0217,0218,0219,0221,0222,0224,0226,0228,0229,0230,0231,0232,0234,0237,0238"
259101,Children of the revolution Pinot Noir,Fourth Wave Wine,99.0,750 ml,Lättare glasflaska,Mjukt & Bärigt,Australien,Pinot noir,Fast sortiment,55,"0102,0104,0106,0107,0113,0114,0132,0133,0134,0136,0137,0140,0143,0144,0145,0147,0151,0163,0165,0167,0168,0170,0171,0172,0173,0174,0175,0176,0178,0179,0180,0201,0202,0204,0206,0207,0209,0211,0212,0213,0215,0216,0217,0218,0221,0222,0224,0226,0228,0229,0230,0231,0232,0237,0238"
7528501,Villarini Nero d'Avola,Icon Wines,119.0,750 ml,Lättare glasflaska,Fruktigt & Smakrikt,Italien,Nero d'avola,Fast sortiment,53,"0102,0104,0106,0107,0113,0114,0132,0133,0134,0136,0137,0140,0143,0144,0145,0147,0151,0163,0165,0167,0170,0171,0172,0173,0174,0175,0176,0178,0179,0180,0201,0202,0204,0206,0207,0209,0211,0212,0213,0215,0216,0217,0221,0222,0224,0226,0228,0229,0230,0231,0232,0237,0238"
2014701,Orange Wine Ciceron Organic,Cave de la Pierrelys,119.0,750 ml,Lättare glasflaska,Druvigt & Blommigt,Frankrike,"Grenache blanc, Marsanne, Sauvignon blanc, Viognier, Muscat",Fast sortiment,42,"0102,0104,0106,0107,0113,0114,0134,0136,0140,0145,0147,0151,0165,0167,0170,0171,0172,0173,0174,0175,0176,0178,0179,0180,0182,0201,0202,0206,0209,0211,0212,0213,0215,0216,0217,0226,0228,0229,0230,0232,0237,0238"
7516901,Barbera d'Alba Le Colline,Le Colline SrL,149.0,750 ml,Lättare glasflaska,Kryddigt & Mustigt,Italien,Barbera,Fast sortiment,54,"0102,0104,0106,0107,0113,0114,0132,0133,0134,0136,0140,0144,0145,0147,0151,0163,0165,0167,0170,0171,0172,0173,0174,0175,0176,0178,0179,0180,0182,0201,0202,0204,0206,0209,0211,0212,0213,0215,0216,0217,0218,0219,0221,0222,0223,0224,0226,0228,0229,0230,0231,0232,0237,0238"
762801,Pongrácz Brut,Bergkelder,139.0,750 ml,Glasflaska,Torrt vitt,Sydafrika,"Pinot noir, Chardonnay",Fast sortiment,54,"0102,0104,0106,0107,0113,0114,0132,0133,0134,0136,0137,0138,0140,0143,0144,0145,0147,0151,0163,0165,0167,0168,0170,0171,0172,0173,0174,0175,0176,0177,0179,0180,0201,0202,0204,0206,0207,0209,0211,0212,0213,0215,0216,0217,0221,0222,0224,0228,0230,0231,0232,0236,0237,0238"
280901,Casa Relvas Touriga Nacional,Casa Relvas,139.0,750 ml,Lättare glasflaska,Fruktigt & Smakrikt,Portugal,Touriga naçional,Fast sortiment,47,"0102,0104,0106,0107,0113,0114,0132,0133,0134,0136,0137,0140,0143,0144,0145,0147,0151,0163,0165,0167,0170,0171,0172,0173,0174,0175,0176,0177,0179,0180,0201,0202,0204,0207,0211,0212,0213,0215,0216,0217,0221,0224,0230,0231,0232,0237,0238"
7174706,Mulderbosch Cabernet Sauvignon Rosé,Mulderbosch Vineyards,215.0,1500 ml,Lättare glasflaska,Fruktigt & Smakrikt,Sydafrika,Cabernet sauvignon,Fast sortiment,44,"0102,0104,0106,0107,0113,0114,0133,0134,0136,0137,0140,0143,0144,0145,0147,0151,0163,0165,0167,0171,0172,0173,0174,0175,0176,0179,0180,0201,0202,0204,0207,0211,0212,0213,0215,0216,0220,0221,0224,0230,0231,0232,0237,0238"
2235001,Tommasi Amarone della Valpolicella Classico,Tommasi Viticoltori,359.0,750 ml,Glasflaska,Kryddigt & Mustigt,Italien,"Corvina veronese, Rondinella, Corvinone, Oseleta",Fast sortiment,38,"0102,0104,0106,0114,0135,0136,0147,0150,0151,0167,0168,0172,0173,0174,0176,0177,0178,0179,0182,0201,0206,0208,0209,0211,0214,0216,0217,0218,0219,0220,0222,0225,0226,0228,0229,0230,0232,0237"
7897901,Richard Juhlin Blanc de Blancs Brut,Domaine Wines Sweden AB,129.0,750 ml,Glasflaska,Torrt vitt,Frankrike,Chardonnay,Fast sortiment,45,"0102,0106,0107,0110,0113,0114,0134,0136,0137,0140,0145,0147,0150,0151,0165,0167,0171,0172,0173,0174,0176,0178,0179,0180,0201,0202,0204,0205,0206,0209,0211,0212,0213,0215,0216,0217,0218,0222,0226,0228,0229,0230,0232,0237,0238"
7482501,¡Hola! Mediterráneo Gran Cuvée Blanc de Blancs,Barcelona Brands S.L,99.0,750 ml,Glasflaska,Torrt vitt,Spanien,,Fast sortiment,52,"0102,0104,0106,0107,0113,0114,0132,0133,0134,0136,0137,0140,0143,0144,0145,0147,0151,0163,0165,0167,0170,0171,0172,0173,0174,0175,0176,0178,0179,0180,0201,0202,0204,0207,0209,0211,0212,0213,0215,0216,0217,0220,0221,0224,0228,0230,0231,0232,0236,0237,0238,0239"
5520601,Petite Orange Pinot Gris,Iconic Wines,125.0,750 ml,Glasflaska,Fylligt & Smakrikt,Frankrike,Pinot gris,Fast sortiment,41,"0102,0104,0113,0114,0134,0140,0145,0151,0163,0165,0168,0170,0171,0172,0174,0175,0176,0177,0178,0179,0180,0201,0202,0209,0210,0211,0212,0213,0215,0217,0221,0222,0224,0225,0226,0228,0229,0230,0232,0237,0238"
5972201,Wolfgang Grüner Veltliner,Iconic Wines,109.0,1000 ml,Lättare glasflaska,Friskt & Fruktigt,Österrike,Grüner veltliner,Fast sortiment,54,"0102,0104,0106,0107,0110,0113,0114,0132,0133,0134,0136,0137,0140,0143,0144,0145,0147,0151,0163,0165,0167,0170,0171,0172,0173,0174,0175,0176,0178,0179,0180,0201,0202,0204,0206,0207,0209,0211,0212,0213,0215,0216,0217,0221,0222,0224,0226,0228,0229,0230,0231,0232,0237,0238"
7576401,Belleruche Côtes-du-Rhône Chapoutier,Chapoutier,139.0,750 ml,Lättare glasflaska,Kryddigt & Mustigt,Frankrike,"Grenache, Syrah",Fast sortiment,42,"0102,0104,0106,0107,0113,0114,0133,0134,0136,0140,0143,0145,0147,0151,0165,0167,0170,0171,0172,0173,0174,0175,0176,0179,0180,0201,0202,0209,0211,0212,0213,0215,0216,0217,0221,0226,0228,0230,0231,0232,0237,0238"
8110901,Bergh Riesling Organic,Icon Wines,119.0,750 ml,Lättare glasflaska,Friskt & Fruktigt,Österrike,Riesling,Fast sortiment,40,"0102,0104,0106,0107,0113,0114,0132,0133,0134,0136,0140,0144,0145,0147,0151,0165,0167,0170,0171,0172,0173,0174,0175,0176,0179,0180,0201,0202,0204,0211,0212,0213,0215,0216,0221,0230,0231,0232,0237,0238"
287501,Richard Crémant du Jura Brut Nature Blanc de blancs,RICHARD FAMILY SARL,169.0,750 ml,Glasflaska,Torrt vitt,Frankrike,Chardonnay,Fast sortiment,49,"0102,0104,0106,0107,0113,0114,0132,0133,0134,0136,0137,0140,0144,0145,0147,0151,0165,0167,0168,0170,0171,0172,0173,0174,0175,0176,0178,0179,0180,0201,0202,0204,0206,0209,0211,0212,0213,0215,0216,0217,0221,0226,0228,0229,0230,0231,0232,0237,0238"
450002,Saint Auriol Chatelaine La Clape,Les Domaines Auriol,79.0,375 ml,Glasflaska,Kryddigt & Mustigt,Frankrike,"Syrah, Grenache, Carignan",Fast sortiment,53,"0102,0104,0106,0107,0114,0132,0133,0134,0136,0137,0140,0143,0144,0147,0151,0163,0165,0167,0170,0171,0172,0173,0174,0175,0176,0178,0179,0180,0182,0201,0202,0204,0207,0209,0211,0212,0213,0215,0216,0217,0218,0219,0221,0222,0224,0226,0228,0229,0230,0231,0232,0237,0238"
5069901,Alvaroni Cava Rosé,Fields Wine Company AB,99.0,750 ml,Glasflaska,Rosé,Spanien,,Fast sortiment,53,"0102,0104,0106,0107,0110,0113,0114,0132,0133,0134,0136,0137,0140,0143,0144,0145,0147,0151,0163,0165,0167,0170,0171,0172,0173,0174,0175,0176,0178,0179,0180,0201,0202,0204,0207,0209,0211,0212,0213,0215,0216,0217,0218,0221,0222,0224,0226,0228,0230,0231,0232,0237,0238"
9025901,Wild Yeast Chardonnay Springfield Estate,Springfield Estate,209.0,750 ml,Lättare glasflaska,Fylligt & Smakrikt,Sydafrika,Chardonnay,Tillfälligt sortiment,55,"0102,0104,0106,0107,0110,0113,0114,0132,0133,0134,0135,0136,0137,0138,0140,0143,0144,0145,0147,0151,0163,0165,0167,0168,0170,0171,0172,0173,0174,0175,0176,0177,0178,0179,0180,0201,0202,0206,0209,0211,0212,0213,0215,0216,0217,0220,0221,0224,0226,0228,0230,0231,0232,0237,0238"
633901,Gardo & Morris Organic Sauvignon Blanc,Gardo Morris Wines,119.0,750 ml,Lättare glasflaska,Friskt & Fruktigt,Nya Zeeland,Sauvignon blanc,Fast sortiment,40,"0102,0104,0106,0107,0113,0114,0134,0136,0140,0145,0147,0151,0165,0167,0170,0171,0172,0173,0174,0175,0176,0179,0180,0201,0202,0207,0211,0212,0213,0215,0216,0221,0224,0228,0230,0231,0232,0235,0237,0238"
7599001,Black Stallion North Coast Cabernet Sauvignon,Black Stallion Estate Winery,249.0,750 ml,Glasflaska,Fruktigt & Smakrikt,USA,Cabernet sauvignon,Fast sortiment,54,"0102,0104,0106,0107,0110,0113,0114,0132,0133,0134,0136,0137,0140,0143,0144,0145,0147,0151,0163,0165,0167,0170,0171,0172,0173,0174,0175,0176,0178,0179,0180,0201,0202,0204,0206,0207,0209,0211,0212,0213,0215,0216,0217,0220,0221,0224,0226,0228,0229,0230,0231,0232,0237,0238"
645602,Gardo & Morris Organic Pinot Noir,Gardo Morris Wines,87.0,375 ml,Glasflaska,Mjukt & Bärigt,Nya Zeeland,Pinot noir,Fast sortiment,51,"0102,0104,0106,0107,0113,0114,0132,0133,0134,0136,0137,0140,0143,0144,0145,0147,0151,0163,0165,0167,0170,0171,0172,0173,0174,0175,0176,0178,0179,0180,0201,0202,0204,0207,0209,0211,0212,0213,0215,0216,0217,0220,0221,0222,0224,0226,0228,0230,0231,0232,0238"
5095701,Beaumont des Crayères Grand Rosé,Beaumont des Crayères,379.0,750 ml,Glasflaska,Rosé,Frankrike,,Fast sortiment,43,"0102,0104,0106,0107,0114,0132,0134,0135,0138,0140,0145,0148,0150,0151,0165,0168,0171,0174,0175,0176,0177,0179,0182,0201,0202,0204,0205,0208,0210,0211,0212,0213,0214,0215,0220,0223,0228,0230,0232,0234,0236,0237,0238"
7788901,P.Lex Prosecco Brut,Icon Wines,119.0,750 ml,Glasflaska,Torrt vitt,Italien,Glera,Fast sortiment,45,"0102,0104,0106,0107,0113,0114,0134,0136,0140,0145,0147,0151,0167,0170,0171,0172,0173,0174,0175,0176,0177,0178,0179,0180,0201,0202,0206,0209,0211,0212,0213,0215,0216,0217,0219,0222,0226,0228,0229,0230,0231,0232,0237,0238,0239"
2005401,Maison Vialade Languedoc Organic,Claude Vialade,119.0,750 ml,Lättare glasflaska,Friskt & Fruktigt,Frankrike,"Grenache, Marsanne, Viognier",Fast sortiment,39,"0102,0104,0106,0107,0113,0114,0134,0136,0137,0140,0145,0147,0151,0163,0165,0167,0170,0171,0172,0173,0174,0175,0176,0178,0179,0180,0201,0202,0211,0212,0213,0215,0216,0221,0230,0231,0232,0237,0238"
239801,Barolo Albe G.D. Vajra,G.D. Vajra,309.0,750 ml,Lättare glasflaska,Stramt & Nyanserat,Italien,Nebbiolo,Fast sortiment,48,"0102,0104,0106,0107,0113,0114,0132,0133,0134,0136,0140,0144,0145,0147,0151,0165,0167,0170,0171,0172,0173,0174,0175,0176,0178,0179,0180,0201,0202,0204,0206,0209,0211,0212,0213,0215,0216,0217,0221,0226,0228,0229,0230,0231,0232,0235,0237,0238"
646301,Penfolds Koonunga Hill Chardonnay,Penfolds,109.0,750 ml,Lättare glasflaska,Fylligt & Smakrikt,Australien,Chardonnay,Fast sortiment,49,"0102,0104,0106,0107,0113,0114,0132,0133,0134,0136,0140,0144,0145,0147,0151,0165,0167,0170,0171,0172,0173,0174,0175,0176,0178,0179,0180,0201,0202,0204,0206,0209,0211,0212,0213,0215,0216,0217,0218,0221,0222,0226,0228,0229,0230,0231,0232,0237,0238"
281101,Château Mont-Redon Châteauneuf-du-Pape,Château Mont-Redon,369.0,750 ml,Glasflaska,Kryddigt & Mustigt,Frankrike,"Cinsault, Counoise, Grenache, Mourvèdre, Muscardin",Fast sortiment,57,"0102,0104,0106,0107,0110,0113,0114,0132,0133,0134,0136,0137,0138,0140,0143,0144,0145,0147,0150,0151,0163,0165,0167,0170,0171,0172,0173,0174,0175,0176,0178,0179,0180,0201,0202,0204,0206,0207,0209,0211,0212,0213,0215,0216,0217,0221,0222,0224,0225,0226,0228,0230,0231,0232,0237,0238,0239"
7956401,Ropiteau Pinot Noir Grande Réserve,Ropiteau Frères,119.0,750 ml,Lättare glasflaska,Fruktigt & Smakrikt,Frankrike,Pinot noir,Fast sortiment,52,"0102,0104,0106,0107,0113,0114,0132,0133,0134,0136,0137,0140,0143,0144,0145,0147,0151,0163,0165,0167,0170,0171,0172,0173,0174,0175,0176,0178,0179,0180,0201,0202,0204,0206,0207,0209,0211,0212,0213,0215,0216,0217,0221,0224,0226,0228,0230,0231,0232,0234,0237,0238"
7657001,Leth Grüner Veltliner Familien Reserve,Weingut Leth,129.0,750 ml,Lättare glasflaska,Friskt & Fruktigt,Österrike,Grüner veltliner,Fast sortiment,36,"0102,0104,0106,0107,0113,0114,0134,0136,0140,0145,0147,0151,0165,0167,0170,0171,0172,0173,0174,0175,0176,0179,0180,0201,0202,0211,0212,0213,0215,0216,0221,0230,0231,0232,0237,0238"
600101,Marqués de Riscal Organic,Marqués de Riscal,99.0,750 ml,Lättare glasflaska,Friskt & Fruktigt,Spanien,Verdejo,Fast sortiment,36,"0102,0104,0106,0107,0113,0114,0134,0136,0140,0145,0147,0151,0165,0167,0170,0171,0172,0173,0174,0175,0176,0178,0179,0180,0201,0202,0211,0212,0213,0215,0216,0223,0230,0232,0237,0238"
9511801,Coriole Nero,Coriole Vineyards,159.0,750 ml,Glasflaska,Fruktigt & Smakrikt,Australien,Nero d'avola,Tillfälligt sortiment,52,"0102,0104,0106,0110,0113,0114,0132,0133,0134,0135,0136,0137,0138,0140,0143,0144,0145,0147,0151,0163,0165,0167,0170,0171,0172,0173,0174,0176,0178,0179,0180,0201,0202,0205,0206,0209,0211,0212,0213,0215,0216,0217,0218,0220,0221,0223,0228,0230,0232,0235,0237,0238"
5301401,Jean Vidérue Châteauneuf-du-Pape,The Company of Urban wines And Other Liquids Sweden AB,259.0,750 ml,Glasflaska,Kryddigt & Mustigt,Frankrike,"Grenache, Mourvèdre, Syrah",Fast sortiment,52,"0102,0104,0106,0107,0110,0113,0114,0132,0133,0134,0136,0137,0138,0140,0143,0144,0151,0163,0165,0167,0170,0171,0172,0173,0174,0175,0176,0178,0179,0180,0201,0202,0204,0206,0207,0209,0211,0212,0213,0215,0216,0217,0221,0222,0224,0226,0228,0230,0231,0232,0237,0238"
207101,Darling Carignan Red Blend,Iconic Wines,119.0,750 ml,Lättare glasflaska,Fruktigt & Smakrikt,Chile,"Cabernet sauvignon, Carignan, Carmenère",Fast sortiment,35,"0102,0104,0106,0107,0113,0114,0134,0136,0138,0140,0147,0151,0165,0167,0170,0171,0172,0173,0174,0175,0176,0179,0180,0201,0202,0211,0212,0213,0215,0216,0218,0230,0232,0237,0238"
234701,CARM,CARM - Casa Agricola Roboredo Madeira SA,109.0,750 ml,Lättare glasflaska,Fruktigt & Smakrikt,Portugal,"Touriga naçional, Tinta roriz, Touriga franca",Fast sortiment,35,"0102,0104,0106,0107,0110,0113,0114,0134,0136,0140,0145,0147,0151,0165,0167,0170,0171,0172,0173,0174,0175,0176,0179,0180,0201,0202,0211,0212,0213,0215,0216,0230,0232,0237,0238"
742801,Dom Pérignon Blanc,Moët & Chandon,2609.0,750 ml,Glasflaska,Torrt vitt,Frankrike,"Chardonnay, Pinot noir",Fast sortiment,55,"0102,0104,0106,0107,0110,0113,0114,0132,0133,0134,0136,0137,0138,0140,0143,0144,0145,0147,0150,0151,0163,0165,0167,0168,0170,0171,0172,0173,0175,0176,0178,0179,0180,0201,0202,0204,0206,0207,0209,0211,0212,0213,0215,0216,0217,0220,0221,0224,0226,0227,0228,0231,0232,0237,0238"
7835901,Petite Cuvée Madame,Contemporary Wines AB,109.0,750 ml,Lättare glasflaska,Friskt & Bärigt,Frankrike,"Syrah, Cinsault, Grenache, Mourvèdre, Cabernet sauvignon",Fast sortiment,56,"0102,0104,0106,0107,0110,0113,0114,0132,0133,0134,0136,0137,0138,0140,0143,0144,0145,0147,0151,0163,0165,0167,0170,0171,0172,0173,0174,0175,0176,0178,0179,0180,0201,0202,0204,0205,0207,0209,0210,0211,0212,0213,0215,0216,0217,0220,0221,0222,0224,0226,0228,0230,0231,0232,0237,0238"
600102,Marqués de Riscal Organic,Marqués de Riscal,69.0,375 ml,Glasflaska,Friskt & Fruktigt,Spanien,Verdejo,Fast sortiment,45,"0102,0104,0106,0107,0113,0114,0134,0136,0140,0145,0147,0148,0151,0163,0165,0167,0171,0172,0173,0174,0176,0178,0179,0180,0182,0201,0202,0206,0209,0211,0212,0213,0215,0216,0217,0218,0219,0222,0226,0228,0229,0230,0232,0237,0238"
225901,Sancerre Les Pierris,Roger Champault et Fils,239.0,750 ml,Lättare glasflaska,Friskt & Fruktigt,Frankrike,Sauvignon blanc,Fast sortiment,50,"0102,0104,0106,0107,0113,0114,0132,0133,0134,0136,0137,0140,0143,0144,0145,0147,0148,0151,0163,0165,0167,0170,0171,0172,0173,0174,0175,0176,0178,0180,0201,0202,0204,0206,0207,0211,0212,0213,0215,0216,0217,0220,0221,0224,0228,0230,0231,0232,0237,0238"
7748801,Langhe Nebbiolo Leunin,Giacosa Fratelli,149.0,750 ml,Lättare glasflaska,Stramt & Nyanserat,Italien,Nebbiolo,Fast sortiment,53,"0102,0104,0106,0107,0110,0113,0114,0132,0133,0134,0136,0137,0138,0140,0143,0144,0145,0147,0151,0163,0165,0167,0170,0171,0172,0173,0174,0175,0176,0178,0179,0180,0201,0202,0204,0207,0209,0211,0212,0213,0215,0216,0217,0220,0221,0224,0226,0228,0230,0231,0232,0237,0238"
221601,Cava 1+1=3 Brut Rosé Pinot Noir Organic,1+1=3 U Mes U Fan Tres S.L.,139.0,750 ml,Glasflaska,Rosé,Spanien,Pinot noir,Fast sortiment,50,"0102,0104,0106,0107,0113,0114,0132,0133,0134,0135,0136,0140,0144,0145,0147,0150,0151,0165,0167,0170,0171,0172,0173,0174,0175,0176,0178,0179,0180,0201,0202,0204,0209,0211,0212,0213,0215,0216,0217,0220,0221,0226,0228,0230,0231,0232,0236,0237,0238,0239"
222001,Saint Auriol Grand Blanc,Les Domaines Auriol,95.0,750 ml,Lättare glasflaska,Friskt & Fruktigt,Frankrike,"Viognier, Chardonnay, Rolle",Fast sortiment,44,"0102,0104,0106,0107,0113,0114,0134,0136,0137,0140,0145,0147,0151,0165,0167,0170,0171,0172,0173,0174,0175,0176,0178,0179,0180,0201,0202,0209,0211,0212,0213,0215,0216,0217,0221,0222,0226,0228,0229,0230,0231,0232,0237,0238"
537401,Coteaux Bourguignons Chardonnay,Vignerons de Buxy,129.0,750 ml,Lättare glasflaska,Fylligt & Smakrikt,Frankrike,Chardonnay,Fast sortiment,35,"0102,0104,0106,0107,0113,0114,0134,0136,0140,0145,0147,0151,0165,0167,0170,0171,0172,0173,0174,0175,0176,0179,0180,0201,0202,0211,0212,0213,0215,0216,0220,0230,0232,0237,0238"
9406901,Aurente Chardonnay,Lungarotti,199.0,750 ml,Glasflaska,Fylligt & Smakrikt,Italien,Chardonnay,Tillfälligt sortiment,50,"0102,0104,0106,0110,0113,0114,0132,0133,0134,0135,0136,0137,0138,0140,0143,0144,0145,0147,0151,0163,0165,0167,0170,0171,0172,0173,0174,0176,0177,0178,0179,0180,0201,0202,0206,0207,0209,0211,0212,0213,0215,0216,0217,0220,0221,0228,0230,0232,0237,0238"
5404101,Haut-Mouleyre Crémant de Bordeaux,Château Haut-Mouleyre,115.0,750 ml,Glasflaska,Torrt vitt,Frankrike,"Merlot, Sémillon",Fast sortiment,45,"0102,0104,0106,0107,0110,0113,0114,0134,0136,0137,0140,0145,0147,0151,0165,0167,0170,0171,0172,0173,0174,0175,0176,0178,0179,0180,0201,0202,0206,0209,0211,0212,0213,0215,0216,0217,0221,0222,0226,0228,0230,0231,0232,0237,0238"
752002,Crémant d'Alsace Chardonnay,Domaine Fernand Engel,99.0,375 ml,Glasflaska,Torrt vitt,Frankrike,Chardonnay,Fast sortiment,50,"0102,0104,0106,0107,0110,0113,0114,0133,0134,0135,0136,0140,0145,0147,0150,0151,0165,0167,0170,0171,0172,0173,0174,0175,0176,0177,0179,0180,0201,0202,0206,0208,0211,0212,0213,0214,0215,0216,0217,0219,0221,0224,0226,0228,0229,0230,0231,0232,0237,0238"
223902,Les Remparts des Ceps Dorés Rosé,Les Vignerons de Roaix Seguret,77.0,375 ml,Glasflaska,Friskt & Bärigt,Frankrike,"Grenache, Cinsault, Syrah",Fast sortiment,47,"0102,0104,0106,0107,0110,0113,0114,0132,0134,0136,0140,0145,0147,0151,0165,0167,0170,0171,0172,0173,0174,0175,0176,0178,0179,0180,0201,0202,0204,0206,0207,0209,0211,0212,0213,0215,0216,0217,0221,0226,0228,0229,0230,0231,0232,0237,0238"
9125001,Haardt Riesling,Mueller-Catoir,239.0,750 ml,Glasflaska,Friskt & Fruktigt,Tyskland,Riesling,Tillfälligt sortiment,49,"0102,0104,0106,0110,0113,0114,0132,0133,0134,0135,0136,0137,0138,0140,0143,0144,0145,0147,0151,0163,0165,0167,0170,0171,0172,0173,0174,0176,0178,0179,0180,0201,0202,0206,0209,0211,0212,0213,0215,0216,0217,0220,0221,0223,0228,0230,0232,0237,0238"
9125501,Dolcetto d'Alba Giacomo Grimaldi,Giacomo Grimaldi di Grimaldi Ferruccio,179.0,750 ml,Glasflaska,Fruktigt & Smakrikt,Italien,Dolcetto,Tillfälligt sortiment,50,"0102,0104,0106,0110,0113,0114,0132,0133,0134,0135,0136,0137,0138,0140,0143,0144,0145,0147,0148,0151,0163,0165,0167,0170,0171,0172,0173,0174,0176,0178,0179,0180,0201,0202,0206,0209,0211,0212,0213,0215,0216,0217,0218,0220,0221,0228,0230,0232,0237,0238"
7294901,Côtes-du-Rhône Reserve Rosé,Pellerin,99.0,750 ml,Lättare glasflaska,Friskt & Bärigt,Frankrike,"Grenache, Syrah",Fast sortiment,51,"0102,0104,0106,0107,0113,0114,0132,0133,0134,0136,0137,0140,0143,0144,0145,0147,0151,0163,0165,0167,0170,0171,0172,0173,0174,0175,0176,0178,0179,0180,0201,0202,0204,0207,0209,0211,0212,0213,0215,0216,0217,0218,0221,0224,0226,0228,0230,0231,0232,0237,0238"
229701,Chavin Sauvignon Blanc Côtes de Gascogne,Domaines Pierre Chavin,99.0,750 ml,Lättare glasflaska,Friskt & Fruktigt,Frankrike,"Colombard, Gros manseng, Sauvignon blanc",Fast sortiment,44,"0102,0104,0106,0107,0113,0114,0134,0136,0140,0145,0147,0151,0165,0167,0170,0171,0172,0173,0174,0175,0176,0178,0179,0180,0201,0202,0206,0209,0211,0212,0213,0215,0216,0217,0221,0222,0226,0228,0229,0230,0231,0232,0237,0238"
588201,A Christmann Riesling,A Christmann,169.0,750 ml,Lättare glasflaska,Friskt & Fruktigt,Tyskland,Riesling,Fast sortiment,34,"0102,0104,0106,0107,0113,0114,0134,0136,0138,0140,0144,0145,0147,0151,0165,0167,0171,0172,0173,0174,0176,0179,0180,0201,0202,0211,0212,0213,0215,0216,0230,0232,0237,0238"
264101,Isabel Costa Blanc de Blancs Brut Organic,Riley Vinum S.L.,89.0,750 ml,Glasflaska,Torrt vitt,Spanien,,Fast sortiment,45,"0102,0104,0106,0107,0113,0114,0133,0134,0135,0136,0140,0145,0148,0150,0151,0165,0167,0168,0173,0174,0177,0179,0180,0182,0201,0202,0204,0206,0208,0212,0213,0214,0215,0219,0220,0221,0222,0225,0226,0229,0230,0231,0232,0237,0238"
9530001,Cannonau di Sardegna Sileno Ferruccio Deiana,Az. Ferruccio Deiana,159.0,750 ml,Glasflaska,Fruktigt & Smakrikt,Italien,Cannonau,Tillfälligt sortiment,51,"0102,0104,0106,0110,0113,0114,0132,0133,0134,0135,0136,0137,0138,0140,0143,0144,0145,0147,0151,0163,0165,0167,0170,0171,0172,0173,0174,0176,0177,0178,0179,0180,0201,0202,0206,0209,0211,0212,0213,0215,0216,0217,0218,0220,0221,0228,0230,0232,0234,0237,0238"
9245601,'a Rina Etna Rosso,Girolamo Russo,251.0,750 ml,Glasflaska,Kryddigt & Mustigt,Italien,Nerello mascalese,Tillfälligt sortiment,49,"0102,0104,0106,0107,0113,0114,0132,0133,0134,0135,0136,0137,0138,0140,0143,0144,0145,0147,0148,0151,0163,0165,0167,0170,0171,0172,0173,0174,0176,0178,0179,0180,0201,0202,0206,0211,0212,0213,0215,0216,0217,0220,0221,0228,0230,0232,0235,0237,0238"
9603501,Siefersheim Riesling Porphyr,Wagner Stempel,216.0,750 ml,Glasflaska,Friskt & Fruktigt,Tyskland,Riesling,Tillfälligt sortiment,50,"0102,0104,0106,0107,0110,0113,0114,0132,0133,0134,0135,0136,0137,0138,0140,0143,0144,0145,0147,0151,0163,0165,0167,0170,0171,0172,0173,0176,0178,0179,0180,0201,0202,0206,0209,0211,0212,0213,0215,0216,0217,0220,0221,0223,0228,0230,0231,0232,0237,0238"
549402,Sancerre Domaine des Vieux Pruniers,Earl Christian Thirot Fournier,139.0,375 ml,Glasflaska,Friskt & Fruktigt,Frankrike,Sauvignon blanc,Fast sortiment,53,"0102,0104,0106,0107,0110,0113,0114,0132,0133,0134,0136,0137,0138,0140,0143,0144,0145,0147,0151,0163,0165,0167,0171,0172,0173,0174,0175,0176,0178,0179,0180,0201,0202,0204,0206,0207,0209,0211,0212,0213,0215,0216,0217,0221,0222,0224,0226,0228,0230,0231,0232,0237,0238"
225634,Maison Petit Perle Le Petit Petit Grenache,Vignobles de Cicéron,49.0,250 ml,Burk,Fruktigt & Smakrikt,Frankrike,Grenache,Fast sortiment,39,"0102,0104,0106,0107,0113,0114,0134,0136,0140,0145,0147,0151,0165,0167,0170,0171,0172,0173,0174,0175,0176,0178,0179,0180,0201,0202,0209,0211,0212,0213,0215,0216,0217,0226,0228,0230,0232,0237,0238"
7736601,La Chouette de Champillon Blanc de Noirs,Champagne Autréau,369.0,750 ml,Glasflaska,Torrt vitt,Frankrike,"Pinot noir, Pinot meunier",Fast sortiment,55,"0102,0104,0106,0107,0110,0113,0114,0132,0133,0134,0136,0137,0138,0140,0143,0144,0145,0147,0151,0163,0165,0167,0168,0170,0171,0172,0173,0174,0175,0176,0179,0180,0182,0201,0202,0204,0206,0207,0211,0212,0213,0215,0216,0217,0218,0221,0223,0224,0228,0229,0230,0231,0232,0237,0238"
9262601,Langhe Nebbiolo  A Mont,Paolo Conterno,181.0,750 ml,Glasflaska,Kryddigt & Mustigt,Italien,Nebbiolo,Tillfälligt sortiment,50,"0102,0104,0106,0110,0113,0114,0132,0133,0134,0135,0136,0137,0138,0140,0143,0144,0145,0147,0151,0163,0165,0167,0170,0171,0172,0173,0174,0176,0177,0178,0179,0180,0201,0202,0206,0209,0211,0212,0213,0215,0216,0217,0220,0221,0228,0230,0232,0234,0237,0238"
149202,Xavier Vignon Vacqueyras,Xavier Vignon,85.0,375 ml,Glasflaska,Fruktigt & Smakrikt,Frankrike,"Grenache noir, Syrah, Mourvèdre",Fast sortiment,41,"0102,0104,0107,0110,0113,0114,0132,0134,0140,0151,0167,0171,0173,0174,0176,0178,0179,0182,0202,0204,0208,0209,0211,0212,0213,0214,0215,0216,0217,0218,0219,0222,0225,0226,0228,0229,0230,0232,0236,0237,0238"
9049001,Mastinell Heretat Brut Nature Gran Reserva,"Heretat Mas Tinell, S.L.",199.0,750 ml,Glasflaska,Torrt vitt,Spanien,"Macabeo, Parellada, Xarel-lo",Tillfälligt sortiment,38,"0102,0104,0107,0110,0113,0114,0134,0136,0137,0138,0140,0143,0144,0147,0148,0151,0163,0165,0171,0172,0173,0174,0175,0176,0177,0178,0179,0180,0201,0202,0208,0211,0212,0213,0215,0220,0237,0238"
796606,Baglietti Prosecco Organic,47 Anno Domini,279.0,1500 ml,Glasflaska,Torrt vitt,Italien,Glera,Fast sortiment,41,"0102,0104,0106,0107,0113,0114,0134,0136,0137,0140,0145,0147,0151,0167,0170,0171,0172,0173,0174,0176,0178,0179,0180,0202,0204,0209,0211,0212,0213,0215,0216,0217,0220,0221,0224,0226,0228,0230,0231,0232,0237"
770601,Asti Martini,Martini Rossi,99.0,750 ml,Glasflaska,Sött,Italien,Muscat,Fast sortiment,55,"0102,0104,0106,0107,0113,0114,0132,0133,0134,0136,0138,0140,0144,0145,0147,0150,0151,0165,0167,0171,0172,0173,0174,0176,0177,0178,0179,0180,0182,0201,0202,0204,0208,0209,0210,0211,0212,0213,0214,0215,0216,0217,0218,0219,0221,0222,0225,0226,0227,0228,0230,0231,0232,0237,0238"
2007801,Basalte du Coiron Syrah,Vignerons Ardèchois - UVICA,99.0,750 ml,Lättare glasflaska,Kryddigt & Mustigt,Frankrike,Syrah,Fast sortiment,43,"0102,0104,0106,0107,0113,0114,0134,0136,0140,0145,0147,0151,0165,0167,0170,0171,0172,0173,0174,0175,0176,0178,0179,0180,0201,0202,0206,0209,0211,0212,0213,0215,0216,0217,0218,0222,0226,0228,0230,0231,0232,0237,0238"
9512301,Carra Château de Lascaux,Château de Lascaux,189.0,750 ml,Glasflaska,Kryddigt & Mustigt,Frankrike,"Grenache, Syrah",Tillfälligt sortiment,51,"0102,0104,0106,0110,0113,0114,0132,0133,0134,0135,0136,0137,0138,0140,0143,0144,0145,0147,0151,0163,0165,0167,0170,0171,0172,0173,0174,0176,0177,0178,0179,0180,0201,0202,0206,0207,0209,0211,0212,0213,0215,0216,0217,0220,0221,0228,0230,0232,0234,0237,0238"
9299101,K1 Middle Hill Shiraz,Geoff Hardy,179.0,750 ml,Glasflaska,Fruktigt & Smakrikt,Australien,Shiraz,Tillfälligt sortiment,50,"0102,0104,0107,0110,0113,0114,0133,0134,0135,0136,0137,0138,0140,0143,0144,0145,0147,0148,0151,0163,0165,0167,0170,0171,0172,0173,0174,0176,0177,0178,0179,0180,0201,0202,0205,0206,0211,0212,0213,0215,0216,0217,0218,0220,0221,0228,0230,0232,0237,0238"
5027601,Armatura Brunello di Montalcino,The Company of Urban wines And Other Liquids Sweden AB,289.0,750 ml,Glasflaska,Kryddigt & Mustigt,Italien,Sangiovese,Fast sortiment,54,"0102,0104,0106,0107,0113,0114,0132,0133,0134,0136,0137,0138,0140,0143,0144,0145,0147,0151,0163,0165,0167,0170,0171,0172,0173,0174,0175,0176,0178,0179,0180,0201,0202,0204,0207,0209,0211,0212,0213,0215,0216,0217,0218,0220,0221,0222,0224,0226,0228,0230,0231,0232,0237,0238"
568801,Bourgogne Blanc Jurassique J M Brocard,J M Brocard,139.0,750 ml,Lättare glasflaska,Friskt & Fruktigt,Frankrike,Chardonnay,Fast sortiment,53,"0102,0104,0106,0107,0110,0113,0114,0132,0133,0134,0135,0136,0137,0140,0143,0144,0145,0147,0151,0163,0165,0167,0170,0171,0172,0173,0174,0175,0176,0178,0179,0180,0201,0202,0204,0207,0209,0211,0212,0213,0215,0216,0217,0220,0221,0224,0226,0228,0230,0231,0232,0237,0238"
9047901,Roland Champion Special Club Grand Cru,Roland Champion,579.0,750 ml,Glasflaska,Torrt vitt,Frankrike,Chardonnay,Tillfälligt sortiment,47,"0102,0104,0106,0107,0110,0113,0114,0132,0133,0134,0135,0136,0137,0138,0144,0147,0151,0163,0165,0167,0168,0170,0171,0172,0173,0174,0175,0176,0177,0178,0180,0201,0202,0206,0209,0212,0215,0216,0217,0220,0221,0224,0226,0228,0230,0232,0237"
7939301,Von Winning Riesling,Von Winning,139.0,750 ml,Lättare glasflaska,Friskt & Fruktigt,Tyskland,Riesling,Fast sortiment,51,"0102,0104,0106,0107,0110,0113,0114,0132,0133,0134,0136,0137,0140,0143,0144,0145,0147,0151,0163,0165,0167,0170,0171,0172,0173,0174,0175,0176,0178,0179,0180,0201,0202,0204,0207,0209,0211,0212,0213,0215,0216,0217,0221,0224,0226,0228,0230,0231,0232,0237,0238"
751804,Moët & Chandon Brut Impérial,Moët & Chandon,179.0,200 ml,Lättare glasflaska,Torrt vitt,Frankrike,"Chardonnay, Pinot meunier, Pinot noir",Fast sortiment,56,"0102,0104,0106,0107,0113,0114,0132,0133,0134,0136,0137,0138,0140,0143,0144,0145,0147,0151,0163,0165,0167,0170,0171,0172,0173,0174,0175,0176,0178,0179,0180,0201,0202,0204,0205,0206,0207,0208,0211,0212,0213,0215,0216,0217,0218,0220,0221,0224,0227,0228,0229,0230,0231,0232,0237,0238"
7974301,Famiglia Occello La Scoperta Barolo,Famiglia Occello,160.0,750 ml,Lättare glasflaska,Kryddigt & Mustigt,Italien,Nebbiolo,Fast sortiment,40,"0102,0104,0114,0134,0135,0140,0144,0148,0151,0163,0165,0167,0171,0173,0174,0176,0178,0179,0202,0204,0206,0207,0210,0211,0212,0213,0215,0217,0220,0221,0224,0225,0226,0228,0230,0232,0234,0237,0238,0239"
241701,Privat Brut Nature Reserva Chardonnay,Cava Privat,159.0,750 ml,Glasflaska,Torrt vitt,Spanien,Chardonnay,Fast sortiment,41,"0102,0104,0106,0107,0113,0114,0134,0136,0140,0145,0147,0151,0165,0167,0170,0171,0172,0173,0174,0175,0176,0178,0179,0180,0201,0202,0206,0209,0211,0212,0213,0215,0216,0217,0226,0228,0229,0230,0232,0237,0238"
7925001,Clarendelle Bordeaux,Clarence Dillon Wines,215.0,750 ml,Glasflaska,Fruktigt & Smakrikt,Frankrike,"Merlot, Cabernet sauvignon, Cabernet franc",Fast sortiment,48,"0102,0104,0106,0107,0113,0114,0132,0134,0136,0140,0145,0147,0151,0165,0167,0170,0171,0172,0173,0174,0175,0176,0178,0179,0180,0201,0202,0206,0207,0209,0210,0211,0212,0213,0215,0216,0217,0220,0221,0226,0227,0228,0229,0230,0231,0232,0237,0238"
229201,Côtes du Jura Chardonnay,Fruitière Vinicole d' Arbois,169.0,750 ml,Glasflaska,Fylligt & Smakrikt,Frankrike,Chardonnay,Fast sortiment,53,"0102,0104,0106,0107,0110,0113,0114,0132,0133,0134,0136,0137,0138,0140,0143,0144,0145,0147,0151,0163,0165,0167,0170,0171,0172,0173,0174,0175,0176,0178,0179,0180,0201,0202,0204,0206,0207,0209,0211,0212,0213,0215,0216,0217,0221,0224,0226,0228,0230,0231,0232,0237,0238"
207801,Calvet Saumur-Champigny,Dulong Calvet,149.0,750 ml,Lättare glasflaska,Fruktigt & Smakrikt,Frankrike,Cabernet franc,Fast sortiment,44,"0102,0104,0106,0107,0110,0113,0114,0134,0136,0138,0140,0145,0147,0151,0165,0167,0170,0171,0172,0173,0174,0175,0176,0178,0179,0180,0201,0202,0206,0209,0211,0212,0213,0215,0216,0217,0220,0226,0228,0229,0230,0232,0237,0238"
608301,Campo Viejo Reserva,Vinarchy,119.0,750 ml,Lättare glasflaska,Kryddigt & Mustigt,Spanien,"Tempranillo, Mazuelo, Graciano",Fast sortiment,45,"0102,0104,0106,0107,0113,0114,0133,0134,0136,0140,0145,0147,0151,0165,0167,0170,0172,0173,0174,0175,0176,0178,0179,0180,0201,0202,0204,0206,0209,0211,0212,0213,0215,0216,0217,0221,0222,0226,0227,0228,0230,0231,0232,0237,0238"
9057101,Barolo Giacomo Grimaldi,Giacomo Grimaldi di Grimaldi Ferruccio,349.0,750 ml,Glasflaska,Stramt & Nyanserat,Italien,Nebbiolo,Tillfälligt sortiment,48,"0102,0104,0110,0113,0114,0133,0134,0135,0136,0137,0138,0140,0143,0144,0145,0147,0151,0163,0165,0167,0170,0171,0172,0173,0174,0175,0176,0178,0179,0201,0202,0206,0211,0212,0213,0215,0216,0217,0218,0220,0221,0228,0230,0232,0234,0237,0238,0239"
1663201,Bonterra Chardonnay,Bonterra Vineyards,129.0,750 ml,Lättare glasflaska,Fylligt & Smakrikt,USA,Chardonnay,Fast sortiment,45,"0102,0104,0106,0107,0113,0114,0134,0136,0137,0138,0140,0143,0145,0147,0151,0165,0167,0171,0172,0173,0174,0176,0178,0179,0180,0201,0202,0204,0206,0209,0211,0212,0213,0215,0216,0217,0220,0222,0224,0226,0228,0230,0232,0237,0238"
7990301,Weinmann Riesling Organic,ViniMundi,88.0,1000 ml,Lättare glasflaska,Friskt & Fruktigt,Tyskland,,Fast sortiment,27,"0102,0106,0132,0134,0137,0144,0147,0148,0150,0165,0171,0176,0178,0179,0204,0206,0207,0210,0214,0216,0217,0220,0223,0224,0226,0231,0234"
257601,Col d'Orcia Rosso di Montalcino,Col d'Orcia,169.0,750 ml,Glasflaska,Kryddigt & Mustigt,Italien,Sangiovese,Fast sortiment,46,"0102,0104,0106,0107,0113,0114,0132,0133,0134,0136,0137,0140,0144,0145,0147,0151,0165,0167,0170,0171,0172,0173,0174,0175,0176,0178,0179,0180,0201,0202,0206,0209,0211,0212,0213,0215,0216,0217,0221,0226,0228,0230,0231,0232,0237,0238"
9301601,Hedges Family Estate Red Mountain,Hedges Family Estate,289.0,750 ml,Glasflaska,Stramt & Nyanserat,USA,"Cabernet sauvignon, Merlot, Petit verdot, Cabernet franc",Tillfälligt sortiment,49,"0102,0104,0106,0110,0113,0114,0132,0133,0134,0135,0136,0137,0138,0140,0143,0144,0145,0147,0151,0163,0165,0167,0170,0171,0172,0173,0174,0176,0178,0179,0180,0201,0202,0206,0209,0211,0212,0213,0215,0216,0217,0219,0220,0221,0228,0230,0232,0237,0238"
535206,Casalforte Ripasso,Collis Heritage S.p.A.,249.0,1500 ml,Glasflaska,Kryddigt & Mustigt,Italien,"Corvina, Molinara, Negrara, Rondinella",Fast sortiment,41,"0102,0104,0106,0107,0113,0114,0134,0136,0140,0145,0147,0151,0165,0167,0171,0172,0173,0174,0176,0178,0179,0180,0201,0202,0209,0211,0212,0213,0215,0216,0217,0218,0221,0222,0226,0228,0230,0231,0232,0237,0238"
9501701,Crozes-Hermitage Yann Chave,Yann Chave,259.0,750 ml,Glasflaska,Kryddigt & Mustigt,Frankrike,Syrah,Tillfälligt sortiment,49,"0102,0104,0106,0110,0113,0114,0132,0133,0134,0135,0136,0137,0138,0140,0143,0144,0145,0147,0151,0163,0165,0167,0170,0171,0172,0173,0174,0176,0178,0179,0180,0201,0202,0206,0209,0210,0211,0212,0213,0215,0216,0217,0220,0221,0228,0230,0232,0237,0238"
9298401,Bulle Nature Pétillant naturel,Famille Vaillant- Les Grandes Vignes,231.0,750 ml,Glasflaska,Friskt & Fruktigt,Frankrike,"Chenin blanc, Groslot gris, Cabernet franc, Chardonnay",Tillfälligt sortiment,36,"0102,0104,0106,0110,0114,0134,0135,0136,0138,0140,0145,0151,0167,0171,0173,0177,0178,0179,0180,0202,0206,0207,0209,0210,0212,0213,0215,0220,0221,0222,0228,0230,0232,0237,0238,0239"
9506301,Sela Bodegas Roda,Bodegas Roda,239.0,750 ml,Glasflaska,Fruktigt & Smakrikt,Spanien,"Tempranillo, Garnacha",Tillfälligt sortiment,51,"0102,0104,0106,0110,0113,0114,0132,0133,0134,0135,0136,0137,0138,0140,0143,0144,0145,0147,0151,0163,0165,0167,0170,0171,0172,0173,0174,0175,0176,0177,0178,0179,0180,0201,0202,0206,0209,0210,0211,0212,0213,0215,0216,0217,0220,0221,0228,0230,0232,0237,0238"
415101,Château Bonnet Blanc,André Lurton,115.0,750 ml,Lättare glasflaska,Friskt & Fruktigt,Frankrike,"Sauvignon blanc, Colombard, Sémillon",Fast sortiment,46,"0102,0104,0106,0107,0113,0114,0132,0133,0134,0136,0140,0144,0145,0147,0151,0165,0167,0170,0171,0172,0173,0174,0175,0176,0178,0179,0180,0201,0202,0204,0209,0211,0212,0213,0215,0216,0217,0220,0221,0226,0228,0230,0231,0232,0237,0238"
9057401,Zolo Reserve Cabernet Sauvignon,Fincas Patagonicas,189.0,750 ml,Glasflaska,Fruktigt & Smakrikt,Argentina,Cabernet sauvignon,Tillfälligt sortiment,49,"0102,0104,0106,0110,0113,0114,0132,0133,0134,0135,0136,0137,0138,0143,0144,0145,0147,0151,0163,0165,0167,0170,0171,0172,0173,0174,0176,0177,0178,0179,0180,0201,0202,0206,0209,0211,0212,0213,0215,0216,0217,0218,0220,0221,0228,0230,0232,0237,0238"
296102,Leth Grüner Veltliner Terrassen,Weingut Leth,69.0,375 ml,Glasflaska,Friskt & Fruktigt,Österrike,Grüner veltliner,Fast sortiment,51,"0102,0104,0106,0107,0110,0113,0114,0132,0133,0134,0136,0137,0140,0143,0144,0145,0147,0151,0163,0165,0167,0168,0170,0171,0172,0173,0174,0175,0176,0179,0180,0201,0202,0204,0207,0211,0212,0213,0215,0216,0217,0220,0221,0224,0226,0228,0230,0231,0232,0237,0238"
9297401,Château La Branne,Château la Branne,199.0,750 ml,Glasflaska,Fruktigt & Smakrikt,Frankrike,"Cabernet sauvignon, Merlot, Petit verdot",Tillfälligt sortiment,49,"0102,0104,0106,0107,0110,0113,0114,0132,0133,0134,0135,0136,0137,0138,0140,0143,0144,0145,0147,0151,0163,0165,0167,0170,0171,0172,0173,0174,0176,0178,0179,0180,0201,0202,0206,0209,0211,0212,0213,0215,0216,0217,0220,0221,0228,0230,0232,0237,0238"
252901,Stoneleigh Wild Valley Sauvignon Blanc,Vinarchy,139.0,750 ml,Lättare glasflaska,Friskt & Fruktigt,Nya Zeeland,Sauvignon blanc,Fast sortiment,22,"0102,0104,0107,0114,0134,0140,0151,0171,0174,0176,0179,0202,0211,0212,0213,0215,0228,0230,0231,0232,0237,0238"
229934,Vinette Chardonnay,Vinette,39.0,250 ml,Burk,Friskt & Fruktigt,Sydafrika,Chardonnay,Fast sortiment,46,"0102,0104,0106,0107,0113,0114,0132,0133,0134,0136,0137,0138,0140,0143,0144,0145,0147,0163,0165,0167,0170,0171,0172,0173,0174,0175,0176,0179,0180,0201,0202,0204,0207,0212,0213,0215,0216,0217,0220,0221,0224,0228,0230,0231,0232,0238"
626301,Folklore Albariño,Vining,129.0,750 ml,Lättare glasflaska,Friskt & Fruktigt,Spanien,Albariño,Fast sortiment,41,"0102,0104,0106,0107,0113,0114,0134,0136,0140,0144,0145,0147,0151,0165,0167,0171,0172,0173,0174,0176,0178,0179,0180,0202,0209,0211,0212,0213,0215,0216,0217,0219,0220,0221,0226,0228,0230,0231,0232,0237,0238"
5291501,150+1 Barbera Piemonte,Schenk Italia Spa,99.0,750 ml,Glasflaska,Fruktigt & Smakrikt,Italien,Barbera,Fast sortiment,40,"0102,0104,0106,0107,0113,0114,0134,0136,0140,0145,0147,0151,0165,0167,0170,0171,0172,0173,0174,0175,0176,0178,0179,0180,0201,0202,0209,0211,0212,0213,0215,0216,0217,0222,0226,0228,0230,0232,0237,0238"
5525001,Ascot Pinot Noir,Domaine Wines Sweden AB,109.0,750 ml,Glasflaska,Kryddigt & Mustigt,USA,Pinot noir,Fast sortiment,48,"0102,0104,0106,0107,0113,0114,0132,0133,0134,0136,0138,0140,0144,0145,0147,0151,0165,0167,0170,0171,0172,0173,0174,0175,0176,0178,0179,0180,0201,0202,0204,0209,0211,0212,0213,0215,0216,0217,0221,0224,0226,0228,0229,0230,0231,0232,0237,0238"
226201,La Bastide Blanche,Earl Bronzo,219.0,750 ml,Lättare glasflaska,Stramt & Nyanserat,Frankrike,"Mourvèdre, Grenache, Carignan, Cinsault",Fast sortiment,27,"0102,0104,0106,0107,0110,0114,0134,0136,0137,0138,0140,0144,0151,0168,0171,0174,0211,0212,0213,0215,0217,0220,0228,0230,0232,0237,0238"
9203801,Navaherreros Garnacha,Bodegas Bernabeleva,217.0,750 ml,Glasflaska,Kryddigt & Mustigt,Spanien,Garnacha,Tillfälligt sortiment,45,"0102,0104,0107,0110,0113,0114,0133,0134,0135,0136,0137,0138,0140,0143,0144,0145,0147,0151,0163,0165,0167,0170,0171,0172,0173,0174,0176,0178,0179,0201,0202,0206,0211,0212,0213,0215,0216,0217,0220,0221,0228,0230,0232,0237,0238"
209501,GRW Saperavi,GRW (Georgian Royal Wine),99.0,750 ml,Glasflaska,Fruktigt & Smakrikt,Georgien,Saperavi,Fast sortiment,50,"0102,0104,0106,0107,0113,0114,0134,0135,0136,0140,0143,0144,0145,0147,0148,0150,0151,0165,0167,0168,0170,0172,0173,0174,0175,0176,0177,0178,0179,0180,0182,0201,0202,0209,0211,0212,0213,0215,0216,0219,0220,0221,0222,0226,0230,0231,0232,0235,0237,0238"
759201,Nicolas Feuillatte Blanc de Blancs Collection Vintage,Nicolas Feuillatte,399.0,750 ml,Glasflaska,Torrt vitt,Frankrike,Chardonnay,Fast sortiment,48,"0102,0104,0106,0107,0113,0114,0132,0133,0134,0136,0138,0140,0144,0145,0147,0151,0163,0165,0167,0170,0171,0172,0173,0174,0175,0176,0179,0180,0201,0202,0204,0206,0211,0212,0213,0215,0216,0217,0221,0224,0226,0228,0229,0230,0231,0232,0237,0238"
7810301,Le Connoisseur Crémant de Bordeaux,Foundation Drinks,121.0,750 ml,Glasflaska,Torrt vitt,Frankrike,"Cabernet franc, Merlot, Sémillon",Fast sortiment,33,"0102,0104,0114,0132,0134,0135,0140,0143,0144,0145,0151,0170,0171,0173,0174,0175,0178,0201,0202,0206,0211,0212,0213,0217,0221,0224,0226,0228,0230,0231,0234,0237,0238"
9048101,Moulin-à-Vent Champ de Cour,Château de Jacques,249.0,750 ml,Glasflaska,Fruktigt & Smakrikt,Frankrike,Gamay,Tillfälligt sortiment,46,"0102,0104,0107,0110,0113,0114,0133,0134,0135,0136,0137,0138,0140,0143,0144,0145,0147,0151,0163,0165,0167,0170,0171,0172,0173,0174,0176,0178,0179,0180,0202,0206,0211,0212,0213,0215,0216,0217,0220,0221,0223,0228,0230,0232,0237,0238"
5099401,Haggan Xinomavro,Artisans Vignerons de Naoussa,169.0,750 ml,Glasflaska,Kryddigt & Mustigt,Grekland,Xynomavro,Fast sortiment,47,"0102,0104,0106,0107,0113,0114,0132,0133,0134,0136,0137,0140,0143,0144,0145,0147,0148,0151,0163,0165,0167,0170,0171,0172,0173,0174,0175,0176,0179,0180,0201,0202,0204,0207,0211,0212,0213,0215,0216,0221,0222,0224,0230,0231,0232,0237,0238"
5508401,Château Les Trois Manoirs,SCEA Vignobles Cruchon et Fils,149.0,750 ml,Glasflaska,Stramt & Nyanserat,Frankrike,,Fast sortiment,39,"0102,0104,0106,0107,0113,0114,0134,0136,0140,0145,0147,0151,0165,0167,0171,0172,0173,0174,0176,0178,0179,0180,0201,0202,0206,0209,0211,0212,0213,0215,0216,0217,0222,0226,0228,0230,0232,0237,0238"
270502,Brolio,Ricasoli,95.0,375 ml,Glasflaska,Kryddigt & Mustigt,Italien,"Sangiovese, Merlot, Cabernet sauvignon",Fast sortiment,43,"0102,0104,0106,0107,0113,0114,0134,0136,0137,0140,0145,0147,0151,0165,0167,0170,0171,0172,0173,0174,0175,0176,0178,0179,0180,0201,0202,0207,0209,0211,0212,0213,0215,0216,0217,0221,0226,0228,0230,0231,0232,0237,0238"
271301,Albades Garnacha Blanca Viura,Hammeken Cellars,99.0,750 ml,Lättare glasflaska,Friskt & Fruktigt,Spanien,"Garnacha blanca, Viura",Fast sortiment,40,"0102,0104,0106,0107,0113,0114,0134,0136,0140,0145,0147,0151,0165,0167,0170,0171,0172,0173,0174,0175,0176,0178,0179,0180,0201,0202,0209,0211,0212,0213,0215,0216,0217,0220,0226,0228,0230,0232,0237,0238"
7786501,Louis Bouillot Crémant de Bourgogne Brut Grand Millésimé,Louis Bouillot,169.0,750 ml,Glasflaska,Torrt vitt,Frankrike,"Aligoté, Chardonnay, Pinot noir",Fast sortiment,51,"0102,0104,0106,0107,0110,0113,0114,0132,0133,0134,0136,0137,0138,0140,0143,0144,0145,0147,0151,0163,0165,0167,0170,0171,0172,0173,0174,0175,0176,0179,0180,0182,0201,0202,0204,0207,0211,0212,0213,0215,0216,0217,0221,0222,0224,0228,0230,0231,0232,0237,0238"
230801,Molí Rosso Di Majo Norante,Di Majo Norante,129.0,750 ml,Lättare glasflaska,Kryddigt & Mustigt,Italien,"Montepulciano, Aglianico",Fast sortiment,40,"0102,0104,0106,0107,0110,0113,0114,0134,0136,0140,0145,0147,0151,0165,0167,0170,0171,0172,0173,0174,0175,0176,0178,0179,0180,0201,0202,0209,0211,0212,0213,0215,0216,0217,0226,0228,0230,0232,0237,0238"
9503501,Sancerre Beau Roy Domaine Reverdy-Ducroux,Domaine Reverdy-Ducroux,251.0,750 ml,Glasflaska,Friskt & Fruktigt,Frankrike,Sauvignon blanc,Tillfälligt sortiment,48,"0102,0104,0106,0110,0113,0114,0132,0133,0134,0135,0136,0137,0138,0140,0143,0144,0145,0147,0151,0163,0165,0167,0170,0171,0172,0173,0174,0176,0178,0179,0180,0201,0202,0206,0209,0211,0212,0213,0215,0216,0217,0220,0221,0228,0230,0232,0237,0238"
9065801,Böjt Egri Bikavér Superior,BöjtBor,149.0,750 ml,Glasflaska,Fruktigt & Smakrikt,Ungern,"Kékfrankos, Cabernet sauvignon, Zweigelt, Blauburger, Pinot noir",Tillfälligt sortiment,40,"0102,0104,0107,0110,0113,0114,0134,0136,0137,0138,0140,0143,0144,0145,0147,0148,0151,0163,0165,0171,0172,0173,0174,0175,0176,0178,0179,0180,0201,0211,0212,0213,0215,0220,0221,0223,0234,0235,0237,0238"
450001,Saint Auriol Chatelaine La Clape,Les Domaines Auriol,139.0,750 ml,Glasflaska,Kryddigt & Mustigt,Frankrike,"Syrah, Grenache, Carignan",Fast sortiment,37,"0102,0104,0106,0107,0113,0114,0134,0136,0140,0145,0147,0151,0165,0167,0171,0172,0173,0174,0176,0178,0179,0180,0201,0202,0209,0211,0212,0213,0215,0216,0217,0226,0228,0230,0232,0237,0238"
255501,Altitude by Duorum,Duorum Vinhos,99.0,750 ml,Lättare glasflaska,Fruktigt & Smakrikt,Portugal,,Fast sortiment,41,"0102,0104,0106,0107,0113,0114,0134,0136,0140,0145,0147,0151,0165,0167,0170,0171,0172,0173,0174,0175,0176,0178,0179,0180,0201,0202,0209,0211,0212,0213,0215,0216,0217,0221,0226,0228,0230,0231,0232,0237,0238"
792501,Moscato d'Asti Gianni Doglia,Gianni Doglia,115.0,750 ml,Glasflaska,Sött,Italien,,Fast sortiment,49,"0102,0104,0106,0107,0110,0113,0114,0132,0133,0134,0136,0137,0140,0143,0144,0145,0147,0151,0163,0165,0167,0170,0171,0172,0173,0174,0175,0176,0179,0180,0201,0202,0204,0207,0211,0212,0213,0215,0216,0217,0220,0221,0224,0228,0230,0231,0232,0237,0238"
3247201,Le Volte dell'Ornellaia,Ornellaia,199.0,750 ml,Lättare glasflaska,Stramt & Nyanserat,Italien,"Cabernet sauvignon, Merlot, Petit verdot",Fast sortiment,50,"0102,0104,0106,0107,0110,0113,0114,0132,0133,0134,0136,0137,0138,0140,0143,0144,0145,0147,0151,0163,0165,0167,0170,0171,0172,0173,0174,0175,0176,0179,0180,0201,0202,0204,0207,0211,0212,0213,0215,0216,0217,0220,0221,0224,0228,0230,0231,0232,0237,0238"
3225301,Sancerre Les Baronnes,Henri Bourgeois,249.0,750 ml,Glasflaska,Friskt & Fruktigt,Frankrike,Sauvignon blanc,Fast sortiment,49,"0102,0104,0106,0107,0113,0114,0132,0133,0134,0136,0140,0143,0144,0145,0147,0151,0165,0167,0170,0171,0172,0173,0174,0175,0176,0179,0180,0201,0202,0204,0206,0207,0209,0211,0212,0213,0215,0216,0217,0220,0221,0224,0226,0228,0230,0231,0232,0237,0238"
2018601,Pflüger Red Balloon Cuvée,Weinkontor A.&J. Pflüger,119.0,750 ml,Lättare glasflaska,Fruktigt & Smakrikt,Tyskland,"Pinot noir, Dornfelder, Merlot",Fast sortiment,38,"0102,0104,0106,0107,0113,0114,0134,0136,0140,0143,0145,0147,0151,0165,0167,0171,0172,0173,0174,0175,0176,0178,0179,0180,0201,0209,0211,0212,0213,0215,0216,0217,0226,0228,0230,0232,0237,0238"
7876801,Dignitat Cava Brut Nature,Josep Masachs,119.0,750 ml,Glasflaska,Torrt vitt,Spanien,"Macabeo, Parellada, Xarel-lo",Fast sortiment,49,"0102,0104,0106,0107,0110,0113,0114,0132,0133,0134,0136,0137,0138,0140,0143,0144,0145,0147,0151,0163,0165,0167,0170,0171,0172,0173,0174,0175,0176,0179,0180,0201,0202,0204,0207,0211,0212,0213,0215,0216,0217,0221,0224,0226,0230,0231,0232,0237,0238"
109801,Campo Luz Roble,Vinos de la Luz,109.0,750 ml,Lättare glasflaska,Fruktigt & Smakrikt,Spanien,Tempranillo,Fast sortiment,41,"0102,0104,0106,0107,0110,0113,0114,0134,0136,0140,0145,0147,0151,0165,0167,0170,0171,0172,0173,0174,0175,0176,0178,0179,0180,0182,0201,0202,0209,0211,0212,0213,0216,0217,0221,0226,0228,0230,0232,0237,0238"
7149901,Alvaroni Cava Reserva Brut,Fields Wine Co,109.0,750 ml,Glasflaska,Torrt vitt,Spanien,,Fast sortiment,47,"0102,0104,0106,0107,0113,0114,0132,0133,0134,0136,0140,0144,0145,0147,0151,0163,0165,0167,0170,0171,0172,0173,0174,0175,0176,0178,0179,0180,0201,0202,0204,0207,0211,0212,0213,0215,0216,0217,0221,0222,0224,0228,0230,0231,0232,0237,0238"
2017101,The Low Blanc de Blancs,United Drinks Europe BV,99.0,750 ml,Lättare glasflaska,Torrt vitt,Tyskland,,Fast sortiment,50,"0102,0104,0106,0107,0110,0113,0114,0132,0133,0134,0136,0137,0138,0140,0143,0144,0145,0147,0151,0163,0165,0167,0170,0171,0172,0173,0174,0175,0176,0179,0180,0201,0202,0204,0207,0211,0212,0213,0215,0216,0217,0220,0221,0224,0228,0230,0231,0232,0237,0238"
233801,Kir-Yianni Assyrtiko,Kir-Yianni Estate,119.0,750 ml,Lättare glasflaska,Friskt & Fruktigt,Grekland,Assyrtiko,Fast sortiment,48,"0102,0104,0106,0107,0110,0113,0114,0132,0133,0134,0136,0137,0140,0144,0145,0147,0150,0151,0165,0167,0168,0170,0171,0172,0173,0174,0175,0176,0178,0179,0180,0182,0201,0202,0204,0211,0212,0213,0215,0216,0221,0224,0228,0230,0231,0232,0237,0238"
211401,Crudo Rosé Organic,Maggio Vini,99.0,750 ml,Glasflaska,Friskt & Bärigt,Italien,Frappato,Fast sortiment,36,"0102,0104,0106,0107,0113,0114,0134,0136,0140,0145,0147,0151,0165,0167,0171,0172,0173,0174,0178,0180,0182,0201,0209,0211,0212,0213,0215,0216,0217,0220,0226,0228,0230,0232,0237,0238"
465302,Lynx Barrel fermented Chardonnay,House of Big Wines,69.0,375 ml,Glasflaska,Fylligt & Smakrikt,USA,Chardonnay,Fast sortiment,38,"0102,0104,0106,0107,0113,0114,0134,0136,0140,0145,0147,0148,0151,0165,0167,0171,0172,0173,0174,0176,0178,0179,0180,0201,0202,0209,0211,0212,0213,0215,0216,0217,0226,0228,0230,0232,0237,0238"
768602,André Clouet Grande Réserve,André Clouet,219.0,375 ml,Glasflaska,Torrt vitt,Frankrike,Pinot noir,Fast sortiment,49,"0102,0104,0106,0107,0110,0113,0114,0132,0133,0134,0136,0137,0138,0140,0143,0144,0145,0147,0151,0163,0165,0167,0170,0171,0172,0173,0174,0175,0176,0179,0180,0201,0202,0204,0207,0211,0212,0213,0215,0216,0220,0221,0224,0228,0230,0231,0232,0237,0238"
9552701,A Lisa Bodega Noemia,Bodega Noemia de Patagonia S.A,239.0,750 ml,Lättare glasflaska,Fruktigt & Smakrikt,Argentina,"Malbec, Merlot",Tillfälligt sortiment,40,"0102,0104,0106,0113,0135,0136,0137,0138,0140,0143,0144,0145,0151,0165,0167,0168,0171,0172,0173,0177,0178,0179,0180,0201,0202,0206,0211,0212,0213,0215,0216,0217,0220,0221,0224,0226,0228,0230,0231,0237"
756701,Rotari Brut Riserva,Mezzacorona,139.0,750 ml,Glasflaska,Torrt vitt,Italien,Chardonnay,Fast sortiment,40,"0102,0104,0106,0107,0113,0114,0134,0138,0140,0143,0145,0147,0148,0151,0165,0167,0170,0171,0173,0174,0175,0176,0178,0179,0180,0202,0210,0211,0212,0213,0215,0217,0222,0228,0230,0231,0232,0237,0238,0239"
247801,Zecci Verdicchio dei Castelli di Jesi Classico Organic,Piersanti,119.0,750 ml,Lättare glasflaska,Fylligt & Smakrikt,Italien,Verdicchio,Fast sortiment,47,"0102,0104,0106,0107,0113,0114,0132,0133,0134,0136,0137,0140,0143,0144,0145,0147,0151,0163,0165,0167,0168,0170,0171,0172,0173,0174,0175,0176,0179,0180,0201,0202,0204,0207,0211,0212,0213,0215,0216,0221,0224,0228,0230,0231,0232,0237,0238"
748701,Deutz Brut Classic,Deutz,589.0,750 ml,Glasflaska,Torrt vitt,Frankrike,"Chardonnay, Pinot meunier, Pinot noir",Fast sortiment,48,"0102,0104,0106,0107,0110,0113,0114,0132,0133,0134,0136,0137,0138,0140,0143,0144,0145,0147,0151,0163,0165,0167,0170,0171,0172,0173,0174,0175,0176,0179,0180,0201,0202,0204,0207,0209,0211,0212,0213,0215,0216,0221,0224,0230,0231,0232,0237,0238"
381401,Les Hauts de Granget Saint-Émilion Grand Cru,Union de Producteurs de Saint-Émilion,219.0,750 ml,Glasflaska,Stramt & Nyanserat,Frankrike,"Merlot, Cabernet franc",Fast sortiment,49,"0102,0104,0106,0107,0110,0113,0114,0132,0133,0134,0136,0137,0138,0140,0143,0144,0145,0147,0151,0163,0165,0167,0170,0171,0172,0173,0174,0175,0176,0179,0180,0201,0202,0204,0207,0211,0212,0213,0215,0216,0217,0221,0224,0228,0230,0231,0232,0237,0238"
628801,Vouvray Domaine Des Lauriers,Domaine des Lauriers,159.0,750 ml,Lättare glasflaska,Friskt & Fruktigt,Frankrike,Chenin blanc,Fast sortiment,46,"0102,0104,0106,0107,0110,0113,0114,0133,0134,0136,0137,0140,0144,0145,0147,0151,0163,0165,0167,0168,0170,0171,0172,0173,0174,0175,0176,0179,0180,0201,0202,0204,0211,0212,0213,0215,0216,0217,0221,0224,0228,0230,0231,0232,0237,0238"
7305901,Zengarello Barolo,Urban Wines,209.0,750 ml,Glasflaska,Stramt & Nyanserat,Italien,Nebbiolo,Fast sortiment,51,"0102,0104,0106,0107,0110,0113,0114,0132,0133,0134,0135,0136,0137,0138,0140,0143,0144,0145,0147,0151,0163,0165,0167,0170,0171,0172,0173,0174,0175,0176,0179,0180,0201,0202,0204,0207,0211,0212,0213,0215,0216,0217,0220,0221,0224,0228,0230,0231,0232,0237,0238"
288201,La Gascogne par Alain Brumont Sauvignon Blanc Gros Manseng,Alain Brumont,115.0,750 ml,Lättare glasflaska,Friskt & Fruktigt,Frankrike,"Gros manseng, Sauvignon blanc",Fast sortiment,49,"0102,0104,0106,0107,0110,0113,0114,0132,0133,0134,0136,0137,0138,0140,0143,0144,0145,0147,0151,0163,0165,0167,0168,0170,0171,0172,0173,0174,0175,0176,0179,0180,0201,0202,0204,0205,0207,0211,0212,0213,0215,0216,0221,0224,0230,0231,0232,0237,0238"
7327901,Langhe Rosso,G.D. Vajra,119.0,750 ml,Lättare glasflaska,Fruktigt & Smakrikt,Italien,"Barbera, Dolcetto, Nebbiolo",Fast sortiment,48,"0102,0104,0106,0107,0110,0113,0114,0132,0133,0134,0136,0137,0140,0143,0144,0145,0147,0151,0163,0165,0167,0168,0170,0171,0172,0173,0175,0176,0179,0180,0201,0202,0204,0207,0211,0212,0213,0215,0216,0217,0221,0224,0228,0230,0231,0232,0237,0238"
773101,Vilarnau Brut Nature Organic,Gonzalez Byass,119.0,750 ml,Glasflaska,Torrt vitt,Spanien,"Macabeo, Parellada, Xarel-lo",Fast sortiment,46,"0102,0104,0106,0107,0113,0114,0132,0133,0134,0136,0137,0140,0143,0144,0145,0147,0151,0163,0165,0167,0170,0171,0172,0173,0174,0175,0176,0179,0180,0201,0202,0204,0207,0211,0212,0213,0215,0216,0221,0224,0228,0230,0231,0232,0237,0238"
7771001,Henriot Millésimé Brut,Champagne Henriot,499.0,750 ml,Glasflaska,Torrt vitt,Frankrike,"Pinot noir, Chardonnay",Fast sortiment,47,"0102,0104,0106,0107,0113,0114,0132,0133,0134,0136,0137,0140,0143,0144,0145,0147,0150,0151,0163,0165,0167,0170,0171,0172,0173,0174,0175,0176,0178,0179,0180,0201,0202,0204,0207,0211,0212,0213,0215,0216,0221,0224,0230,0231,0232,0237,0238"
558802,Petit Chablis Domaine Sainte Claire J M Brocard,J M Brocard,99.0,375 ml,Glasflaska,Friskt & Fruktigt,Frankrike,Chardonnay,Fast sortiment,50,"0102,0104,0106,0107,0110,0113,0114,0132,0133,0134,0136,0137,0138,0140,0143,0144,0145,0147,0151,0163,0165,0167,0170,0171,0172,0173,0174,0175,0176,0179,0180,0201,0202,0204,0207,0211,0212,0213,0215,0216,0217,0220,0221,0224,0228,0230,0231,0232,0237,0238"
773701,Charles Wantz Crémant d'Alsace Carte Noir Brut,Charles Wantz,139.0,750 ml,Glasflaska,Torrt vitt,Frankrike,,Fast sortiment,47,"0102,0104,0106,0107,0113,0114,0132,0133,0134,0136,0137,0138,0140,0143,0144,0145,0147,0151,0163,0165,0167,0170,0171,0172,0173,0174,0175,0176,0179,0180,0201,0202,0204,0211,0212,0213,0215,0216,0217,0221,0224,0228,0230,0231,0232,0237,0238"
5590401,Scheuermann Vin de Soda,Scheuermann,169.0,750 ml,Glasflaska,Torrt vitt,Tyskland,,Fast sortiment,46,"0102,0104,0106,0107,0113,0114,0132,0133,0134,0136,0137,0140,0143,0144,0145,0147,0151,0163,0165,0167,0170,0171,0172,0173,0174,0175,0176,0177,0179,0180,0201,0202,0204,0207,0211,0212,0213,0215,0216,0221,0224,0228,0230,0231,0232,0237"
500301,Beaujolais-Villages,Georges Duboeuf,129.0,750 ml,Glasflaska,Mjukt & Bärigt,Frankrike,Gamay,Fast sortiment,44,"0102,0104,0106,0107,0113,0114,0132,0133,0134,0136,0138,0140,0144,0145,0147,0151,0165,0167,0168,0170,0171,0172,0173,0174,0175,0176,0179,0180,0201,0202,0204,0211,0212,0213,0215,0216,0217,0221,0228,0230,0231,0232,0237,0238"
229502,Blason de Bourgogne Mâcon-Villages Chardonnay,Vignerons des Grandes Vignes,79.0,375 ml,Glasflaska,Friskt & Fruktigt,Frankrike,Chardonnay,Fast sortiment,49,"0102,0104,0106,0107,0110,0113,0114,0132,0133,0134,0136,0137,0140,0143,0144,0145,0147,0151,0163,0165,0167,0170,0171,0172,0173,0174,0175,0176,0179,0180,0201,0202,0204,0207,0211,0212,0213,0215,0216,0217,0220,0221,0224,0228,0230,0231,0232,0237,0238"
7201001,Finca Almendral Reserva,Urban Wines,89.0,750 ml,Lättare glasflaska,Kryddigt & Mustigt,Spanien,,Fast sortiment,25,"0102,0104,0107,0134,0136,0151,0167,0168,0178,0182,0202,0206,0208,0209,0212,0217,0218,0219,0220,0222,0225,0226,0228,0229,0232"
564801,Chassagne-Montrachet Joseph Drouhin,Joseph Drouhin,949.0,750 ml,Glasflaska,Fylligt & Smakrikt,Frankrike,Chardonnay,Fast sortiment,49,"0102,0104,0106,0107,0113,0114,0132,0133,0134,0136,0137,0138,0140,0143,0144,0145,0147,0151,0163,0165,0167,0170,0171,0172,0173,0174,0175,0176,0179,0180,0201,0202,0204,0207,0211,0212,0213,0215,0216,0217,0220,0221,0224,0228,0230,0231,0232,0237,0238"
9017701,Stark-Condé Round Mountain Sauvignon Blanc,Stark-Condé Wines,189.0,750 ml,Glasflaska,Fylligt & Smakrikt,Sydafrika,Sauvignon blanc,Tillfälligt sortiment,32,"0102,0104,0107,0110,0113,0114,0134,0136,0137,0138,0140,0143,0144,0151,0163,0165,0171,0172,0174,0176,0180,0201,0206,0211,0212,0213,0215,0220,0221,0223,0237,0238"
229101,Le Hurlevent Châteauneuf-du-Pape,Famille Roumieux,279.0,750 ml,Glasflaska,Kryddigt & Mustigt,Frankrike,,Fast sortiment,49,"0102,0104,0106,0107,0110,0113,0114,0132,0133,0134,0136,0137,0140,0143,0144,0145,0147,0151,0163,0165,0167,0170,0171,0172,0173,0174,0175,0176,0179,0180,0201,0202,0204,0207,0209,0211,0212,0213,0215,0216,0217,0221,0224,0228,0230,0231,0232,0237,0238"
756706,Rotari Brut Riserva,Mezzacorona,299.0,1500 ml,Glasflaska,Torrt vitt,Italien,"Chardonnay, Pinot noir",Fast sortiment,47,"0102,0104,0106,0107,0113,0114,0132,0133,0134,0136,0137,0140,0143,0144,0145,0147,0150,0151,0163,0165,0167,0170,0171,0172,0173,0174,0175,0176,0179,0180,0201,0202,0204,0205,0207,0211,0212,0213,0215,0216,0221,0224,0230,0231,0232,0237,0238"
7159601,Raimonda Barbera d'Alba,Fontanafredda,119.0,750 ml,Glasflaska,Fruktigt & Smakrikt,Italien,Barbera,Fast sortiment,46,"0102,0104,0106,0107,0113,0114,0132,0133,0134,0136,0137,0140,0143,0144,0145,0151,0163,0165,0167,0170,0171,0172,0173,0174,0175,0176,0179,0180,0201,0202,0204,0207,0211,0212,0213,0215,0216,0217,0221,0224,0228,0230,0231,0232,0237,0238"
236301,Bardolino Chiaretto La Sogara Rosé Cottini SPA,Cottini SPA,99.0,750 ml,Lättare glasflaska,Friskt & Bärigt,Italien,"Corvina, Molinara, Corvinone",Fast sortiment,43,"0102,0104,0106,0107,0113,0114,0132,0133,0136,0137,0140,0143,0144,0145,0147,0151,0163,0165,0167,0170,0171,0172,0173,0174,0175,0176,0179,0180,0201,0202,0204,0207,0211,0212,0213,0215,0216,0221,0224,0230,0232,0237,0238"
7841601,Casteloro Prosecco Rosé,Fields Wine Company AB,99.0,750 ml,Lättare glasflaska,Rosé,Italien,"Pinot noir, Glera",Fast sortiment,47,"0102,0104,0106,0107,0113,0114,0132,0133,0134,0136,0140,0143,0144,0145,0147,0151,0163,0165,0167,0170,0171,0172,0173,0174,0175,0176,0179,0180,0201,0202,0204,0207,0211,0212,0213,0215,0216,0217,0220,0221,0224,0228,0230,0231,0232,0237,0238"
260914,GOSA Organic Rosé,Bodegas Juan Gil,49.0,250 ml,Burk,Friskt & Bärigt,Spanien,"Syrah, Tempranillo",Fast sortiment,12,"0102,0133,0151,0171,0172,0173,0182,0212,0215,0216,0217,0225"
206605,Jacob's Creek Organic Shiraz Cabernet,Vinarchy,39.0,187 ml,Lättare glasflaska,Fruktigt & Smakrikt,Australien,"Cabernet sauvignon, Shiraz",Fast sortiment,30,"0102,0104,0114,0134,0138,0140,0151,0171,0174,0176,0178,0179,0202,0206,0208,0209,0211,0212,0213,0215,0217,0218,0220,0222,0226,0228,0230,0232,0237,0238"
7245801,Les Dauphins Côtes du Rhône Organic Rouge,Cellier des Dauphins,99.0,750 ml,Glasflaska,Kryddigt & Mustigt,Frankrike,"Grenache, Syrah, Mourvèdre",Fast sortiment,47,"0102,0104,0106,0107,0110,0113,0114,0132,0133,0134,0136,0137,0138,0140,0143,0144,0145,0147,0151,0163,0165,0167,0170,0171,0172,0173,0174,0175,0176,0179,0180,0201,0202,0204,0207,0211,0212,0213,0215,0216,0221,0224,0230,0231,0232,0237,0238"
261701,Dveri-Pax Riesling,Dveri-Pax,149.0,750 ml,Lättare glasflaska,Friskt & Fruktigt,Slovenien,Riesling,Tillfälligt sortiment,34,"0102,0104,0110,0113,0114,0134,0136,0137,0138,0140,0143,0144,0147,0151,0163,0165,0171,0172,0173,0174,0175,0176,0180,0201,0205,0211,0212,0213,0215,0220,0223,0235,0237,0238"
7413401,Philipp Kuhn Pinot Noir Tradition,Philipp Kuhn,199.0,750 ml,Glasflaska,Kryddigt & Mustigt,Tyskland,Pinot noir,Fast sortiment,47,"0102,0104,0106,0107,0113,0114,0132,0133,0134,0136,0137,0140,0143,0144,0145,0147,0151,0163,0165,0167,0170,0171,0172,0173,0174,0175,0176,0179,0180,0201,0202,0204,0207,0208,0211,0212,0213,0215,0216,0220,0221,0224,0230,0231,0232,0237,0238"
229801,Domaine des Pasquiers Plan de Dieu,Domaine des Pasquiers,159.0,750 ml,Glasflaska,Kryddigt & Mustigt,Frankrike,"Grenache, Syrah, Mourvèdre",Fast sortiment,45,"0102,0104,0106,0107,0110,0113,0114,0132,0133,0134,0136,0137,0140,0143,0144,0145,0147,0151,0163,0165,0167,0170,0171,0172,0173,0174,0175,0176,0179,0180,0202,0204,0207,0211,0212,0213,0215,0216,0221,0224,0230,0231,0232,0237,0238"
1235706,Brunello di Montalcino Col d'Orcia,Col d'Orcia,719.0,1500 ml,Glasflaska,Kryddigt & Mustigt,Italien,Brunello,Fast sortiment,47,"0102,0104,0106,0107,0110,0113,0114,0132,0133,0134,0136,0137,0140,0143,0144,0145,0147,0151,0163,0165,0167,0170,0171,0172,0173,0174,0175,0176,0179,0180,0201,0202,0204,0207,0211,0212,0213,0215,0216,0220,0221,0224,0230,0231,0232,0237,0238"
5253301,Jérôme Arnoux Tradition,Jérôme Arnoux,199.0,750 ml,Glasflaska,Mjukt & Bärigt,Frankrike,"Pinot noir, Trousseau, Poulsard",Fast sortiment,47,"0102,0104,0106,0107,0110,0113,0114,0132,0133,0134,0136,0137,0138,0140,0143,0144,0145,0147,0151,0165,0167,0168,0170,0171,0172,0173,0174,0175,0176,0178,0179,0180,0201,0202,0204,0211,0212,0213,0215,0216,0217,0221,0224,0231,0232,0237,0238"
9016301,Stein am Rain Grüner Veltliner Federspiel,Weingut Josef Jamek,199.0,750 ml,Glasflaska,Friskt & Fruktigt,Österrike,Grüner veltliner,Tillfälligt sortiment,43,"0102,0104,0110,0113,0114,0133,0134,0135,0136,0137,0138,0140,0143,0144,0145,0147,0151,0163,0165,0167,0171,0172,0173,0174,0176,0178,0179,0180,0202,0206,0211,0212,0213,0215,0216,0217,0220,0221,0228,0230,0232,0237,0238"
7752201,Charles Heidsieck Brut Réserve,Charles Heidsieck,589.0,750 ml,Glasflaska,Torrt vitt,Frankrike,"Chardonnay, Pinot meunier, Pinot noir",Fast sortiment,45,"0102,0104,0106,0107,0110,0113,0114,0132,0133,0134,0136,0138,0140,0144,0145,0147,0151,0165,0167,0170,0171,0172,0173,0174,0175,0176,0179,0180,0201,0202,0204,0209,0211,0212,0213,0215,0216,0218,0221,0229,0230,0231,0232,0237,0238"
7550101,Brancaia Tre,Brancaia,159.0,750 ml,Lättare glasflaska,Kryddigt & Mustigt,Italien,"Sangiovese, Merlot, Cabernet sauvignon",Fast sortiment,47,"0102,0104,0106,0107,0110,0113,0114,0132,0133,0134,0136,0137,0138,0140,0143,0144,0145,0147,0151,0163,0165,0167,0170,0171,0172,0173,0174,0175,0176,0179,0180,0201,0202,0204,0207,0211,0212,0213,0215,0216,0221,0224,0230,0231,0232,0237,0238"
369002,Castelnau de Suduiraut,Château Suduiraut,199.0,375 ml,Glasflaska,Sött,Frankrike,,Fast sortiment,47,"0102,0104,0106,0107,0110,0113,0114,0132,0133,0134,0136,0137,0140,0143,0144,0145,0147,0151,0163,0165,0167,0170,0171,0172,0173,0174,0175,0176,0179,0180,0201,0202,0204,0207,0211,0212,0213,0215,0216,0220,0221,0224,0230,0231,0232,0237,0238"
7374001,Isabel Costa Blanc de Blancs Brut,Riley Vinum S.L.,89.0,750 ml,Lättare glasflaska,Torrt vitt,Spanien,"Macabeo, Chardonnay",Fast sortiment,37,"0102,0104,0106,0113,0114,0133,0134,0135,0136,0140,0145,0148,0150,0151,0165,0167,0168,0173,0174,0179,0180,0182,0201,0204,0208,0212,0213,0214,0215,0217,0219,0226,0228,0229,0230,0232,0237"
9231701,Psi,Bodegas y Viñedos Alnardo,359.0,750 ml,Glasflaska,Stramt & Nyanserat,Spanien,"Tinta del pais, Garnacha",Tillfälligt sortiment,44,"0102,0104,0106,0110,0113,0114,0132,0133,0134,0135,0136,0137,0138,0140,0144,0145,0147,0151,0163,0165,0167,0170,0172,0173,0176,0178,0179,0180,0201,0202,0206,0209,0211,0212,0213,0215,0216,0217,0220,0221,0228,0230,0232,0237"
9128401,Cirelli Rosato,CIRELLI LA COLLINA BIOLOGICA SRL,149.0,750 ml,Lättare glasflaska,Rosé,Italien,,Tillfälligt sortiment,31,"0102,0104,0110,0113,0114,0134,0136,0137,0138,0140,0143,0144,0151,0163,0165,0171,0172,0173,0174,0175,0176,0177,0211,0212,0213,0215,0220,0231,0237,0238,0239"
7062501,Buccia,Iconic Wines,115.0,750 ml,Lättare glasflaska,Fylligt & Smakrikt,Italien,Carricante,Fast sortiment,44,"0102,0104,0106,0107,0113,0114,0132,0133,0134,0136,0137,0140,0143,0144,0145,0147,0151,0163,0165,0167,0170,0171,0172,0173,0174,0175,0176,0178,0179,0180,0202,0209,0211,0212,0213,0215,0221,0226,0228,0230,0231,0232,0237,0238"
9513701,Nino Negri Giùen Rosso di Valtellina Nebbiolo,Nino Negri,169.0,750 ml,Glasflaska,Kryddigt & Mustigt,Italien,Nebbiolo,Tillfälligt sortiment,46,"0102,0104,0107,0110,0113,0114,0133,0134,0135,0136,0137,0138,0140,0143,0144,0145,0147,0151,0163,0165,0167,0170,0171,0172,0173,0174,0176,0178,0179,0180,0201,0202,0206,0208,0211,0213,0215,0216,0217,0220,0221,0228,0230,0232,0237,0238"
2018001,La Belle Extra Brut Blanc de Blancs,Chaquepe,149.0,750 ml,Glasflaska,Torrt vitt,Argentina,Chardonnay,Fast sortiment,38,"0102,0104,0106,0107,0110,0113,0114,0134,0136,0140,0145,0147,0151,0165,0167,0170,0171,0172,0173,0174,0175,0176,0179,0180,0201,0202,0206,0211,0213,0215,0216,0217,0228,0229,0230,0232,0237,0238"
7366301,Enzo Bartoli Langhe Nebbiolo,MGM S.r.l.,149.0,750 ml,Glasflaska,Stramt & Nyanserat,Italien,Nebbiolo,Fast sortiment,46,"0102,0104,0106,0107,0110,0113,0114,0132,0133,0134,0136,0137,0138,0140,0143,0144,0145,0147,0151,0163,0165,0167,0170,0171,0172,0173,0174,0175,0176,0179,0180,0201,0202,0204,0207,0211,0213,0215,0216,0221,0224,0230,0231,0232,0237,0238"
228101,Fat Bastard Syrah,The Fat Bastard Wine Company,99.0,750 ml,Lättare glasflaska,Fruktigt & Smakrikt,Frankrike,Syrah,Fast sortiment,39,"0102,0104,0106,0107,0113,0114,0132,0133,0134,0136,0140,0144,0145,0147,0151,0165,0167,0170,0171,0172,0173,0174,0175,0179,0180,0201,0202,0204,0211,0213,0215,0216,0221,0224,0230,0231,0232,0237,0238"
753601,Pol Roger Brut Vintage,Pol Roger,799.0,750 ml,Glasflaska,Torrt vitt,Frankrike,"Pinot noir, Chardonnay",Fast sortiment,26,"0102,0104,0114,0132,0134,0136,0140,0144,0151,0171,0174,0178,0182,0207,0208,0209,0211,0213,0215,0217,0224,0226,0228,0230,0232,0238"
273901,Vve Fourny & Fils Blanc de Blancs Brut Premier Cru,Vve Fourny & Fils,419.0,750 ml,Glasflaska,Torrt vitt,Frankrike,Chardonnay,Fast sortiment,41,"0102,0104,0106,0107,0110,0113,0114,0132,0134,0136,0137,0138,0140,0145,0147,0151,0165,0167,0170,0171,0172,0173,0174,0175,0176,0177,0179,0180,0201,0202,0204,0211,0213,0215,0216,0221,0230,0231,0232,0237,0238"
759802,Moët & Chandon Rosé Impérial,Moët & Chandon,339.0,375 ml,Glasflaska,Rosé,Frankrike,,Fast sortiment,46,"0102,0104,0106,0107,0110,0113,0114,0132,0133,0134,0136,0137,0140,0143,0144,0145,0147,0151,0163,0165,0167,0170,0171,0172,0173,0174,0175,0176,0179,0180,0201,0202,0204,0207,0211,0213,0215,0216,0220,0221,0224,0230,0231,0232,0237,0238"
280001,Crozes-Hermitage Les Launes,Delas,229.0,750 ml,Glasflaska,Kryddigt & Mustigt,Frankrike,Syrah,Fast sortiment,40,"0102,0104,0106,0107,0110,0113,0114,0134,0136,0138,0140,0145,0147,0151,0165,0167,0170,0171,0172,0173,0174,0175,0176,0179,0180,0201,0202,0211,0213,0215,0216,0217,0220,0221,0228,0230,0231,0232,0237,0238"
246801,Quara Single Vineyard Malbec,Uvas del Valle,169.0,750 ml,Glasflaska,Fruktigt & Smakrikt,Argentina,Malbec,Fast sortiment,44,"0102,0104,0106,0107,0113,0114,0132,0133,0134,0136,0137,0140,0143,0144,0145,0147,0151,0163,0165,0167,0170,0171,0172,0173,0174,0175,0176,0179,0180,0201,0202,0204,0207,0211,0213,0215,0216,0221,0224,0230,0231,0232,0237,0238"
7390901,Lepont & Fils Petit Chablis,Urban Wines,139.0,750 ml,Lättare glasflaska,Friskt & Fruktigt,Frankrike,Chardonnay,Fast sortiment,47,"0102,0104,0106,0107,0113,0114,0132,0133,0134,0136,0137,0140,0143,0144,0145,0147,0151,0163,0165,0167,0170,0171,0172,0173,0174,0175,0176,0178,0179,0180,0201,0202,0204,0207,0211,0213,0215,0216,0217,0221,0224,0228,0230,0231,0232,0237,0238"
645701,Crozes-Hermitage Terrasse Des Chassis,Terranea,199.0,750 ml,Glasflaska,Kryddigt & Mustigt,Frankrike,Syrah,Fast sortiment,42,"0102,0104,0106,0107,0110,0113,0114,0132,0133,0134,0136,0137,0138,0140,0143,0144,0145,0151,0163,0165,0167,0171,0172,0174,0176,0178,0179,0180,0201,0204,0207,0211,0213,0215,0216,0221,0224,0230,0231,0232,0237,0238"
208601,The Chocolate Block,Boekenhoutskloof,269.0,750 ml,Glasflaska,Fruktigt & Smakrikt,Sydafrika,"Syrah, Viognier, Cabernet sauvignon, Cinsault, Grenache",Fast sortiment,43,"0102,0104,0106,0107,0113,0114,0132,0133,0134,0136,0137,0138,0140,0143,0144,0145,0151,0163,0165,0167,0170,0171,0172,0174,0175,0176,0179,0180,0201,0202,0204,0207,0211,0213,0215,0216,0221,0224,0230,0231,0232,0237,0238"
7252406,Black Stallion Napa Valley Cabernet Sauvignon,Black Stallion Estate Winery,699.0,1500 ml,Glasflaska,Fruktigt & Smakrikt,USA,,Fast sortiment,45,"0102,0104,0107,0110,0113,0114,0132,0133,0134,0136,0137,0140,0143,0144,0145,0147,0151,0163,0165,0167,0170,0171,0172,0173,0174,0175,0176,0179,0180,0201,0202,0204,0207,0211,0213,0215,0216,0220,0221,0224,0230,0231,0232,0237,0238"
350101,Chateau Ste Michelle Indian Wells Cabernet Sauvignon,Chateau Ste Michelle,199.0,750 ml,Glasflaska,Fruktigt & Smakrikt,USA,"Cabernet sauvignon, Syrah",Tillfälligt sortiment,29,"0102,0104,0107,0110,0113,0114,0136,0137,0138,0140,0143,0145,0151,0163,0165,0171,0172,0174,0176,0178,0180,0211,0213,0215,0218,0220,0230,0237,0238"
248001,Hunter's Riesling,Hunter's Wines,119.0,750 ml,Glasflaska,Friskt & Fruktigt,Nya Zeeland,Riesling,Fast sortiment,45,"0102,0104,0106,0107,0113,0114,0132,0133,0134,0136,0137,0140,0143,0144,0145,0147,0151,0163,0165,0167,0170,0171,0172,0173,0174,0175,0176,0179,0180,0201,0202,0204,0207,0211,0213,0215,0216,0221,0224,0226,0230,0231,0232,0237,0238"
746301,Chateau Musar,Chateau Musar,500.0,750 ml,Glasflaska,Kryddigt & Mustigt,Libanon,"Cabernet sauvignon, Carignan, Cinsault",Fast sortiment,39,"0102,0104,0106,0107,0110,0113,0114,0134,0136,0140,0145,0147,0151,0165,0167,0170,0171,0172,0173,0174,0176,0179,0180,0201,0202,0206,0210,0211,0213,0215,0216,0217,0220,0228,0229,0230,0232,0237,0238"
768606,André Clouet Grande Réserve,André Clouet,789.0,1500 ml,Glasflaska,Torrt vitt,Frankrike,Pinot noir,Fast sortiment,45,"0102,0104,0106,0107,0110,0113,0114,0132,0133,0134,0136,0137,0140,0143,0144,0145,0147,0151,0163,0165,0167,0170,0171,0172,0173,0174,0175,0176,0179,0180,0201,0202,0204,0207,0211,0213,0215,0216,0221,0224,0230,0231,0232,0237,0238"
221102,Domaine du Vieux Lazaret Châteauneuf-du-Pape,Domaine du Vieux Lazaret,159.0,375 ml,Glasflaska,Kryddigt & Mustigt,Frankrike,"Cinsault, Counoise, Grenache, Mourvèdre, Syrah",Fast sortiment,43,"0102,0104,0106,0107,0113,0114,0132,0133,0134,0136,0138,0140,0144,0145,0147,0151,0165,0167,0170,0171,0172,0173,0174,0175,0176,0179,0180,0201,0202,0204,0211,0213,0215,0216,0217,0221,0224,0228,0230,0231,0232,0237,0238"
224501,Sancerre Les Belles Dames,Gitton Père et Fils,245.0,750 ml,Glasflaska,Friskt & Fruktigt,Frankrike,Sauvignon blanc,Fast sortiment,38,"0102,0104,0106,0107,0113,0114,0134,0136,0138,0140,0145,0147,0151,0163,0165,0167,0170,0171,0172,0173,0174,0175,0176,0179,0180,0201,0202,0204,0211,0213,0215,0216,0221,0230,0231,0232,0237,0238"
295501,Punt Road Pinot Noir,Punt Road Wines,179.0,750 ml,Lättare glasflaska,Kryddigt & Mustigt,Australien,Pinot noir,Fast sortiment,44,"0102,0104,0106,0107,0113,0114,0132,0133,0134,0136,0137,0140,0143,0144,0145,0147,0151,0163,0165,0167,0170,0171,0172,0173,0174,0175,0176,0179,0180,0201,0202,0204,0207,0211,0213,0215,0216,0221,0224,0230,0231,0232,0237,0238"
7038401,Borgogno Langhe Rosso,Giacomo Borgogno & Figli,149.0,750 ml,Lättare glasflaska,Fruktigt & Smakrikt,Italien,"Barbera, Dolcetto, Freisa, Merlot",Fast sortiment,46,"0102,0104,0106,0107,0110,0113,0114,0132,0133,0134,0136,0137,0138,0140,0143,0144,0145,0147,0151,0163,0165,0167,0170,0171,0172,0173,0174,0175,0176,0179,0180,0201,0202,0204,0207,0211,0213,0215,0216,0221,0224,0230,0231,0232,0237,0238"
274002,Amarone della Valpolicella Classico,Luigi Righetti,115.0,375 ml,Glasflaska,Kryddigt & Mustigt,Italien,,Fast sortiment,44,"0102,0104,0106,0107,0113,0114,0132,0133,0134,0136,0137,0140,0143,0144,0145,0147,0151,0163,0165,0167,0170,0171,0172,0173,0174,0175,0176,0179,0180,0201,0202,0204,0207,0211,0213,0215,0216,0221,0224,0230,0231,0232,0237,0238"
255901,Vivir Sin Dormir Monastrell Organico,Bodegas Antonio Arraez,99.0,750 ml,Glasflaska,Fruktigt & Smakrikt,Spanien,Monastrell,Fast sortiment,39,"0102,0104,0106,0107,0113,0114,0132,0133,0134,0136,0140,0144,0145,0147,0151,0165,0167,0170,0171,0172,0173,0174,0175,0176,0179,0180,0201,0202,0204,0211,0213,0215,0216,0221,0230,0231,0232,0237,0238"
2016501,Antonelli Montefalco Rosso,Antonelli San Marco,159.0,750 ml,Lättare glasflaska,Kryddigt & Mustigt,Italien,"Sangiovese, Montepulciano, Sagrantino",Fast sortiment,35,"0102,0104,0106,0107,0110,0113,0114,0134,0136,0145,0147,0151,0165,0167,0170,0171,0172,0173,0174,0175,0179,0180,0201,0202,0204,0211,0213,0215,0216,0217,0228,0230,0232,0237,0238"
7525301,Pol Rémy Gala Brut,Pol Rémy,75.0,750 ml,Lättare glasflaska,Torrt vitt,Frankrike,"Chardonnay, Folle blanche, Ugni blanc",Fast sortiment,40,"0102,0104,0106,0107,0113,0114,0132,0134,0136,0140,0143,0145,0147,0151,0165,0167,0170,0171,0172,0173,0174,0175,0176,0179,0180,0182,0201,0202,0211,0213,0215,0216,0220,0221,0228,0230,0231,0232,0237,0238"
737202,Palmer & Co La Réserve Brut,Palmer & Co,239.0,375 ml,Glasflaska,Torrt vitt,Frankrike,"Chardonnay, Pinot noir",Fast sortiment,42,"0102,0104,0106,0107,0113,0114,0132,0133,0134,0136,0138,0140,0144,0145,0147,0148,0151,0165,0167,0170,0171,0172,0173,0174,0175,0176,0179,0180,0201,0202,0204,0211,0213,0215,0216,0220,0221,0230,0231,0232,0237,0238"
5673801,Paul Durdilly et Fils Beaujolais Les Grandes Coasses,Paul Durdilly,149.0,750 ml,Glasflaska,Mjukt & Bärigt,Frankrike,Gamay,Fast sortiment,41,"0102,0104,0106,0107,0110,0113,0114,0134,0135,0136,0137,0140,0143,0145,0147,0151,0165,0167,0170,0171,0172,0173,0174,0175,0176,0179,0180,0201,0202,0211,0213,0215,0216,0220,0221,0228,0230,0231,0232,0237,0238"
450501,Dehesa La Granja,Fernández Rivera,139.0,750 ml,Glasflaska,Kryddigt & Mustigt,Spanien,Tempranillo,Fast sortiment,38,"0102,0104,0106,0107,0113,0114,0134,0136,0138,0140,0144,0145,0147,0151,0163,0165,0167,0170,0171,0172,0173,0174,0175,0176,0179,0180,0201,0202,0211,0213,0215,0216,0221,0230,0231,0232,0237,0238"
1212601,Beronia Ecologico,Bodegas Beronia,99.0,750 ml,Glasflaska,Kryddigt & Mustigt,Spanien,Tempranillo,Fast sortiment,36,"0102,0104,0106,0107,0113,0114,0132,0134,0136,0140,0145,0147,0151,0165,0167,0170,0171,0172,0173,0174,0175,0176,0179,0180,0201,0202,0211,0213,0215,0216,0217,0228,0230,0232,0237,0238"
7653501,Piemonte Barbera Appassimento,San Silvestro,119.0,750 ml,Glasflaska,Fruktigt & Smakrikt,Italien,Barbera,Fast sortiment,42,"0102,0104,0106,0107,0113,0114,0132,0133,0134,0136,0137,0140,0144,0145,0147,0151,0165,0167,0170,0171,0172,0173,0174,0175,0176,0179,0180,0201,0202,0204,0211,0213,0215,0216,0220,0221,0224,0230,0231,0232,0237,0238"
7917501,Gérard Bertrand Picpoul de Pinet,Gérard Bertrand,129.0,750 ml,Lättare glasflaska,Friskt & Fruktigt,Frankrike,Picpoule,Fast sortiment,40,"0102,0104,0106,0107,0110,0113,0114,0133,0134,0136,0137,0140,0145,0147,0151,0165,0167,0168,0170,0171,0172,0173,0174,0175,0176,0179,0180,0201,0202,0211,0213,0215,0216,0221,0228,0230,0231,0232,0237,0238"
657801,District 7 Pinot Noir,Scheid Family Wines,149.0,750 ml,Glasflaska,Kryddigt & Mustigt,USA,Pinot noir,Fast sortiment,41,"0102,0104,0106,0107,0113,0114,0134,0136,0137,0138,0140,0145,0147,0151,0165,0167,0170,0171,0172,0173,0174,0175,0176,0179,0180,0201,0202,0206,0211,0213,0215,0216,0217,0221,0224,0228,0230,0231,0232,0237,0238"
7535001,Charles de Fère Rosé Brut,Charles de Fère,99.0,750 ml,Glasflaska,Rosé,Frankrike,"Bobal, Cinsault, Grenache, Sciacarello, Tempranillo",Fast sortiment,39,"0102,0104,0106,0107,0113,0114,0133,0134,0136,0137,0140,0145,0147,0151,0165,0167,0170,0171,0172,0173,0174,0175,0176,0179,0180,0201,0202,0204,0211,0213,0215,0216,0221,0224,0230,0231,0232,0237,0238"
7194701,Côtes du Rhône Blanc,E Guigal,149.0,750 ml,Glasflaska,Fylligt & Smakrikt,Frankrike,"Viognier, Roussanne, Clairette, Bourboulenc, Grenache blanc",Fast sortiment,39,"0102,0104,0106,0107,0110,0113,0114,0134,0136,0140,0145,0147,0151,0165,0167,0170,0171,0172,0173,0174,0175,0176,0179,0180,0201,0202,0209,0211,0213,0215,0216,0217,0221,0228,0230,0231,0232,0237,0238"
241006,Fontana Candida Frascati,Fontana Candida,169.0,1500 ml,Lättare glasflaska,Friskt & Fruktigt,Italien,"Trebbiano toscano, Malvasia di candia, Malvasia del Lazio",Fast sortiment,43,"0102,0104,0106,0107,0113,0114,0132,0133,0134,0136,0137,0140,0143,0144,0145,0147,0151,0163,0165,0167,0171,0172,0173,0174,0175,0176,0179,0180,0201,0202,0204,0207,0211,0213,0215,0216,0221,0224,0230,0231,0232,0237,0238"
254401,La Planta Reserva,"La Planta Agro, S.L",149.0,750 ml,Glasflaska,Kryddigt & Mustigt,Spanien,Tempranillo,Fast sortiment,37,"0102,0104,0106,0107,0113,0114,0134,0136,0140,0145,0147,0151,0165,0167,0170,0171,0172,0173,0174,0175,0176,0179,0180,0201,0202,0211,0213,0215,0216,0217,0221,0228,0230,0231,0232,0237,0238"
786701,Palmer & Co Vintage Brut,Palmer & Co,479.0,750 ml,Glasflaska,Torrt vitt,Frankrike,"Chardonnay, Pinot noir",Fast sortiment,38,"0102,0104,0106,0107,0113,0114,0134,0136,0138,0140,0143,0145,0147,0151,0165,0167,0170,0171,0172,0173,0174,0175,0176,0179,0180,0201,0202,0211,0213,0215,0216,0221,0222,0230,0231,0232,0237,0238"
7630801,1909 Righetti Ripasso,Luigi Righetti,129.0,750 ml,Lättare glasflaska,Kryddigt & Mustigt,Italien,,Fast sortiment,40,"0102,0104,0106,0107,0113,0114,0132,0133,0134,0136,0140,0144,0145,0147,0151,0165,0167,0170,0171,0172,0173,0174,0175,0176,0179,0180,0201,0202,0204,0211,0213,0215,0216,0221,0224,0230,0231,0232,0237,0238"
2281701,Cafaggio Chianti Classico,Basilica Cafaggio,179.0,750 ml,Glasflaska,Kryddigt & Mustigt,Italien,Sangiovese,Fast sortiment,36,"0102,0104,0106,0107,0113,0114,0134,0136,0138,0140,0145,0147,0151,0165,0167,0170,0171,0172,0173,0174,0175,0176,0179,0180,0201,0202,0211,0213,0215,0216,0221,0230,0231,0232,0237,0238"
7598601,Allesverloren Chenin Blanc,Allesverloren Wine Estate,119.0,750 ml,Lättare glasflaska,Friskt & Fruktigt,Sydafrika,Chenin blanc,Fast sortiment,34,"0102,0104,0106,0107,0113,0114,0134,0136,0137,0140,0145,0147,0151,0165,0167,0170,0171,0172,0173,0174,0175,0176,0179,0180,0201,0202,0211,0213,0215,0216,0230,0232,0237,0238"
270001,Chianti del Barone Ricasoli,Ricasoli,109.0,750 ml,Glasflaska,Fruktigt & Smakrikt,Italien,Sangiovese,Fast sortiment,36,"0102,0104,0106,0107,0113,0114,0134,0136,0138,0140,0145,0147,0151,0165,0167,0170,0171,0172,0173,0174,0175,0176,0179,0180,0201,0202,0211,0213,0215,0216,0221,0230,0231,0232,0237,0238"
536101,Francois Martenot Bourgogne Cuvée Prestige Pinot Noir,Francois Martenot,149.0,750 ml,Glasflaska,Mjukt & Bärigt,Frankrike,Pinot noir,Fast sortiment,41,"0102,0104,0106,0107,0113,0114,0132,0133,0134,0136,0140,0144,0145,0147,0151,0165,0167,0170,0171,0172,0173,0174,0175,0176,0179,0180,0201,0202,0204,0211,0213,0215,0216,0220,0221,0224,0230,0231,0232,0237,0238"
60147501,Costers del Priorat Pissarres,Costers del Priorat,149.0,750 ml,Glasflaska,Fruktigt & Smakrikt,Spanien,"Garnacha tinta, Cariñena",Tillfälligt sortiment,27,"0102,0104,0110,0113,0114,0136,0137,0138,0140,0143,0144,0147,0151,0163,0165,0171,0172,0174,0176,0177,0211,0213,0215,0218,0220,0237,0238"
7127501,Federico Paternina Banda Azul Brut,United Wineries,109.0,750 ml,Glasflaska,Torrt vitt,Spanien,,Fast sortiment,35,"0102,0104,0106,0107,0113,0114,0134,0136,0140,0145,0147,0151,0165,0167,0170,0171,0172,0173,0174,0176,0178,0179,0180,0201,0202,0209,0211,0213,0215,0216,0226,0230,0232,0237,0238"
2015401,Cantina Kurtatsch Pinot Noir,Cantina Kurtatsch,189.0,750 ml,Lättare glasflaska,Mjukt & Bärigt,Italien,Pinot noir,Fast sortiment,42,"0102,0104,0106,0107,0110,0113,0114,0132,0133,0134,0136,0140,0143,0144,0145,0147,0151,0165,0167,0170,0171,0172,0173,0174,0175,0176,0179,0180,0201,0202,0204,0211,0213,0215,0216,0221,0228,0230,0231,0232,0237,0238"
7544301,Nicolas Brobergière Cuvée Naturelle,Urban Wines,299.0,750 ml,Glasflaska,Torrt vitt,Frankrike,"Chardonnay, Pinot meunier, Pinot noir",Fast sortiment,22,"0102,0104,0114,0140,0151,0174,0176,0178,0179,0201,0202,0209,0211,0213,0215,0217,0223,0226,0228,0232,0237,0238"
583701,Bourgogne Les Murelles Domaine Roux,Domaine Roux,199.0,750 ml,Glasflaska,Fylligt & Smakrikt,Frankrike,Chardonnay,Fast sortiment,39,"0102,0104,0106,0107,0113,0114,0132,0133,0134,0136,0140,0144,0145,0147,0151,0165,0167,0170,0171,0172,0173,0174,0175,0176,0179,0180,0201,0202,0204,0211,0213,0215,0216,0221,0230,0231,0232,0237,0238"
7412801,Bollo Sangiovese,Poderi dal Nespoli,119.0,750 ml,Glasflaska,Kryddigt & Mustigt,Italien,Sangiovese,Fast sortiment,37,"0102,0104,0106,0107,0113,0114,0133,0134,0136,0137,0138,0140,0145,0147,0151,0165,0167,0170,0171,0172,0173,0174,0175,0176,0179,0180,0201,0202,0211,0213,0215,0216,0226,0230,0232,0237,0238"
550001,Bourgogne Aligoté Joseph Drouhin,Joseph Drouhin,179.0,750 ml,Glasflaska,Friskt & Fruktigt,Frankrike,Aligoté,Fast sortiment,41,"0102,0104,0106,0107,0110,0113,0114,0133,0134,0136,0138,0140,0144,0145,0147,0151,0165,0167,0170,0171,0172,0173,0174,0175,0176,0179,0180,0201,0202,0206,0210,0211,0213,0215,0216,0221,0230,0231,0232,0237,0238"
9127901,The Misfits Grenache,Ken Forrester,199.0,750 ml,Glasflaska,Mjukt & Bärigt,Sydafrika,Grenache,Tillfälligt sortiment,32,"0102,0104,0110,0113,0114,0133,0135,0136,0137,0143,0145,0151,0163,0167,0170,0171,0174,0176,0178,0179,0202,0211,0213,0215,0217,0221,0222,0228,0230,0237,0238,0239"
308302,Château la Tour de By,Château la Tour de By,100.0,375 ml,Glasflaska,Stramt & Nyanserat,Frankrike,"Cabernet sauvignon, Merlot, Petit verdot",Fast sortiment,37,"0102,0104,0106,0107,0113,0114,0134,0136,0138,0140,0145,0147,0151,0163,0165,0167,0168,0171,0172,0173,0174,0176,0179,0180,0201,0202,0211,0213,0215,0216,0217,0220,0228,0230,0232,0237,0238"
7367201,5 Finques Reserva,Castillo de Perelada,149.0,750 ml,Lättare glasflaska,Kryddigt & Mustigt,Spanien,"Cabernet sauvignon, Garnatxa, Merlot, Syrah, Samsó",Fast sortiment,36,"0102,0104,0106,0107,0110,0113,0114,0134,0136,0140,0145,0147,0151,0165,0167,0171,0172,0173,0174,0176,0179,0180,0201,0202,0211,0213,0215,0216,0217,0220,0226,0228,0230,0232,0237,0238"
528401,Pouilly-Fumé,Caves des Perrières,219.0,750 ml,Lättare glasflaska,Friskt & Fruktigt,Frankrike,Sauvignon blanc,Fast sortiment,37,"0102,0104,0106,0107,0113,0114,0134,0136,0137,0138,0140,0144,0145,0147,0151,0165,0167,0170,0171,0172,0173,0174,0175,0176,0179,0180,0201,0202,0211,0213,0215,0216,0228,0230,0232,0237,0238"
753701,Barton & Guestier Crémant de Bourgogne,Barton & Guestier,139.0,750 ml,Glasflaska,Torrt vitt,Frankrike,,Fast sortiment,39,"0102,0104,0106,0107,0113,0114,0132,0133,0134,0136,0137,0140,0143,0144,0145,0147,0151,0163,0165,0167,0170,0171,0172,0173,0174,0175,0176,0179,0180,0201,0202,0211,0213,0215,0223,0230,0232,0237,0238"
7608301,Bourgogne Chardonnay J M Brocard,J M Brocard,149.0,750 ml,Lättare glasflaska,Friskt & Fruktigt,Frankrike,Chardonnay,Fast sortiment,40,"0102,0104,0106,0107,0113,0114,0132,0133,0134,0136,0140,0144,0145,0147,0151,0165,0167,0170,0171,0172,0173,0174,0175,0176,0179,0180,0201,0202,0204,0211,0213,0215,0216,0221,0228,0230,0231,0232,0237,0238"
214401,Poliziano Vino Nobile di Montepulciano Viti Nuove,Poliziano,189.0,750 ml,Glasflaska,Kryddigt & Mustigt,Italien,Sangiovese,Fast sortiment,40,"0102,0104,0106,0107,0113,0114,0132,0133,0134,0136,0138,0140,0144,0145,0147,0151,0165,0167,0170,0171,0172,0173,0174,0175,0176,0179,0180,0201,0202,0211,0213,0215,0216,0220,0221,0230,0231,0232,0237,0238"
222101,Rocca Guicciarda Riserva,Ricasoli,169.0,750 ml,Glasflaska,Kryddigt & Mustigt,Italien,,Fast sortiment,34,"0102,0104,0106,0107,0113,0114,0134,0136,0140,0145,0147,0151,0165,0167,0171,0172,0173,0174,0176,0179,0180,0201,0202,0211,0213,0215,0216,0217,0222,0228,0230,0232,0237,0238"
1290502,St Stephan's Crown Tokaji Aszu 5 Puttonyos,Kövágó Estate,199.0,500 ml,Glasflaska,Sött,Ungern,,Fast sortiment,40,"0102,0104,0106,0107,0113,0114,0132,0133,0134,0136,0140,0144,0145,0147,0151,0165,0167,0170,0171,0172,0173,0174,0175,0176,0179,0180,0201,0202,0204,0211,0213,0215,0216,0220,0221,0230,0231,0232,0237,0238"
9446501,Laietà Gran Reserva Alta Alella,Alta Alella,249.0,750 ml,Glasflaska,,Spanien,"Pansa blanca, Chardonnay, Pinot noir",Tillfälligt sortiment,22,"0102,0104,0110,0113,0114,0134,0135,0136,0138,0140,0144,0147,0151,0163,0165,0171,0172,0174,0179,0215,0228,0237"
9579601,Nittardi Ad Astra,Fattoria Nittardi,199.0,750 ml,Lättare glasflaska,Fruktigt & Smakrikt,Italien,"Cabernet franc, Cabernet sauvignon, Sangiovese",Tillfälligt sortiment,27,"0102,0104,0110,0113,0114,0134,0136,0137,0138,0140,0143,0144,0151,0163,0165,0171,0172,0174,0176,0177,0211,0213,0215,0217,0220,0237,0238"
796202,Château La Rame,Chateau La Rame,119.0,375 ml,Glasflaska,Sött,Frankrike,,Fast sortiment,39,"0102,0104,0106,0107,0113,0114,0132,0133,0134,0136,0140,0144,0145,0147,0151,0165,0167,0171,0172,0173,0179,0180,0182,0201,0204,0208,0211,0213,0214,0215,0216,0220,0221,0228,0229,0230,0231,0232,0238"
415102,Château Bonnet Blanc,André Lurton,69.0,375 ml,Glasflaska,Friskt & Fruktigt,Frankrike,"Sauvignon blanc, Colombard, Sémillon",Fast sortiment,37,"0102,0104,0106,0107,0110,0113,0114,0134,0136,0140,0145,0147,0151,0163,0165,0167,0171,0172,0173,0174,0176,0179,0180,0201,0202,0204,0211,0213,0215,0216,0220,0221,0230,0231,0232,0237,0238"
2307101,Barbera d'Alba Superiore,G.D. Vajra,235.0,750 ml,Glasflaska,Fruktigt & Smakrikt,Italien,Barbera,Fast sortiment,34,"0102,0104,0106,0107,0113,0114,0134,0136,0140,0145,0147,0151,0165,0167,0170,0171,0172,0173,0174,0175,0176,0179,0180,0201,0202,0211,0213,0215,0216,0228,0230,0232,0237,0238"
760201,Louis Roederer Collection 247,Louis Roederer,599.0,750 ml,Glasflaska,Torrt vitt,Frankrike,"Chardonnay, Pinot noir, Pinot meunier",Fast sortiment,35,"0102,0104,0106,0107,0113,0114,0134,0136,0138,0140,0144,0145,0147,0150,0151,0165,0167,0171,0172,0173,0174,0176,0179,0180,0201,0202,0211,0213,0215,0216,0228,0230,0232,0237,0238"
7366101,Borgogno No Name,Giacomo Borgogno & Figli,319.0,750 ml,Glasflaska,Stramt & Nyanserat,Italien,Nebbiolo,Fast sortiment,37,"0102,0104,0106,0107,0110,0113,0114,0134,0136,0138,0140,0145,0147,0151,0165,0167,0171,0172,0173,0174,0176,0179,0180,0201,0202,0211,0213,0215,0216,0217,0221,0228,0230,0231,0232,0237,0238"
7939401,Von Winning Win Win Riesling Trocken,Von Winning,159.0,750 ml,Lättare glasflaska,Friskt & Fruktigt,Tyskland,Riesling,Fast sortiment,36,"0102,0104,0106,0107,0113,0114,0134,0136,0140,0145,0147,0151,0165,0167,0170,0171,0172,0173,0174,0175,0176,0179,0180,0201,0202,0211,0213,0215,0216,0220,0221,0230,0231,0232,0237,0238"
7225701,Albert Lebrun Blanc de Noirs Extra Brut,G.H. Martel et Cie,329.0,750 ml,Glasflaska,Torrt vitt,Frankrike,"Pinot noir, Pinot meunier",Fast sortiment,33,"0102,0104,0106,0107,0113,0114,0132,0136,0140,0145,0147,0151,0163,0165,0167,0171,0172,0173,0174,0176,0179,0180,0201,0202,0211,0213,0215,0216,0223,0230,0232,0237,0238"
5607101,Jérôme Arnoux Brut Nature,Jérôme Arnoux,199.0,750 ml,Glasflaska,Torrt vitt,Frankrike,"Chardonnay, Pinot noir",Fast sortiment,33,"0102,0104,0107,0110,0113,0114,0134,0136,0140,0145,0151,0165,0167,0170,0171,0172,0173,0174,0175,0176,0179,0180,0201,0202,0211,0213,0215,0216,0220,0230,0232,0237,0238"
252201,Logan Weemala Shiraz Logan Wines,Logan Wines,119.0,750 ml,Glasflaska,Fruktigt & Smakrikt,Australien,"Shiraz, Viognier",Fast sortiment,35,"0102,0104,0106,0107,0113,0114,0134,0136,0140,0145,0147,0151,0165,0167,0170,0171,0172,0173,0174,0175,0176,0179,0180,0201,0202,0211,0213,0215,0216,0221,0230,0231,0232,0237,0238"
9273801,Heinrich Leithaberg Blaufränkisch,Weingut Heinrich,200.0,750 ml,Glasflaska,Kryddigt & Mustigt,Österrike,Blaufränkisch,Tillfälligt sortiment,23,"0102,0104,0110,0113,0114,0136,0137,0138,0140,0144,0151,0163,0165,0171,0172,0174,0177,0213,0215,0221,0228,0237,0238"
355001,Château Labadie,Château Labadie,150.0,750 ml,Glasflaska,Stramt & Nyanserat,Frankrike,"Merlot, Cabernet sauvignon, Cabernet franc",Fast sortiment,37,"0102,0104,0106,0107,0113,0114,0134,0136,0138,0140,0145,0147,0151,0165,0167,0170,0171,0172,0173,0174,0175,0176,0179,0180,0201,0202,0211,0213,0215,0216,0220,0221,0230,0231,0232,0237,0238"
670214,Lubanzi Sparkling Cinsault Rosé,Lubanzi Wines,39.0,200 ml,Burk,Rosé,Sydafrika,Cinsault,Fast sortiment,7,"0102,0132,0133,0140,0213,0226,0239"
7935301,Minuty Prestige Rosé,Château Minuty,199.0,750 ml,Glasflaska,Friskt & Bärigt,Frankrike,"Grenache, Syrah, Cinsault, Rolle",Fast sortiment,36,"0102,0104,0106,0107,0113,0114,0132,0134,0136,0138,0140,0145,0147,0151,0165,0167,0170,0171,0172,0173,0174,0175,0176,0179,0180,0201,0202,0211,0213,0215,0216,0222,0230,0232,0237,0238"
300401,Château Suduiraut,Château Suduiraut,799.0,750 ml,Glasflaska,Sött,Frankrike,,Fast sortiment,36,"0102,0104,0106,0107,0113,0114,0134,0136,0138,0140,0145,0147,0151,0163,0165,0167,0171,0172,0173,0174,0176,0179,0180,0201,0202,0204,0211,0213,0215,0216,0220,0230,0231,0232,0237,0238"
755201,Emily Blanc de Blancs,Josep Masachs,89.0,750 ml,Lättare glasflaska,Torrt vitt,Spanien,"Macabeo, Parellada, Xarel-lo",Fast sortiment,22,"0102,0104,0106,0107,0114,0134,0147,0151,0170,0172,0176,0202,0207,0208,0216,0223,0225,0230,0232,0234,0237,0238"
9323102,Fontanafredda Barolo Serralunga d'Alba,Fontanafredda,199.0,375 ml,Glasflaska,Stramt & Nyanserat,Italien,Nebbiolo,Tillfälligt sortiment,29,"0102,0104,0110,0113,0114,0136,0137,0138,0140,0143,0144,0151,0163,0165,0171,0172,0174,0176,0180,0209,0211,0213,0215,0220,0228,0230,0234,0237,0238"
419601,Moulin Touchais,Touchais,399.0,750 ml,Glasflaska,Sött,Frankrike,,Fast sortiment,38,"0102,0104,0106,0107,0110,0113,0114,0132,0133,0134,0140,0147,0151,0165,0167,0170,0171,0172,0173,0174,0175,0176,0179,0180,0201,0202,0204,0211,0213,0215,0216,0221,0228,0230,0231,0232,0237,0238"
7171906,Mandrarossa Timperosse Petit Verdot,Cantine Settesoli,269.0,1500 ml,Glasflaska,Fruktigt & Smakrikt,Italien,Petit verdot,Fast sortiment,33,"0102,0104,0106,0107,0113,0114,0134,0136,0140,0145,0147,0151,0165,0167,0171,0172,0173,0174,0176,0179,0180,0201,0202,0211,0213,0215,0216,0220,0223,0230,0232,0237,0238"
3215201,Tignanello,Marchesi Antinori,1399.0,750 ml,Glasflaska,Stramt & Nyanserat,Italien,"Sangiovese, Cabernet sauvignon, Cabernet franc",Fast sortiment,35,"0102,0104,0106,0107,0110,0113,0134,0136,0140,0145,0147,0151,0165,0167,0170,0171,0172,0173,0174,0175,0176,0177,0179,0180,0201,0202,0211,0213,0215,0216,0220,0230,0232,0237,0238"
730601,Langhe Nebbiolo Pio Cesare,Pio Cesare,225.0,750 ml,Lättare glasflaska,Stramt & Nyanserat,Italien,Nebbiolo,Fast sortiment,36,"0102,0104,0106,0107,0113,0114,0134,0136,0140,0145,0147,0151,0165,0167,0170,0171,0172,0173,0174,0175,0176,0179,0180,0201,0202,0211,0213,0215,0216,0220,0224,0228,0230,0232,0237,0238"
234001,La Corte del Pozzo Bardolino,Fasoli Gino,115.0,750 ml,Lättare glasflaska,Mjukt & Bärigt,Italien,"Corvina, Rondinella, Corvinone",Fast sortiment,32,"0102,0104,0107,0110,0114,0132,0134,0136,0140,0145,0151,0167,0168,0170,0171,0172,0173,0174,0175,0176,0179,0202,0204,0211,0213,0215,0216,0221,0230,0232,0237,0238"
7063101,Chablis Le Finage La Chablisienne,La Chablisienne,195.0,750 ml,Lättare glasflaska,Friskt & Fruktigt,Frankrike,Chardonnay,Fast sortiment,34,"0102,0104,0106,0107,0113,0114,0134,0136,0140,0145,0147,0151,0165,0167,0170,0171,0172,0173,0174,0175,0176,0179,0180,0201,0202,0211,0213,0215,0216,0220,0230,0232,0237,0238"
7557001,Château de Lussac,SCEA du Château de Lussac,179.0,750 ml,Glasflaska,Stramt & Nyanserat,Frankrike,"Merlot, Cabernet franc",Fast sortiment,32,"0102,0104,0106,0107,0113,0114,0134,0136,0140,0145,0147,0151,0165,0167,0171,0172,0173,0174,0176,0179,0201,0202,0211,0213,0215,0216,0217,0228,0230,0232,0237,0238"
241201,Mezzacorona Pinot Grigio Riserva,Mezzacorona,109.0,750 ml,Lättare glasflaska,Fylligt & Smakrikt,Italien,Pinot grigio,Fast sortiment,34,"0102,0104,0106,0107,0113,0114,0134,0136,0140,0145,0147,0151,0165,0167,0170,0171,0172,0173,0174,0175,0176,0179,0180,0201,0202,0211,0213,0215,0216,0228,0230,0232,0237,0238"
280201,Marrenon Les Grains Pinot Noir,"Marrenon, Vignobles en Ventoux & Luberon",99.0,750 ml,Lättare glasflaska,Mjukt & Bärigt,Frankrike,Pinot noir,Fast sortiment,23,"0102,0106,0107,0113,0134,0140,0147,0151,0171,0173,0175,0206,0209,0211,0216,0217,0220,0226,0228,0230,0231,0232,0238"
360101,Château Quinsac Bordeaux Supérieur,Château de Seguin,150.0,750 ml,Glasflaska,Stramt & Nyanserat,Frankrike,"Merlot, Cabernet sauvignon, Malbec, Cabernet franc",Fast sortiment,36,"0102,0104,0106,0107,0113,0114,0134,0136,0138,0140,0144,0145,0147,0151,0165,0167,0171,0172,0173,0174,0175,0176,0179,0180,0201,0202,0211,0213,0215,0216,0224,0230,0231,0232,0237,0238"
2256201,Seghesio Sonoma Zinfandel,Seghesio Family Vineyards,249.0,750 ml,Glasflaska,Fruktigt & Smakrikt,USA,,Fast sortiment,34,"0102,0104,0106,0107,0110,0113,0114,0134,0136,0137,0140,0145,0147,0151,0165,0167,0168,0171,0172,0173,0174,0176,0179,0180,0201,0202,0211,0213,0215,0216,0222,0232,0237,0238"
9218501,Château Fleur Pourret,Chateau Fleur Pourret,479.0,750 ml,Glasflaska,Stramt & Nyanserat,Frankrike,"Merlot, Cabernet franc",Tillfälligt sortiment,33,"0102,0104,0110,0113,0114,0134,0135,0136,0138,0140,0143,0145,0163,0165,0167,0170,0171,0173,0174,0176,0179,0202,0211,0215,0217,0220,0221,0222,0223,0228,0230,0237,0238"
9303101,Te Mata Estate Syrah,Te Mata Estate,189.0,750 ml,Lättare glasflaska,Fruktigt & Smakrikt,Nya Zeeland,Syrah,Tillfälligt sortiment,26,"0102,0104,0110,0113,0114,0136,0137,0138,0140,0143,0144,0151,0163,0165,0171,0172,0174,0176,0201,0211,0213,0215,0220,0221,0237,0238"
244301,Borgogno Barolo Riserva,Giacomo Borgogno & Figli,699.0,750 ml,Glasflaska,Stramt & Nyanserat,Italien,Nebbiolo,Fast sortiment,34,"0102,0104,0106,0107,0110,0113,0114,0134,0136,0140,0145,0147,0151,0165,0167,0171,0172,0173,0174,0175,0176,0179,0180,0201,0202,0211,0213,0215,0216,0220,0230,0232,0237,0238"
741806,Bollinger Special Cuvée Brut,Bollinger,1499.0,1500 ml,Glasflaska,Torrt vitt,Frankrike,"Pinot noir, Chardonnay, Pinot meunier",Fast sortiment,36,"0102,0104,0106,0107,0110,0113,0114,0133,0134,0136,0140,0145,0147,0151,0165,0167,0171,0172,0173,0174,0176,0179,0180,0201,0202,0211,0213,0215,0216,0220,0221,0230,0231,0232,0237,0238"
749401,Krug Grande Cuvée Edition 174,Krug,2649.0,750 ml,Glasflaska,Torrt vitt,Frankrike,"Chardonnay, Pinot meunier, Pinot noir",Fast sortiment,35,"0102,0104,0106,0107,0110,0113,0114,0134,0136,0140,0144,0145,0147,0151,0165,0167,0171,0172,0173,0174,0178,0180,0201,0211,0213,0215,0216,0220,0221,0228,0230,0231,0232,0237,0238"
9131201,Pouilly-Fuissé Vieilles Vignes Domaine Cordier,Domaine Cordier,399.0,750 ml,Glasflaska,Fylligt & Smakrikt,Frankrike,Chardonnay,Tillfälligt sortiment,26,"0102,0104,0110,0113,0114,0136,0137,0138,0140,0143,0144,0151,0163,0165,0171,0172,0174,0176,0180,0211,0213,0215,0220,0228,0237,0238"
9214601,L’Archetipo Susumante,L’Archetipo,179.0,750 ml,Glasflaska,Rosé,Italien,Susumaniello,Tillfälligt sortiment,28,"0102,0104,0110,0113,0114,0134,0136,0137,0138,0140,0144,0147,0151,0163,0165,0171,0172,0174,0180,0202,0210,0211,0213,0215,0220,0230,0237,0238"
741802,Bollinger Special Cuvée Brut,Bollinger,399.0,375 ml,Glasflaska,Torrt vitt,Frankrike,"Pinot noir, Chardonnay, Pinot meunier",Fast sortiment,32,"0102,0104,0106,0107,0113,0114,0134,0136,0140,0145,0147,0151,0165,0167,0171,0172,0173,0174,0176,0179,0180,0201,0202,0211,0213,0215,0216,0220,0230,0232,0237,0238"
795901,Loxarel A Pèl rosé,Loxarel,145.0,750 ml,Glasflaska,Rosé,Spanien,"Pinot noir, Xarel-lo vermell",Fast sortiment,26,"0102,0104,0106,0107,0114,0132,0134,0140,0145,0151,0165,0171,0174,0175,0201,0204,0207,0211,0213,0215,0220,0230,0231,0232,0237,0238"
9050901,L’Archetipo Verdeca Sette Lune,L’Archetipo,199.0,750 ml,Glasflaska,Fylligt & Smakrikt,Italien,Verdeca,Tillfälligt sortiment,28,"0102,0104,0110,0113,0114,0134,0136,0137,0138,0140,0144,0151,0163,0165,0171,0172,0173,0174,0178,0179,0180,0202,0211,0213,0215,0220,0237,0238"
8313601,Arndorfer Grüner Veltliner,Weingut Arndorfer,189.0,1000 ml,Lättare glasflaska,Friskt & Fruktigt,Österrike,Grüner veltliner,Fast sortiment,32,"0102,0104,0106,0107,0110,0114,0134,0136,0140,0145,0151,0163,0165,0167,0170,0171,0172,0173,0174,0176,0179,0202,0211,0213,0215,0216,0220,0230,0231,0232,0237,0238"
295114,Pizzolato Moscato Frizzante Organic,La Cantina Pizzolato,42.0,200 ml,Burk,Torrt vitt,Italien,Moscato,Fast sortiment,6,"0102,0147,0168,0207,0229,0237"
9067401,Chablis Premier Cru Mont de Milieu Domaine Pinson,Domaine Pinson,499.0,750 ml,Glasflaska,Friskt & Fruktigt,Frankrike,Chardonnay,Tillfälligt sortiment,27,"0102,0104,0110,0113,0114,0136,0137,0138,0140,0143,0144,0151,0163,0165,0171,0172,0174,0176,0180,0211,0213,0215,0216,0220,0223,0237,0238"
9386501,Vranec Luda Mara,Tikves Winery,141.0,750 ml,Glasflaska,Fruktigt & Smakrikt,Nordmakedonien,Vranac,Tillfälligt sortiment,23,"0102,0104,0107,0110,0113,0114,0134,0135,0136,0138,0147,0163,0165,0167,0178,0180,0211,0214,0215,0217,0220,0222,0226"
9399801,Haurus Olaszrizling,Grócz Márkné,159.0,750 ml,Lättare glasflaska,Friskt & Fruktigt,Ungern,,Tillfälligt sortiment,24,"0102,0104,0110,0113,0114,0136,0137,0138,0140,0143,0144,0151,0163,0165,0171,0172,0174,0176,0211,0213,0215,0220,0237,0238"
9458701,Rústico Cinsault Viña Bouchon,Viña Bouchon,149.0,750 ml,Lättare glasflaska,Fruktigt & Smakrikt,Chile,Cinsault,Tillfälligt sortiment,34,"0102,0104,0113,0114,0134,0135,0136,0137,0138,0140,0144,0145,0147,0151,0163,0165,0167,0170,0171,0172,0173,0178,0202,0206,0213,0215,0216,0217,0220,0221,0228,0230,0232,0237"
9270801,Pino Román Pét-Nat País,Ignacio Pino Román,199.0,750 ml,Lättare glasflaska,Rosé,Chile,Pais,Tillfälligt sortiment,30,"0102,0104,0110,0113,0114,0133,0134,0136,0137,0138,0140,0144,0147,0151,0163,0165,0171,0172,0174,0179,0180,0210,0211,0213,0215,0220,0223,0230,0237,0238"
223501,Black Stallion Los Carneros Pinot Noir,Black Stallion Estate Winery,299.0,750 ml,Glasflaska,Kryddigt & Mustigt,USA,Pinot noir,Fast sortiment,36,"0102,0104,0106,0107,0110,0113,0114,0132,0134,0137,0138,0140,0143,0144,0145,0151,0163,0165,0167,0171,0174,0175,0179,0201,0202,0204,0207,0211,0213,0215,0221,0230,0231,0232,0237,0238"
9438714,Birichino Scylla,Birichino,89.0,250 ml,Burk,Fruktigt & Smakrikt,USA,"Carignan, Grenache, Mourvèdre",Tillfälligt sortiment,20,"0102,0104,0113,0114,0136,0137,0138,0140,0143,0144,0151,0163,0165,0172,0211,0213,0215,0222,0237,0238"
9442201,Barbera d'Alba Mauro Veglio,Mauro Veglio,209.0,750 ml,Glasflaska,Fruktigt & Smakrikt,Italien,Barbera,Tillfälligt sortiment,31,"0102,0104,0110,0113,0114,0133,0134,0136,0137,0138,0140,0143,0144,0151,0163,0165,0171,0172,0174,0176,0180,0206,0211,0213,0215,0220,0221,0228,0230,0237,0238"
626501,Rua Pinot Noir,Mora Wines,189.0,750 ml,Glasflaska,Kryddigt & Mustigt,Nya Zeeland,Pinot noir,Fast sortiment,32,"0102,0104,0106,0107,0113,0114,0134,0136,0140,0145,0147,0151,0165,0167,0171,0172,0173,0174,0176,0179,0180,0201,0211,0213,0215,0216,0222,0224,0230,0232,0237,0238"
755301,Palmer & Co Blanc de Blancs,Palmer & Co,469.0,750 ml,Glasflaska,Torrt vitt,Frankrike,Chardonnay,Fast sortiment,29,"0102,0104,0106,0107,0113,0114,0134,0136,0138,0140,0145,0147,0151,0165,0167,0171,0172,0173,0174,0180,0201,0211,0213,0215,0216,0230,0232,0237,0238"
281301,Mont-Redon Côtes du Rhône Réserve Blanc,Château Mont-Redon,129.0,750 ml,Lättare glasflaska,Fylligt & Smakrikt,Frankrike,"Grenache blanc, Viognier",Fast sortiment,32,"0102,0104,0106,0107,0113,0114,0134,0136,0140,0145,0147,0151,0165,0167,0171,0172,0173,0174,0176,0179,0180,0201,0202,0211,0213,0215,0216,0228,0230,0232,0237,0238"
796115,Ginger Prince Rosé Bubbles,Fowles Wine,79.0,375 ml,Burk,Rosé,Australien,"Shiraz, Riesling, Chardonnay, Vermentino",Fast sortiment,10,"0102,0110,0114,0151,0175,0182,0213,0216,0226,0238"
9024401,L’Archetipo Niuru Maru Negroamaro,L’Archetipo,169.0,750 ml,Glasflaska,Fruktigt & Smakrikt,Italien,Negroamaro,Tillfälligt sortiment,26,"0102,0104,0110,0113,0114,0134,0136,0137,0138,0140,0144,0151,0163,0165,0171,0172,0174,0176,0180,0202,0211,0213,0215,0221,0237,0238"
229915,Vinette Chardonnay,Vinette,39.0,250 ml,Burk,Friskt & Fruktigt,Sydafrika,Chardonnay,Fast sortiment,18,"0102,0106,0132,0140,0147,0165,0167,0173,0174,0175,0180,0202,0204,0207,0213,0215,0224,0238"
9029101,Dorli Muhr Prellenkirchen Samt & Seide,Weingut Dorli Muhr,199.0,750 ml,Glasflaska,Kryddigt & Mustigt,Österrike,Blaufränkisch,Tillfälligt sortiment,19,"0102,0104,0113,0114,0135,0136,0138,0140,0143,0148,0151,0177,0211,0213,0215,0230,0235,0237,0238"
9047601,Battenfeld Spanier Spätburgunder,Battenfeld Spanier,199.0,750 ml,Glasflaska,Mjukt & Bärigt,Tyskland,Spätburgunder,Tillfälligt sortiment,14,"0102,0104,0110,0113,0114,0133,0136,0143,0151,0211,0213,0215,0237,0238"
794101,Champagne Taittinger Demi-Sec,Taittinger,549.0,750 ml,Glasflaska,Halvtorrt vitt,Frankrike,"Chardonnay, Pinot meunier, Pinot noir",Fast sortiment,16,"0102,0104,0134,0150,0165,0170,0171,0173,0176,0202,0207,0209,0211,0213,0223,0232"
210301,Derbusco Cives Doppio Erre Di Franciacorta Brut,Società Agricola Derbusco srl,249.0,750 ml,Glasflaska,Torrt vitt,Italien,,Fast sortiment,25,"0102,0104,0106,0110,0113,0114,0134,0136,0140,0143,0150,0151,0172,0174,0176,0179,0202,0211,0213,0215,0216,0220,0232,0237,0238"
9424901,Barbaresco Roncaglie,Poderi Colla,399.0,750 ml,Glasflaska,Stramt & Nyanserat,Italien,Nebbiolo,Tillfälligt sortiment,19,"0102,0104,0110,0113,0114,0134,0135,0136,0138,0140,0151,0171,0178,0211,0213,0215,0228,0237,0238"
9485701,Baia's Wine Tsitska Tsolikauri Krakhuna,Baia's Wine,201.0,750 ml,Glasflaska,Fylligt & Smakrikt,Georgien,,Tillfälligt sortiment,24,"0102,0104,0110,0113,0114,0135,0136,0138,0140,0144,0151,0165,0171,0173,0178,0206,0211,0213,0215,0220,0221,0223,0237,0238"
9486801,Fasoli Gino Pieve Vecchia,Fasoli Gino,189.0,750 ml,Glasflaska,Fylligt & Smakrikt,Italien,Garganega,Tillfälligt sortiment,21,"0102,0104,0107,0110,0114,0134,0136,0138,0140,0151,0171,0177,0178,0180,0202,0211,0213,0215,0221,0237,0238"
9520001,Brisas del Este Blend Selection Bodega Brisas,Bodega Brisas,139.0,750 ml,Lättare glasflaska,Fruktigt & Smakrikt,Uruguay,,Tillfälligt sortiment,17,"0102,0104,0110,0113,0138,0143,0144,0151,0163,0172,0174,0208,0211,0213,0215,0230,0238"
9416801,Roussette de Savoie La Dévire Trosset,Fabien Trosset,199.0,750 ml,Glasflaska,Fylligt & Smakrikt,Frankrike,Altesse,Tillfälligt sortiment,24,"0102,0104,0110,0113,0114,0134,0136,0138,0140,0144,0151,0171,0173,0179,0180,0206,0211,0213,0215,0216,0220,0228,0237,0238"
2016401,Alsace Grand Cru Schlossberg Riesling,BLANCK ANDRE ET SES FILS,239.0,750 ml,Glasflaska,Friskt & Fruktigt,Frankrike,Riesling,Fast sortiment,26,"0102,0104,0106,0107,0110,0114,0134,0136,0138,0140,0144,0151,0171,0172,0174,0176,0179,0180,0211,0213,0215,0217,0228,0232,0237,0238"
9216301,Hoof & Lur Moschofilero,Troupis Winery,190.0,750 ml,Glasflaska,Fruktigt & Smakrikt,Grekland,Moschofilero,Tillfälligt sortiment,24,"0102,0104,0113,0114,0133,0136,0137,0138,0140,0144,0151,0163,0165,0171,0172,0174,0176,0177,0202,0211,0213,0215,0237,0238"
9217601,Savigny les Beaune Blanc Domaine du Château de Meursault,Domaine du Château de Meursault,499.0,750 ml,Glasflaska,Fylligt & Smakrikt,Frankrike,Chardonnay,Fast sortiment,22,"0102,0104,0106,0107,0114,0134,0140,0151,0167,0171,0174,0176,0179,0202,0204,0211,0213,0215,0220,0232,0237,0238"
623701,Chablis Premier Cru Grande Cuvée,La Chablisienne,299.0,750 ml,Glasflaska,Friskt & Fruktigt,Frankrike,Chardonnay,Fast sortiment,20,"0102,0104,0114,0134,0136,0140,0151,0171,0174,0176,0179,0202,0211,0213,0215,0228,0230,0232,0237,0238"
2201301,Barbaresco Prunotto,Prunotto,309.0,750 ml,Glasflaska,Stramt & Nyanserat,Italien,Nebbiolo,Fast sortiment,23,"0102,0104,0106,0107,0114,0134,0140,0151,0170,0171,0173,0174,0176,0179,0202,0211,0213,0215,0220,0230,0232,0237,0238"
9220101,Piero Benevelli Dolcetto d'Alba La Costa,Piero Benevelli,159.0,750 ml,Glasflaska,Fruktigt & Smakrikt,Italien,Dolcetto,Tillfälligt sortiment,23,"0102,0104,0110,0113,0114,0136,0137,0138,0140,0144,0151,0163,0165,0171,0172,0173,0174,0177,0211,0213,0215,0237,0238"
9430801,Alegre Valgañon Tinto,Bodegas Alegre Valgañon,179.0,750 ml,Glasflaska,Kryddigt & Mustigt,Spanien,,Tillfälligt sortiment,24,"0102,0104,0110,0113,0114,0136,0137,0138,0140,0144,0151,0163,0165,0171,0172,0174,0211,0213,0215,0220,0228,0230,0237,0238"
282515,Adega de Monção Alvarinho,Adega de Monção,49.0,250 ml,Burk,Friskt & Fruktigt,Portugal,Alvarinho,Fast sortiment,6,"0102,0110,0147,0170,0221,0232"
218001,Lynx Cabernet Sauvignon,The Wine Group,139.0,750 ml,Lättare glasflaska,Fruktigt & Smakrikt,USA,Cabernet sauvignon,Fast sortiment,19,"0102,0104,0114,0140,0151,0174,0176,0179,0202,0209,0211,0213,0215,0217,0222,0228,0232,0237,0238"
7099001,Lynx Pinot Noir,House of Big Wines,139.0,750 ml,Glasflaska,Kryddigt & Mustigt,USA,Pinot noir,Fast sortiment,23,"0102,0104,0114,0134,0138,0140,0145,0147,0151,0167,0171,0173,0174,0176,0179,0202,0211,0213,0215,0230,0232,0237,0238"
9317301,Le Tufaie Soave Superiore Bolla,Bolla,159.0,750 ml,Glasflaska,Friskt & Fruktigt,Italien,Garganega,Tillfälligt sortiment,20,"0102,0104,0110,0113,0114,0136,0138,0140,0151,0171,0173,0177,0179,0180,0202,0211,0213,0215,0237,0238"
9537901,Chateauneuf-du-Pape Tradition Mas de Boislauzon,Mas de Boislauzon,360.0,750 ml,Glasflaska,Kryddigt & Mustigt,Frankrike,,Tillfälligt sortiment,21,"0102,0104,0113,0114,0136,0137,0138,0140,0144,0151,0163,0165,0171,0172,0174,0211,0213,0215,0220,0237,0238"
9205601,Taittinger Brut Millésimé,Taittinger,769.0,750 ml,Glasflaska,Torrt vitt,Frankrike,"Chardonnay, Pinot noir",Tillfälligt sortiment,24,"0102,0104,0113,0114,0132,0136,0137,0138,0140,0144,0150,0151,0163,0165,0171,0172,0174,0211,0213,0215,0216,0220,0237,0238"
9212201,Douro Branco Pormenor,Pormenor Vinhos,180.0,750 ml,Lättare glasflaska,Friskt & Fruktigt,Portugal,"Rabigato, Gouveio, Malvasia fina, Códega do larinho",Tillfälligt sortiment,19,"0102,0104,0110,0113,0114,0136,0138,0140,0151,0171,0179,0205,0211,0213,0215,0218,0228,0237,0238"
9220601,Éclat de Granite Domaine Sérol,Domaine Sérol,199.0,750 ml,Glasflaska,Fruktigt & Smakrikt,Frankrike,Gamay,Tillfälligt sortiment,15,"0102,0104,0113,0114,0138,0140,0144,0151,0171,0177,0211,0213,0215,0237,0238"
9044001,Duca Fedele Valpolicella,Massimago,189.0,750 ml,Lättare glasflaska,Mjukt & Bärigt,Italien,"Corvina, Corvinone, Rondinella",Tillfälligt sortiment,17,"0102,0104,0107,0113,0114,0136,0138,0140,0151,0171,0211,0213,0215,0221,0228,0237,0238"
9359101,Pio Cesare Oltre,Pio Cesare,239.0,750 ml,Lättare glasflaska,Fruktigt & Smakrikt,Italien,"Barbera, Cabernet sauvignon, Merlot, Nebbiolo, Petit verdot",Tillfälligt sortiment,22,"0102,0104,0110,0113,0114,0136,0138,0140,0145,0151,0171,0176,0177,0178,0211,0213,0215,0221,0234,0237,0238,0239"
200701,Château Courac Côtes du Rhône Villages Laudun,Château Courac,149.0,750 ml,Glasflaska,Kryddigt & Mustigt,Frankrike,"Counoise, Grenache, Mourvèdre, Syrah",Fast sortiment,19,"0102,0104,0114,0134,0140,0151,0167,0171,0173,0174,0176,0179,0202,0211,0213,0215,0230,0237,0238"
9422001,Contino Reserva,Viñedos del Contino,299.0,750 ml,Glasflaska,Kryddigt & Mustigt,Spanien,"Tempranillo, Garnacha, Graciano, Mazuelo",Tillfälligt sortiment,17,"0102,0104,0110,0113,0114,0136,0138,0140,0147,0151,0171,0178,0211,0213,0215,0237,0238"
9386901,Von Winning Deidesheimer Herrgottsacker Riesling Erste Lage,Von Winning,249.0,750 ml,Glasflaska,Friskt & Fruktigt,Tyskland,Riesling,Tillfälligt sortiment,19,"0102,0104,0110,0113,0114,0134,0136,0138,0140,0151,0171,0177,0211,0213,0215,0216,0223,0237,0238"
8829101,Ruinart Blanc de Blancs,Ruinart,939.0,750 ml,Glasflaska,Torrt vitt,Frankrike,Chardonnay,Fast sortiment,20,"0102,0104,0106,0110,0114,0133,0134,0136,0140,0144,0151,0174,0202,0211,0213,0215,0229,0232,0237,0238"
9001401,Montefalco Sagrantino Antonelli,Antonelli San Marco,229.0,750 ml,Glasflaska,Kryddigt & Mustigt,Italien,Sagrantino,Tillfälligt sortiment,18,"0102,0104,0110,0113,0114,0138,0140,0147,0151,0171,0206,0211,0213,0215,0221,0228,0237,0238"
9244701,Riesling Burgweg Weingut Philipp Kuhn,Weingut Philipp Kuhn,280.0,750 ml,Glasflaska,Friskt & Fruktigt,Tyskland,Riesling,Tillfälligt sortiment,17,"0102,0104,0107,0113,0114,0134,0138,0140,0144,0150,0171,0178,0179,0213,0215,0237,0238"
9017001,Le Cupole,Vini Franchetti SRL,363.0,750 ml,Glasflaska,Stramt & Nyanserat,Italien,"Merlot, Cabernet franc, Cabernet sauvignon, Petit verdot",Tillfälligt sortiment,19,"0102,0104,0110,0113,0114,0136,0138,0140,0147,0151,0171,0179,0202,0210,0211,0213,0221,0237,0238"
9415901,Langhe Nebbiolo Figli Luigi Oddero,Vigneti Luigi Oddero & Figli SSA,219.0,750 ml,Glasflaska,Kryddigt & Mustigt,Italien,Nebbiolo,Tillfälligt sortiment,26,"0102,0104,0110,0113,0114,0133,0136,0137,0138,0140,0144,0151,0163,0165,0171,0172,0174,0179,0206,0211,0213,0215,0220,0228,0237,0238"
392501,Château Belgrave,Vins et Vignobles Dourthe,419.0,750 ml,Glasflaska,Stramt & Nyanserat,Frankrike,"Cabernet sauvignon, Merlot, Petit verdot",Fast sortiment,19,"0102,0104,0106,0114,0134,0138,0140,0151,0171,0174,0176,0179,0202,0211,0213,0215,0232,0237,0238"
7536001,Black Stallion Napa Valley Chardonnay,Black Stallion Estate Winery,299.0,750 ml,Glasflaska,Fylligt & Smakrikt,USA,Chardonnay,Fast sortiment,19,"0102,0104,0106,0113,0114,0140,0145,0151,0173,0174,0179,0202,0213,0215,0220,0230,0232,0237,0238"
9509901,Chablis Premier Cru Montée de Tonnerre,Domaine Louis Michel & Fils,479.0,750 ml,Glasflaska,Friskt & Fruktigt,Frankrike,Chardonnay,Tillfälligt sortiment,16,"0102,0104,0110,0113,0114,0133,0136,0138,0140,0151,0171,0211,0213,0215,0237,0238"
7762801,Le Bâtard de Bordeaux,Enjoy Wine & Spirits,119.0,750 ml,Glasflaska,Kryddigt & Mustigt,Frankrike,"Cabernet sauvignon, Merlot",Fast sortiment,18,"0102,0104,0114,0134,0140,0143,0151,0163,0171,0174,0179,0202,0211,0213,0215,0232,0237,0238"
9236101,Cairanne Les Travers Domaine Brusset,Domaine Brusset,190.0,750 ml,Glasflaska,Kryddigt & Mustigt,Frankrike,"Cinsault, Grenache, Mourvèdre, Syrah",Tillfälligt sortiment,16,"0102,0104,0110,0113,0114,0138,0140,0151,0171,0178,0202,0211,0213,0215,0237,0238"
9298501,Bollinger La Grande Année Brut,Bollinger,2199.0,750 ml,Glasflaska,Torrt vitt,Frankrike,"Pinot noir, Chardonnay",Tillfälligt sortiment,18,"0102,0104,0114,0134,0136,0138,0140,0145,0151,0171,0173,0178,0179,0211,0213,0215,0237,0238"
9322801,Le Molacce Trebbiano Spoletino,Arnaldo-Caprai,179.0,750 ml,Glasflaska,Friskt & Fruktigt,Italien,Trebbiano,Tillfälligt sortiment,23,"0102,0104,0110,0113,0114,0136,0137,0138,0140,0144,0151,0163,0165,0171,0172,0174,0177,0202,0211,0213,0215,0237,0238"
9037301,Terreno Chianti Classico Riserva Le Bonille di Sopra,Terreno,260.0,750 ml,Glasflaska,Stramt & Nyanserat,Italien,"Cabernet sauvignon, Colorino, Sangiovese",Tillfälligt sortiment,15,"0102,0104,0113,0114,0138,0140,0147,0151,0171,0211,0213,0215,0234,0237,0238"
2010801,Pieropan Soave Classico,Pieropan,149.0,750 ml,Lättare glasflaska,Friskt & Fruktigt,Italien,"Garganega, Trebbiano",Fast sortiment,14,"0102,0104,0106,0110,0114,0134,0167,0168,0170,0173,0179,0180,0228,0237"
1632001,Penfolds Bin 28 Shiraz,Penfolds,299.0,750 ml,Glasflaska,Fruktigt & Smakrikt,Australien,Shiraz,Fast sortiment,17,"0102,0104,0106,0114,0140,0151,0168,0174,0176,0179,0211,0213,0215,0220,0232,0237,0238"
7344501,Château La Grave à Pomerol Trigant de Boisset,Château La Grave à Pomerol,599.0,750 ml,Glasflaska,Stramt & Nyanserat,Frankrike,"Merlot, Cabernet franc",Fast sortiment,19,"0102,0104,0106,0107,0110,0114,0134,0140,0151,0171,0174,0179,0211,0213,0215,0220,0232,0237,0238"
9288801,Frasca Barbera d'Asti,Frasca,179.0,750 ml,Glasflaska,Fruktigt & Smakrikt,Italien,Barbera,Tillfälligt sortiment,23,"0102,0104,0110,0113,0114,0136,0137,0138,0140,0144,0151,0163,0165,0171,0172,0174,0205,0211,0213,0215,0221,0237,0238"
9354901,Ixsir Grande Reserve Rosé,Ixsir,230.0,750 ml,Glasflaska,,Libanon,"Cinsault, Mourvèdre, Syrah",Tillfälligt sortiment,15,"0102,0104,0114,0133,0135,0136,0143,0150,0151,0172,0175,0210,0215,0230,0237"
9293001,Chateau d'Astros Amour Rosé,Chateau d´Astros,219.0,750 ml,Glasflaska,Friskt & Bärigt,Frankrike,"Grenache, Tibouren, Cinsault",Tillfälligt sortiment,9,"0102,0114,0144,0151,0179,0210,0220,0230,0237"
9044201,Lamoresca Rosso,Azienda Agricola Lamoresca,290.0,750 ml,Lättare glasflaska,Fruktigt & Smakrikt,Italien,"Frappato, Grenache, Nero d'avola",Tillfälligt sortiment,10,"0102,0107,0110,0113,0114,0134,0136,0140,0151,0237"
9285001,Château de Camensac,Château Camensac,399.0,750 ml,Glasflaska,Stramt & Nyanserat,Frankrike,"Cabernet sauvignon, Merlot",Tillfälligt sortiment,17,"0102,0104,0110,0113,0114,0136,0138,0140,0150,0151,0171,0178,0211,0213,0215,0237,0238"
9438001,Le Busche Chardonnay Umani Ronchi,Azienda Vinicola Umani Ronchi Spa,199.0,750 ml,Glasflaska,Fylligt & Smakrikt,Italien,Chardonnay,Tillfälligt sortiment,16,"0102,0104,0110,0113,0114,0136,0138,0140,0151,0171,0178,0211,0213,0215,0237,0238"
9349801,Contrada Volpare Maugeri Paola,Maugeri Paola,259.0,750 ml,Lättare glasflaska,Friskt & Fruktigt,Italien,Carricante,Tillfälligt sortiment,18,"0102,0104,0113,0114,0134,0136,0138,0140,0151,0171,0180,0206,0211,0213,0215,0220,0237,0238"
9325001,Pagliarese Chianti Classico,Fèlsina Spa,209.0,750 ml,Glasflaska,Kryddigt & Mustigt,Italien,Sangiovese,Tillfälligt sortiment,23,"0102,0104,0113,0114,0136,0137,0138,0140,0144,0151,0163,0165,0171,0172,0174,0179,0211,0213,0215,0228,0230,0237,0238"
9262701,El Enemigo Cabernet Franc Bodega Aleanna,Bodega Aleanna,229.0,750 ml,Glasflaska,Fruktigt & Smakrikt,Argentina,Cabernet franc,Tillfälligt sortiment,14,"0102,0104,0113,0114,0138,0140,0148,0151,0171,0211,0213,0215,0237,0238"
9004501,Campolargo Baga & Castelão,Campolargo,201.0,750 ml,Lättare glasflaska,Kryddigt & Mustigt,Portugal,"Baga, Castelão",Tillfälligt sortiment,20,"0102,0104,0107,0110,0113,0114,0136,0138,0140,0144,0151,0163,0165,0171,0172,0211,0213,0215,0237,0238"
2012801,Casa de Sarmento Branco Bruto,Casa de Sarmento,149.0,750 ml,Glasflaska,Torrt vitt,Portugal,"Chardonnay, Arinto, Baga",Fast sortiment,20,"0102,0104,0110,0114,0133,0136,0140,0143,0144,0151,0165,0175,0176,0177,0217,0220,0228,0232,0237,0238"
9203901,La Falaise Château la Négly,SARL Château La Négly,289.0,750 ml,Glasflaska,Kryddigt & Mustigt,Frankrike,"Grenache, Mourvèdre, Syrah",Tillfälligt sortiment,15,"0102,0110,0113,0114,0136,0140,0143,0171,0173,0178,0211,0213,0215,0237,0238"
9409701,Château Dalem,Chateau Dalem,381.0,750 ml,Glasflaska,Fruktigt & Smakrikt,Frankrike,,Tillfälligt sortiment,22,"0102,0104,0110,0113,0114,0132,0136,0137,0138,0140,0144,0151,0163,0165,0171,0172,0174,0211,0213,0215,0237,0238"
9034301,Glup Carignan,Longavi,179.0,750 ml,Lättare glasflaska,Fruktigt & Smakrikt,Chile,Carignan,Tillfälligt sortiment,18,"0102,0104,0110,0113,0114,0134,0138,0140,0151,0171,0202,0206,0211,0213,0215,0228,0237,0238"
9526201,Il Poggione Brunello di Montalcino,Il Poggione,379.0,750 ml,Glasflaska,Stramt & Nyanserat,Italien,Sangiovese,Tillfälligt sortiment,20,"0102,0104,0113,0114,0136,0137,0138,0140,0144,0151,0163,0165,0171,0172,0174,0211,0213,0215,0237,0238"
9212801,Chateau Marquis de Terme,Château Marquis de Terme,499.0,750 ml,Glasflaska,Stramt & Nyanserat,Frankrike,"Cabernet sauvignon, Merlot, Petit verdot",Tillfälligt sortiment,16,"0102,0104,0110,0113,0114,0136,0138,0140,0147,0151,0171,0211,0213,0215,0237,0238"
9539101,Mukado Saperavi-Shavkapito,Mukado Wine LTD,219.0,750 ml,Glasflaska,Fruktigt & Smakrikt,Georgien,,Tillfälligt sortiment,17,"0102,0104,0113,0114,0134,0136,0138,0140,0151,0171,0178,0211,0213,0215,0220,0237,0238"
9385501,Trimbach Hommage À Hubert,Trimbach,429.0,750 ml,Glasflaska,Friskt & Fruktigt,Frankrike,Riesling,Tillfälligt sortiment,12,"0102,0104,0113,0114,0140,0151,0171,0211,0215,0220,0237,0238"
9250001,Weingut Dr. Hermann Wehlener Sonneuhr Riesling Kabinett,Weingut Dr. Hermann,229.0,750 ml,Glasflaska,Friskt & Fruktigt,Tyskland,Riesling,Tillfälligt sortiment,16,"0102,0104,0110,0113,0114,0138,0140,0151,0171,0172,0177,0211,0213,0215,0237,0238"
9305501,Château Gloria,Château Gloria,599.0,750 ml,Glasflaska,Stramt & Nyanserat,Frankrike,"Cabernet sauvignon, Merlot, Petit verdot, Cabernet franc",Tillfälligt sortiment,21,"0102,0104,0110,0113,0114,0136,0137,0138,0140,0144,0151,0163,0165,0171,0172,0174,0211,0213,0215,0237,0238"
9181501,Ata Rangi Crimson,Ata Rangi,249.0,750 ml,Glasflaska,Kryddigt & Mustigt,Nya Zeeland,Pinot noir,Tillfälligt sortiment,12,"0102,0104,0114,0136,0138,0140,0151,0178,0215,0231,0237,0238"
9426401,Domaine Giraud Lirac Vieilles Vignes,Domaine Giraud,239.0,750 ml,Glasflaska,Kryddigt & Mustigt,Frankrike,"Grenache, Mourvèdre, Syrah",Tillfälligt sortiment,15,"0102,0104,0113,0114,0136,0138,0140,0151,0171,0211,0213,0215,0220,0237,0238"
9051401,Caparzo Brunello di Montalcino,Caparzo Srl Societa Agricola,359.0,750 ml,Lättare glasflaska,Kryddigt & Mustigt,Italien,Sangiovese,Tillfälligt sortiment,20,"0102,0104,0113,0114,0136,0137,0138,0140,0144,0151,0163,0165,0171,0172,0174,0211,0213,0215,0237,0238"
9447901,Dominio del Aguila Picaro Tinto,Dominio del Aguila,329.0,750 ml,Glasflaska,Stramt & Nyanserat,Spanien,,Tillfälligt sortiment,15,"0102,0104,0110,0113,0114,0132,0136,0140,0151,0171,0211,0213,0215,0237,0238"
279901,Winkl Sauvignon,Cantina Terlan,229.0,750 ml,Glasflaska,Friskt & Fruktigt,Italien,Sauvignon blanc,Fast sortiment,17,"0102,0104,0106,0113,0114,0132,0134,0136,0151,0167,0170,0171,0179,0202,0215,0228,0237"
9322701,Domaine de Sacy Sancerre Blanc,Domaine de Sacy,249.0,750 ml,Glasflaska,Friskt & Fruktigt,Frankrike,Sauvignon blanc,Tillfälligt sortiment,14,"0102,0104,0110,0113,0114,0138,0140,0151,0171,0211,0213,0215,0237,0238"
2009001,Robert Mondavi Winery Cabernet Sauvignon Napa Valley,Robert Mondavi,519.0,750 ml,Glasflaska,Fruktigt & Smakrikt,USA,"Cabernet sauvignon, Malbec, Petit verdot, Cabernet franc",Fast sortiment,15,"0102,0104,0114,0150,0151,0174,0175,0176,0214,0217,0220,0222,0226,0232,0237"
9390801,Kullabergs Vingård Askesäng,Kullabergs Vingård,399.0,750 ml,Glasflaska,Fylligt & Smakrikt,Sverige,"Solaris, Souvignier gris, Donauriesling",Tillfälligt sortiment,12,"0102,0110,0113,0140,0171,0173,0213,0215,0220,0228,0237,0238"
9561701,Tyler Santa Barbara County Chardonnay,Tyler Winery,299.0,750 ml,Glasflaska,Fylligt & Smakrikt,USA,Chardonnay,Tillfälligt sortiment,17,"0102,0104,0110,0113,0114,0133,0136,0138,0140,0151,0171,0206,0211,0213,0215,0237,0238"
9019301,Passorosso Vini Franchetti,Vini Franchetti SRL,252.0,750 ml,Glasflaska,Stramt & Nyanserat,Italien,Nerello mascalese,Tillfälligt sortiment,16,"0102,0104,0107,0110,0113,0114,0138,0140,0147,0151,0171,0211,0213,0215,0237,0238"
9404401,Wayfinder Chardonnay,Wayfinder,199.0,750 ml,Glasflaska,Fylligt & Smakrikt,Australien,Chardonnay,Tillfälligt sortiment,16,"0102,0104,0113,0114,0136,0138,0140,0151,0171,0179,0211,0213,0215,0228,0237,0238"
9409601,Immich-Batterieberg Detonation Riesling,Immich-Batterieberg,229.0,750 ml,Lättare glasflaska,,Tyskland,Riesling,Tillfälligt sortiment,12,"0102,0110,0114,0136,0140,0151,0179,0213,0215,0230,0237,0238"
9407801,Crystallum Peter Max Pinot Noir,Crystallum Wines,369.0,750 ml,Glasflaska,Kryddigt & Mustigt,Sydafrika,Pinot noir,Tillfälligt sortiment,15,"0102,0104,0110,0113,0114,0134,0138,0140,0151,0171,0211,0213,0215,0237,0238"
9267701,Château d’Aiguilhe,Château d'Aiguilhe,299.0,750 ml,Glasflaska,Fruktigt & Smakrikt,Frankrike,"Merlot, Cabernet franc",Tillfälligt sortiment,14,"0102,0104,0110,0113,0114,0138,0140,0151,0171,0211,0213,0215,0237,0238"
9309301,City on a Hill Cinsault,City on a Hill Wine Company,199.0,750 ml,Glasflaska,Mjukt & Bärigt,Sydafrika,Cinsault,Tillfälligt sortiment,12,"0102,0110,0113,0134,0136,0140,0151,0202,0215,0220,0222,0230"
9062001,Basalt Pinot Noir Granville,Granville Wines,399.0,750 ml,Glasflaska,Mjukt & Bärigt,USA,Pinot noir,Tillfälligt sortiment,14,"0102,0104,0113,0114,0136,0138,0140,0151,0171,0211,0213,0215,0237,0238"
9221601,Cuvelier los Andes Colección,Cuvelier Los Andes,219.0,750 ml,Glasflaska,Stramt & Nyanserat,Argentina,"Malbec, Cabernet sauvignon, Syrah, Merlot, Petit verdot",Tillfälligt sortiment,13,"0102,0104,0113,0114,0137,0138,0140,0151,0163,0165,0211,0213,0237"
9398701,Le Miniere Bertani,Angelini Wines & Estates,199.0,750 ml,Glasflaska,Mjukt & Bärigt,Italien,"Corvina veronese, Rondinella",Tillfälligt sortiment,14,"0102,0110,0113,0114,0138,0140,0143,0150,0151,0171,0211,0213,0237,0238"
217901,Brown & Co Chardonnay,Brown Family Wine Group,129.0,750 ml,Lättare glasflaska,Fylligt & Smakrikt,Australien,Chardonnay,Fast sortiment,9,"0102,0107,0137,0167,0207,0209,0213,0226,0237"
9353501,Granville Basalt Chardonnay,Granville Wines,399.0,750 ml,Glasflaska,Fylligt & Smakrikt,USA,Chardonnay,Tillfälligt sortiment,14,"0102,0104,0113,0114,0136,0138,0140,0151,0171,0211,0213,0215,0237,0238"
754801,Cuvée Sir Winston Churchill,Pol Roger,2549.0,750 ml,Glasflaska,Torrt vitt,Frankrike,"Chardonnay, Pinot noir",Fast sortiment,7,"0102,0104,0114,0136,0151,0213,0216"
9538401,Cadre Stone Blossom Sauvignon blanc,Cadre,289.0,750 ml,Glasflaska,Friskt & Fruktigt,USA,,Tillfälligt sortiment,14,"0102,0104,0113,0114,0138,0140,0151,0171,0206,0211,0213,0215,0237,0238"
9329801,Château Cantemerle,Chateau Cantemerle,399.0,750 ml,Glasflaska,,Frankrike,Cabernet sauvignon,Tillfälligt sortiment,13,"0102,0104,0113,0114,0138,0140,0151,0171,0211,0213,0215,0237,0238"
9035902,Château La Tour Blanche,Château La Tour Blanche,475.0,375 ml,Glasflaska,Sött,Frankrike,,Tillfälligt sortiment,12,"0102,0104,0113,0114,0140,0151,0171,0211,0213,0215,0237,0238"
7641301,Finca Almendral Gran Reserva,Urban Wines,109.0,750 ml,Glasflaska,Kryddigt & Mustigt,Spanien,,Fast sortiment,7,"0102,0148,0204,0206,0217,0225,0228"
9295801,Château de Camensac,Château Camensac,479.0,750 ml,Glasflaska,,Frankrike,"Cabernet sauvignon, Merlot",Tillfälligt sortiment,13,"0102,0104,0113,0114,0138,0140,0151,0171,0211,0213,0215,0237,0238"
9275001,Rabl Riesling Ried Schenkenbichl,Weingut Rudolf Rabl,249.0,750 ml,Glasflaska,Friskt & Fruktigt,Österrike,Riesling,Tillfälligt sortiment,13,"0102,0104,0113,0114,0138,0140,0151,0171,0211,0213,0215,0237,0238"
9022201,Château Carbonnieux Blanc,Chateau Carbonnieux,406.0,750 ml,Glasflaska,Fylligt & Smakrikt,Frankrike,"Sauvignon blanc, Sémillon",Tillfälligt sortiment,13,"0102,0114,0138,0140,0143,0151,0171,0211,0213,0220,0228,0237,0238"
9336101,Château Pedesclaux,Château Pedesclaux,549.0,750 ml,Glasflaska,,Frankrike,"Cabernet franc, Cabernet sauvignon, Merlot, Petit verdot",Tillfälligt sortiment,13,"0102,0104,0113,0114,0138,0140,0151,0171,0211,0213,0215,0237,0238"
9222401,Tablas Creek Syrah,Tablas Creek Vineyard,479.0,750 ml,Glasflaska,,USA,Syrah,Tillfälligt sortiment,4,"0102,0114,0151,0237"
9032502,Château Coutet,Ch. Coutet,233.0,375 ml,Glasflaska,Sött,Frankrike,,Tillfälligt sortiment,9,"0102,0138,0140,0151,0171,0213,0215,0237,0238"
9268001,Pequenos Rebentos O Caminho Marcio Lopes,Marcio Lopes,239.0,750 ml,Glasflaska,Friskt & Fruktigt,Portugal,Alvarinho,Tillfälligt sortiment,11,"0102,0104,0113,0138,0140,0151,0171,0211,0213,0215,0237"
9275101,Saumagen Riesling Grosses Gewächs Weingut Philipp Kuhn,Weingut Philipp Kuhn,490.0,750 ml,Glasflaska,Friskt & Fruktigt,Tyskland,Riesling,Tillfälligt sortiment,4,"0102,0136,0151,0237"
9008301,Seven Springs Pinot Noir,Evening Land Vineyards,469.0,750 ml,Glasflaska,Kryddigt & Mustigt,USA,Pinot noir,Tillfälligt sortiment,6,"0102,0114,0136,0151,0210,0237"
8791401,Perrier-Jouët Belle Epoque Brut,Perrier-Jouët,1899.0,750 ml,Glasflaska,Torrt vitt,Frankrike,,Fast sortiment,4,"0102,0114,0136,0178"
9010201,Chablis GC Bougros Cote de Bouguerots William Fèvre,Domaine William Fèvre,1369.0,750 ml,Glasflaska,,Frankrike,Chardonnay,Tillfälligt sortiment,5,"0102,0114,0140,0151,0237"
7937401,Boekenhoutskloof Syrah,Boekenhoutskloof,399.0,750 ml,Glasflaska,Kryddigt & Mustigt,Sydafrika,Syrah,Fast sortiment,7,"0102,0104,0114,0151,0179,0215,0237"
7912101,Châteauneuf-du-Pape Les Cailloux Domaine André Brunel,André Brunel,500.0,750 ml,Glasflaska,Kryddigt & Mustigt,Frankrike,"Grenache, Mourvèdre, Syrah, Cinsault",Fast sortiment,6,"0102,0104,0114,0137,0210,0216"
233001,Barolo Serralunga Luigi Baudana,G.D. Vajra,349.0,750 ml,Glasflaska,Stramt & Nyanserat,Italien,Nebbiolo,Fast sortiment,6,"0102,0104,0114,0132,0151,0237"
1233001,Brunello di Montalcino La Fuga,Folonari,329.0,750 ml,Glasflaska,Stramt & Nyanserat,Italien,,Fast sortiment,5,"0102,0104,0114,0151,0237"
5005001,Domaine Rolet Arbois Vin Jaune,Domaine Rolet,599.0,620 ml,Glasflaska,Fylligt & Smakrikt,Frankrike,Savagnin,Fast sortiment,3,"0102,0104,0228"
9267501,La Bruja Vino Regional,Comando G,301.0,750 ml,Glasflaska,Fruktigt & Smakrikt,Spanien,Garnacha,Tillfälligt sortiment,3,"0102,0151,0237"
7296001,Moulin Touchais,Touchais,1299.0,750 ml,Glasflaska,Sött,Frankrike,,Fast sortiment,1,0102
9445301,Raúl Pérez Ultreia Godello,Bodegas Y Vinedos Raúl Pérez,249.0,750 ml,Glasflaska,Fylligt & Smakrikt,Spanien,Godello,Tillfälligt sortiment,1,0102
9457101,Iona Wines Wild Ferment Sauvignon Blanc,Iona Wines,229.0,750 ml,Lättare glasflaska,Friskt & Fruktigt,Sydafrika,Sauvignon blanc,Tillfälligt sortiment,1,0102
9467401,La Roq Coteaux d'Oustry,Earl Remi Larroque,159.0,750 ml,Glasflaska,Fruktigt & Smakrikt,Frankrike,"Fer-servadou, Merlot, Syrah",Tillfälligt sortiment,1,0102
7163301,Casa Nero Blanc de Blancs,Quaffable Wines AB,79.0,750 ml,Glasflaska,,Spanien,,Ordervaror,53,"0102,0104,0106,0132,0133,0134,0135,0137,0140,0143,0144,0147,0151,0163,0165,0167,0168,0170,0171,0172,0173,0174,0177,0178,0179,0180,0201,0204,0206,0207,0209,0210,0211,0213,0215,0216,0217,0218,0220,0221,0222,0224,0226,0228,0229,0230,0231,0232,0235,0236,0237,0238,0239"
7657901,The Winner Gold Edition,Iconic Wines,79.0,750 ml,Lättare glasflaska,Torrt vitt,Italien,,Ordervaror,31,"0102,0135,0151,0163,0170,0172,0176,0177,0178,0180,0201,0206,0209,0210,0211,0213,0215,0217,0218,0221,0222,0225,0226,0228,0229,0231,0235,0236,0237,0238,0239"
7185601,Castelmare Vino Spumante Blanc de Blancs,Oenoforos,80.0,750 ml,Glasflaska,,Italien,,Ordervaror,28,"0102,0134,0135,0151,0163,0171,0177,0178,0180,0201,0206,0209,0210,0211,0215,0217,0219,0220,0221,0222,0228,0229,0230,0231,0235,0237,0238,0239"
7100701,Château Tour de Naujan Bordeaux Supérieur Collection Prestige,Grands Châteaux de France (Château Tour de Naujan),149.0,750 ml,Glasflaska,Kryddigt & Mustigt,Frankrike,"Merlot, Cabernet sauvignon",Ordervaror,55,"0102,0104,0106,0132,0133,0134,0135,0136,0137,0140,0143,0144,0145,0147,0148,0151,0163,0165,0167,0168,0170,0171,0172,0174,0175,0176,0178,0179,0180,0201,0202,0204,0206,0207,0210,0211,0213,0215,0217,0218,0219,0220,0221,0224,0225,0227,0228,0229,0230,0231,0232,0234,0237,0238,0239"
7332201,Fenix Prosecco DOC Extra Dry,ViniMundi,87.0,750 ml,Glasflaska,Torrt vitt,Italien,,Ordervaror,28,"0102,0135,0151,0163,0176,0178,0201,0205,0206,0209,0210,0211,0213,0215,0217,0218,0221,0222,0225,0228,0229,0230,0231,0232,0236,0237,0238,0239"
7333201,Cava Parador Imperial Reserva,Anora Plc,109.0,750 ml,Glasflaska,Torrt vitt,Spanien,,Ordervaror,39,"0102,0132,0134,0135,0137,0147,0151,0163,0165,0167,0170,0171,0172,0173,0178,0179,0180,0201,0205,0206,0209,0210,0211,0213,0215,0217,0220,0221,0225,0226,0228,0229,0231,0232,0235,0236,0237,0238,0239"
8846101,Day & Night Pinot Noir,MPL Spa,149.0,750 ml,Lättare glasflaska,Kryddigt & Mustigt,Italien,Pinot noir,Ordervaror,30,"0102,0135,0143,0144,0151,0163,0170,0171,0172,0178,0180,0201,0202,0206,0209,0210,0211,0213,0215,0217,0218,0220,0221,0223,0225,0228,0231,0236,0237,0239"
7055001,La Scoperta Langhe Nebbiolo,Famiglia Occello,99.0,750 ml,Lättare glasflaska,Fruktigt & Smakrikt,Italien,,Ordervaror,37,"0102,0133,0134,0135,0140,0143,0163,0167,0170,0171,0172,0173,0174,0176,0179,0180,0201,0202,0206,0209,0210,0211,0213,0215,0217,0220,0221,0223,0224,0228,0229,0230,0231,0232,0237,0238,0239"
7825801,Merci Chardonnay,Les Chais du Plan Carré,99.0,750 ml,Lättare glasflaska,Fylligt & Smakrikt,Frankrike,Chardonnay,Ordervaror,23,"0102,0151,0163,0171,0173,0177,0178,0201,0205,0206,0207,0210,0211,0215,0217,0218,0221,0224,0228,0229,0231,0237,0238"
7561801,Ropiteau Chardonnay Grande Réserve,Ropiteau Frères,119.0,750 ml,Lättare glasflaska,Friskt & Fruktigt,Frankrike,Chardonnay,Ordervaror,27,"0102,0106,0107,0133,0135,0137,0140,0150,0163,0178,0180,0202,0204,0206,0210,0211,0213,0214,0215,0220,0221,0225,0228,0231,0235,0236,0237"
2017201,Stift Admont Sauvignon Blanc,Stift Admont,149.0,750 ml,Lättare glasflaska,Friskt & Fruktigt,Slovenien,Sauvignon blanc,Ordervaror,32,"0102,0106,0107,0114,0132,0135,0150,0168,0171,0173,0175,0179,0180,0182,0201,0204,0206,0207,0209,0211,0213,0214,0216,0217,0218,0219,0224,0225,0226,0229,0231,0232"
754401,Pirie Traditional Method,Brown Family Wine Group,199.0,750 ml,Glasflaska,Torrt vitt,Australien,"Pinot noir, Chardonnay",Ordervaror,39,"0102,0104,0106,0107,0110,0140,0145,0147,0150,0165,0167,0168,0172,0173,0174,0177,0178,0179,0180,0182,0201,0202,0208,0209,0211,0214,0215,0216,0217,0218,0219,0220,0222,0225,0226,0230,0232,0237,0238"
7595701,Villa Boschelo Sangiovese,Globus Wine,96.0,1000 ml,Lättare glasflaska,Fruktigt & Smakrikt,Italien,Sangiovese,Ordervaror,23,"0102,0134,0135,0151,0163,0167,0171,0176,0177,0178,0180,0201,0210,0211,0216,0217,0221,0223,0228,0229,0230,0231,0237"
7511901,Casa Capriolo Chianti,Casa Capriolo,99.0,1000 ml,Lättare glasflaska,Kryddigt & Mustigt,Italien,,Ordervaror,19,"0102,0135,0151,0172,0173,0175,0176,0177,0178,0206,0210,0211,0225,0228,0229,0232,0237,0238,0239"
7947701,Cecchi Rosso di Montalcino,Casa Vinicola Luigi Cecchi & Figli,149.0,750 ml,Glasflaska,Kryddigt & Mustigt,Italien,Sangiovese,Ordervaror,18,"0102,0132,0151,0172,0173,0180,0205,0210,0211,0213,0215,0218,0221,0224,0228,0230,0237,0238"
7545401,Roseblood d'Estoublon,Societe Agricole du Domaine D'Estoublon,179.0,750 ml,Glasflaska,Friskt & Bärigt,Frankrike,,Ordervaror,36,"0102,0106,0132,0135,0137,0143,0144,0147,0151,0163,0165,0171,0172,0173,0175,0176,0177,0178,0180,0201,0206,0209,0210,0211,0213,0215,0217,0221,0223,0225,0228,0229,0231,0237,0238,0239"
7967201,Cuvée 33 Coteaux Varois en Provence Rosé Organic,Icon Wines,99.0,750 ml,Lättare glasflaska,Fruktigt & Smakrikt,Frankrike,,Ordervaror,16,"0102,0104,0135,0140,0147,0151,0171,0210,0215,0217,0219,0220,0224,0225,0226,0234"
7541201,Nerello Mascalese Baglio Onuri,Felice & Armando Mergè Viticoltori,99.0,750 ml,Glasflaska,Kryddigt & Mustigt,Italien,Nerello mascalese,Ordervaror,19,"0102,0132,0134,0140,0167,0170,0171,0201,0204,0211,0214,0216,0217,0218,0221,0223,0224,0228,0238"
7012901,Schlossinger Riesling,Anora Group PLC,88.0,1000 ml,Lättare glasflaska,Friskt & Fruktigt,Tyskland,Riesling,Ordervaror,7,"0102,0202,0208,0217,0228,0232,0237"
7819301,Vieira Atlantica Albariño,Urban Wines,99.0,750 ml,Lättare glasflaska,Friskt & Fruktigt,Spanien,,Ordervaror,20,"0102,0104,0132,0133,0137,0140,0147,0151,0167,0171,0172,0173,0176,0180,0211,0213,0220,0228,0237,0239"
7532501,Frantzén & Cauble Bourgogne Blanc,Björn Frantzén,249.0,750 ml,Glasflaska,Fylligt & Smakrikt,Frankrike,Chardonnay,Ordervaror,15,"0102,0104,0107,0133,0140,0147,0171,0179,0206,0216,0220,0228,0230,0237,0238"
755501,Bonnet Grande Réserve Brut,Alexandre Bonnet,329.0,750 ml,Glasflaska,Torrt vitt,Frankrike,"Pinot noir, Chardonnay",Ordervaror,15,"0102,0104,0106,0114,0136,0138,0147,0165,0173,0179,0202,0204,0213,0217,0231"
7300001,Lepont & Fils Bourgogne Chardonnay,Urban Wines,99.0,750 ml,Lättare glasflaska,Friskt & Fruktigt,Frankrike,Chardonnay,Ordervaror,21,"0102,0104,0133,0137,0144,0147,0148,0151,0163,0165,0167,0201,0206,0211,0213,0215,0219,0228,0229,0237,0238"
7437301,Beaumont des Crayeres Fleur de Prestige,Beaumont des Crayeres,359.0,750 ml,Glasflaska,Torrt vitt,Frankrike,"Chardonnay, Pinot noir, Pinot meunier",Ordervaror,3,"0102,0140,0180"
7593101,Omakase Riesling Yugen Estate,Rubic Beverages AB,99.0,750 ml,Lättare glasflaska,Friskt & Fruktigt,Tyskland,Riesling,Ordervaror,4,"0102,0217,0220,0221"
9217801,Chambertin Grand Cru Domaine Trapet,Domaine Trapet,7999.0,750 ml,Glasflaska,,Frankrike,,Ordervaror,1,0102
7472301,Cuvée la Mer Rosé Pinot Noir,Les Chais du Plan Carré,119.0,750 ml,Glasflaska,Fruktigt & Smakrikt,Frankrike,Pinot noir,Ordervaror,3,"0102,0132,0217"
7324102,Nicolas Brobergière Brut,Urban Wines,159.0,375 ml,Glasflaska,Torrt vitt,Frankrike,,Ordervaror,6,"0102,0104,0113,0137,0213,0215"
2019801,Diente de Leon Skin Contact,Montlaiz,120.0,750 ml,Lättare glasflaska,Fylligt & Smakrikt,Argentina,,Fast sortiment,35,"0104,0114,0135,0140,0144,0150,0151,0168,0174,0176,0177,0178,0179,0182,0206,0208,0209,0211,0212,0213,0214,0215,0217,0218,0219,0221,0222,0225,0226,0228,0229,0231,0232,0237,0238"
276301,Kleine Zalze Heritage vineyards old vines chenin blanc,Kleine Zalze,149.0,750 ml,Lättare glasflaska,Friskt & Fruktigt,Sydafrika,Chenin blanc,Fast sortiment,33,"0104,0114,0135,0140,0150,0151,0168,0174,0176,0177,0178,0179,0182,0206,0208,0209,0211,0212,0213,0214,0215,0217,0218,0219,0221,0222,0225,0226,0228,0229,0232,0237,0238"
203201,Simonsig Chardonnay,Simonsig Estate,109.0,750 ml,Lättare glasflaska,Fylligt & Smakrikt,Sydafrika,Chardonnay,Fast sortiment,71,"0104,0106,0107,0110,0113,0114,0132,0133,0134,0135,0136,0137,0140,0143,0144,0145,0147,0148,0150,0151,0163,0165,0167,0168,0170,0171,0172,0173,0174,0175,0176,0177,0179,0180,0182,0201,0202,0204,0205,0206,0207,0208,0209,0210,0211,0212,0213,0214,0215,0216,0217,0218,0219,0221,0222,0223,0224,0225,0226,0227,0228,0229,0230,0231,0232,0234,0235,0236,0237,0238,0239"
5246801,Dominio Alto Reserva,Fields Wine Company AB,99.0,750 ml,Glasflaska,Kryddigt & Mustigt,Spanien,,Fast sortiment,69,"0104,0107,0113,0114,0132,0133,0134,0135,0136,0137,0140,0143,0144,0145,0147,0148,0150,0151,0163,0165,0167,0168,0170,0171,0172,0173,0174,0175,0176,0177,0178,0179,0180,0182,0201,0202,0204,0205,0206,0207,0208,0209,0210,0211,0212,0213,0214,0215,0216,0217,0218,0219,0221,0222,0223,0225,0226,0227,0228,0229,0230,0231,0232,0234,0235,0236,0237,0238,0239"
770602,Asti Martini,Martini Rossi,59.0,375 ml,Glasflaska,Sött,Italien,Muscat,Fast sortiment,41,"0104,0114,0135,0140,0148,0150,0151,0168,0174,0176,0177,0178,0179,0182,0205,0206,0208,0209,0210,0211,0212,0213,0214,0215,0217,0218,0219,0222,0223,0225,0226,0227,0228,0229,0232,0234,0235,0236,0237,0238,0239"
7247901,Lisa 1503 Sangiovese Primitivo,Nordic Sea Winery,109.0,1000 ml,Lättare glasflaska,Fruktigt & Smakrikt,Italien,"Primitivo, Sangiovese",Fast sortiment,44,"0104,0114,0134,0135,0140,0148,0150,0151,0168,0171,0174,0176,0177,0178,0179,0182,0202,0205,0206,0208,0209,0210,0211,0212,0213,0214,0215,0217,0218,0219,0222,0223,0225,0226,0227,0228,0229,0232,0234,0235,0236,0237,0238,0239"
7717601,Berså Spumante Brut,The Wine & Spirit Collective,99.0,750 ml,Glasflaska,Torrt vitt,Italien,"Chardonnay, Glera",Fast sortiment,53,"0104,0114,0134,0135,0137,0140,0148,0150,0151,0163,0168,0170,0171,0172,0173,0174,0175,0176,0177,0178,0179,0180,0182,0202,0205,0206,0208,0209,0210,0211,0212,0213,0214,0215,0216,0217,0218,0219,0221,0222,0223,0225,0226,0228,0229,0230,0232,0234,0235,0236,0237,0238,0239"
7013101,Jean-Claude Boisset Bourgogne Chardonnay Les Ursulines,Jean-Claude Boisset,189.0,750 ml,Glasflaska,Fylligt & Smakrikt,Frankrike,Chardonnay,Fast sortiment,47,"0104,0114,0134,0135,0140,0148,0150,0151,0168,0170,0171,0174,0175,0176,0177,0178,0179,0182,0202,0205,0206,0208,0209,0210,0211,0212,0213,0214,0215,0217,0218,0219,0220,0222,0223,0225,0226,0227,0228,0229,0232,0234,0235,0236,0237,0238,0239"
699604,Torres Coronas Tempranillo,Miguel Torres,39.0,250 ml,Lättare glasflaska,Kryddigt & Mustigt,Spanien,Tempranillo,Fast sortiment,45,"0104,0113,0114,0134,0135,0140,0148,0150,0151,0167,0168,0171,0174,0176,0177,0178,0179,0182,0202,0205,0206,0208,0209,0210,0211,0212,0213,0214,0215,0217,0218,0219,0222,0223,0225,0226,0228,0229,0230,0232,0234,0235,0236,0237,0238"
2019901,Jacob's Creek Organic Shiraz Cabernet,Vinarchy,90.0,750 ml,Lättare glasflaska,Fruktigt & Smakrikt,Australien,"Cabernet sauvignon, Shiraz",Fast sortiment,42,"0104,0114,0134,0135,0140,0148,0150,0151,0168,0174,0176,0177,0178,0179,0182,0205,0206,0208,0209,0210,0211,0212,0213,0214,0215,0217,0218,0219,0222,0223,0225,0226,0227,0228,0229,0232,0234,0235,0236,0237,0238,0239"
5790501,Myth Red Blend,Providential Wines & Spirits AB,119.0,750 ml,Glasflaska,Fruktigt & Smakrikt,Italien,,Fast sortiment,42,"0104,0114,0134,0135,0140,0148,0150,0151,0168,0171,0174,0176,0177,0178,0179,0182,0202,0205,0206,0208,0209,0210,0211,0212,0213,0214,0215,0217,0218,0219,0220,0223,0225,0226,0228,0232,0234,0235,0236,0237,0238,0239"
267001,René Barbier Viña Augusta,René Barbier,79.0,750 ml,Lättare glasflaska,Lätt & Avrundat,Spanien,"Macabeo, Moscatel, Parellada, Xarel-lo",Fast sortiment,38,"0104,0114,0135,0140,0148,0150,0151,0168,0174,0177,0178,0182,0205,0206,0208,0209,0210,0211,0212,0213,0214,0215,0217,0218,0219,0222,0223,0225,0226,0228,0229,0231,0232,0234,0235,0236,0237,0238"
640301,De Bortoli Gewürztraminer Riesling,De Bortoli,99.0,750 ml,Lättare glasflaska,Druvigt & Blommigt,Australien,"Gewürztraminer, Riesling",Fast sortiment,43,"0104,0114,0134,0135,0140,0148,0150,0151,0168,0171,0174,0176,0177,0178,0179,0182,0202,0205,0206,0208,0209,0210,0211,0212,0213,0214,0215,0217,0218,0219,0222,0223,0225,0226,0228,0229,0232,0234,0235,0236,0237,0238,0239"
217002,Navarro Correas Reserve Malbec,Navarro Correas,69.0,375 ml,Lättare glasflaska,Fruktigt & Smakrikt,Argentina,Malbec,Fast sortiment,43,"0104,0114,0134,0135,0140,0148,0150,0151,0167,0168,0171,0173,0174,0176,0177,0178,0179,0182,0202,0206,0207,0208,0209,0210,0211,0212,0213,0214,0215,0217,0218,0219,0222,0223,0225,0226,0228,0229,0230,0232,0234,0237,0238"
787902,Gancia Prosecco Brut,Gancia,76.0,375 ml,Glasflaska,Torrt vitt,Italien,Glera,Fast sortiment,32,"0104,0114,0135,0136,0148,0150,0151,0168,0177,0178,0182,0205,0206,0208,0209,0210,0214,0217,0218,0219,0222,0223,0225,0226,0227,0228,0229,0234,0235,0236,0237,0239"
7101501,Pazzione Riesling by Pernilla Wahlgren,Weinmanufaktur Frey,109.0,750 ml,Glasflaska,Friskt & Fruktigt,Tyskland,Riesling,Fast sortiment,38,"0104,0114,0135,0140,0148,0150,0151,0168,0176,0177,0178,0182,0205,0206,0207,0208,0209,0210,0212,0213,0214,0217,0218,0219,0220,0222,0223,0225,0226,0228,0229,0232,0234,0235,0236,0237,0238,0239"
5000501,Yoko Riesling Organic Fair'n Green,Anora Group PLC,139.0,750 ml,Lättare glasflaska,Friskt & Fruktigt,Tyskland,Riesling,Fast sortiment,29,"0104,0114,0135,0148,0150,0151,0168,0177,0178,0182,0205,0206,0208,0209,0210,0214,0217,0218,0219,0222,0223,0225,0226,0228,0229,0234,0235,0236,0237"
252601,Domaine Bousquet White Brut,Domaine Bousquet,140.0,750 ml,Lättare glasflaska,Torrt vitt,Argentina,"Chardonnay, Pinot noir",Fast sortiment,58,"0104,0106,0107,0110,0113,0114,0132,0133,0135,0136,0137,0140,0143,0144,0147,0150,0151,0163,0165,0167,0168,0170,0173,0174,0175,0176,0177,0178,0179,0180,0182,0202,0204,0206,0207,0208,0209,0211,0212,0213,0214,0215,0216,0217,0218,0219,0221,0222,0224,0225,0226,0228,0229,0230,0231,0232,0237,0238"
741002,Dopff Brut Cuvée Julien,Dopff au Moulin,92.0,375 ml,Glasflaska,Torrt vitt,Frankrike,"Auxerrois, Pinot blanc",Fast sortiment,55,"0104,0106,0107,0114,0132,0134,0135,0137,0138,0140,0144,0148,0150,0151,0165,0168,0171,0172,0174,0176,0177,0178,0179,0182,0202,0204,0205,0207,0208,0209,0210,0211,0212,0213,0214,0215,0217,0218,0219,0220,0221,0222,0225,0226,0227,0228,0229,0230,0231,0232,0234,0235,0236,0237,0238"
770801,Gardo & Morris Brut Sauvignon Blanc,Gardo Morris Wines,129.0,750 ml,Lättare glasflaska,Torrt vitt,Nya Zeeland,Sauvignon blanc,Fast sortiment,49,"0104,0106,0107,0114,0132,0134,0135,0136,0137,0140,0147,0150,0151,0168,0171,0174,0175,0176,0177,0178,0179,0180,0182,0202,0204,0205,0206,0208,0209,0210,0211,0212,0213,0214,0215,0217,0218,0219,0222,0224,0225,0226,0228,0229,0230,0231,0232,0237,0238"
266604,Frontera Cabernet Sauvignon,Concha y Toro,35.0,250 ml,Lättare glasflaska,Fruktigt & Smakrikt,Chile,Cabernet sauvignon,Fast sortiment,36,"0104,0114,0135,0140,0148,0150,0151,0168,0174,0176,0177,0178,0179,0182,0206,0208,0209,0210,0211,0212,0213,0214,0215,0217,0218,0219,0220,0222,0225,0226,0228,0229,0232,0234,0237,0238"
629301,Moonlight Manor Chenin Blanc Sauvignon Blanc,Origin Wine Stellenbosch,99.0,750 ml,Lättare glasflaska,Friskt & Fruktigt,Sydafrika,"Chenin blanc, Sauvignon blanc, Viognier",Fast sortiment,41,"0104,0114,0134,0135,0137,0140,0145,0150,0151,0168,0171,0174,0176,0177,0178,0179,0180,0182,0201,0202,0206,0208,0209,0210,0211,0212,0213,0214,0215,0217,0218,0219,0222,0225,0226,0228,0229,0230,0232,0237,0238"
723001,Relax Riesling,Schmitt Söhne,80.0,750 ml,Lättare glasflaska,Druvigt & Blommigt,Tyskland,Riesling,Fast sortiment,36,"0104,0114,0134,0135,0148,0150,0151,0168,0171,0176,0177,0178,0179,0182,0202,0205,0206,0208,0209,0210,0212,0214,0217,0218,0219,0222,0223,0225,0226,0228,0229,0232,0234,0235,0236,0237"
277301,Briccotondo Barbera,Fontanafredda,109.0,750 ml,Lättare glasflaska,Fruktigt & Smakrikt,Italien,Barbera,Fast sortiment,62,"0104,0106,0107,0113,0114,0132,0133,0134,0135,0136,0137,0140,0143,0144,0145,0147,0150,0151,0163,0165,0167,0168,0170,0171,0172,0173,0174,0175,0176,0177,0178,0179,0180,0182,0202,0204,0206,0207,0208,0209,0210,0211,0212,0213,0214,0215,0216,0217,0218,0219,0221,0222,0224,0225,0226,0228,0229,0230,0231,0232,0237,0238"
7606004,JP Chenet ICE Sparkling Rosé,Les Grands Chais de France,40.0,200 ml,Glasflaska,Rosé,Frankrike,,Fast sortiment,31,"0104,0114,0135,0148,0150,0151,0168,0177,0178,0182,0205,0206,0208,0209,0210,0214,0215,0217,0218,0219,0222,0223,0225,0226,0228,0229,0230,0234,0235,0236,0237"
7567201,Iron Maiden Darkest Red,Van Zeller Wine Collection SA,139.0,750 ml,Glasflaska,Fruktigt & Smakrikt,Portugal,"Tinta roriz, Touriga franca, Touriga naçional, Tinto cao",Fast sortiment,31,"0104,0114,0135,0148,0150,0151,0168,0177,0178,0182,0205,0206,0208,0209,0210,0214,0215,0217,0218,0219,0222,0223,0225,0226,0228,0229,0232,0234,0235,0236,0237"
211301,McManis Toasted Oak Red Wine,McManis Family Vineyards,119.0,750 ml,Lättare glasflaska,Fruktigt & Smakrikt,USA,"Petit verdot, Petite sirah, Tannat, Teroldego",Fast sortiment,30,"0104,0114,0134,0136,0140,0150,0151,0171,0174,0176,0178,0179,0202,0206,0208,0209,0211,0212,0213,0215,0217,0222,0226,0228,0229,0230,0232,0234,0237,0238"
7454301,Riunite Lambrusco Farfalle,Cantine Riunite,105.0,750 ml,Glasflaska,Sött,Italien,,Fast sortiment,41,"0104,0107,0133,0134,0135,0144,0147,0150,0163,0165,0168,0170,0171,0172,0174,0177,0178,0182,0204,0206,0207,0208,0209,0210,0214,0216,0217,0218,0219,0222,0225,0226,0227,0228,0229,0230,0231,0234,0235,0236,0239"
2010702,Château Tirecul La Gravière Les Pins,Bruno Bilancini El,115.0,375 ml,Glasflaska,Sött,Frankrike,,Fast sortiment,50,"0104,0106,0107,0113,0114,0132,0135,0136,0140,0145,0147,0150,0151,0165,0167,0168,0173,0174,0175,0176,0177,0178,0179,0180,0182,0201,0206,0207,0208,0209,0211,0212,0213,0214,0215,0216,0217,0218,0219,0220,0222,0225,0226,0228,0229,0230,0231,0232,0237,0238"
313434,Foot of Africa Rosé,Kleine Zalze,49.0,250 ml,Burk,Friskt & Bärigt,Sydafrika,,Fast sortiment,26,"0104,0114,0134,0140,0151,0168,0174,0178,0182,0206,0208,0211,0212,0213,0215,0217,0218,0219,0222,0225,0226,0228,0229,0232,0237,0238"
538301,Patriarche Chablis Cuvée Léonce Bocquet,Patriarche Père & Fils,189.0,750 ml,Lättare glasflaska,Friskt & Fruktigt,Frankrike,Chardonnay,Fast sortiment,42,"0104,0114,0134,0135,0140,0150,0151,0167,0168,0170,0171,0173,0174,0175,0176,0177,0178,0179,0182,0202,0206,0208,0209,0210,0211,0212,0213,0214,0215,0217,0218,0219,0220,0222,0225,0226,0228,0229,0230,0232,0237,0238"
2006734,Fiuza Castelão,Fiuza & Bright,39.0,250 ml,Burk,Fruktigt & Smakrikt,Portugal,Castelão,Fast sortiment,40,"0104,0113,0114,0134,0135,0136,0137,0140,0150,0151,0168,0171,0174,0176,0177,0178,0179,0182,0201,0202,0206,0208,0209,0211,0212,0213,0214,0215,0217,0218,0219,0220,0222,0225,0226,0228,0229,0232,0237,0238"
268602,Sangre de Toro Reserva Organic,Miguel Torres,59.0,375 ml,Glasflaska,Kryddigt & Mustigt,Spanien,"Cariñena, Garnacha, Syrah",Fast sortiment,38,"0104,0114,0134,0135,0140,0150,0151,0168,0171,0174,0176,0177,0178,0179,0182,0202,0206,0208,0209,0210,0211,0212,0213,0214,0215,0217,0218,0219,0220,0222,0225,0226,0228,0229,0232,0234,0237,0238"
7606001,JP Chenet ICE Sparkling Rosé,Les Grands Chais de France,99.0,750 ml,Glasflaska,Rosé,Frankrike,,Fast sortiment,38,"0104,0114,0134,0135,0140,0150,0151,0168,0171,0174,0176,0177,0178,0179,0182,0202,0206,0208,0209,0210,0211,0212,0213,0214,0215,0217,0218,0219,0220,0222,0225,0226,0228,0229,0232,0234,0237,0238"
7274901,Pizzolato Vino Spumante Pinot Grigio Organic,La Cantina Pizzolato,99.0,750 ml,Glasflaska,Torrt vitt,Italien,Pinot grigio,Fast sortiment,30,"0104,0114,0135,0150,0151,0168,0171,0177,0178,0182,0206,0207,0208,0209,0210,0212,0214,0217,0218,0219,0220,0222,0225,0226,0228,0229,0232,0234,0237,0239"
223301,Château Pech-Latt,Château Pech-Latt,169.0,750 ml,Lättare glasflaska,Fruktigt & Smakrikt,Frankrike,"Grenache, Syrah, Carignan, Marselan",Fast sortiment,31,"0104,0106,0114,0134,0140,0150,0151,0168,0174,0175,0176,0178,0179,0202,0206,0208,0209,0211,0212,0213,0215,0217,0219,0225,0226,0228,0229,0230,0232,0237,0238"
2011201,Lunadoro Rosso di Montepulciano Organic,Schenk Italia Spa,99.0,750 ml,Lättare glasflaska,Kryddigt & Mustigt,Italien,,Fast sortiment,41,"0104,0106,0107,0110,0114,0134,0135,0136,0140,0150,0151,0168,0171,0174,0176,0177,0178,0179,0182,0201,0202,0206,0208,0209,0211,0212,0213,0214,0215,0217,0218,0219,0222,0225,0226,0228,0229,0230,0232,0237,0238"
645002,Novas Gran Reserva Cabernet Sauvignon Malbec,Viñedos Emiliana,69.0,375 ml,Glasflaska,Fruktigt & Smakrikt,Chile,"Cabernet sauvignon, Malbec",Fast sortiment,37,"0104,0114,0134,0135,0140,0150,0151,0168,0171,0174,0176,0177,0178,0179,0182,0202,0206,0208,0209,0210,0211,0212,0213,0214,0215,0217,0218,0219,0220,0222,0225,0226,0228,0229,0232,0237,0238"
657815,District 7 Pinot Noir,Scheid Family Wines,79.0,375 ml,Burk,Kryddigt & Mustigt,USA,Pinot noir,Fast sortiment,28,"0104,0106,0107,0114,0137,0140,0151,0174,0175,0176,0179,0182,0202,0204,0207,0208,0211,0212,0213,0214,0215,0218,0220,0222,0224,0232,0237,0238"
694201,Rawson's Retreat Shiraz Cabernet,Rawson's Retreat,89.0,750 ml,Lättare glasflaska,Fruktigt & Smakrikt,Australien,"Cabernet sauvignon, Shiraz",Fast sortiment,42,"0104,0106,0107,0114,0134,0135,0140,0145,0150,0151,0165,0168,0170,0171,0174,0176,0177,0178,0179,0180,0182,0202,0206,0208,0209,0211,0212,0213,0214,0215,0217,0218,0219,0222,0225,0226,0228,0229,0230,0232,0237,0238"
250702,Portuga Reserva,Quinta do Conde,69.0,375 ml,Glasflaska,Fruktigt & Smakrikt,Portugal,Touriga naçional,Fast sortiment,35,"0104,0114,0135,0140,0150,0151,0168,0174,0176,0177,0178,0179,0182,0202,0206,0208,0209,0210,0211,0212,0213,0214,0215,0217,0218,0219,0220,0222,0225,0226,0228,0229,0232,0237,0238"
558502,Petit Chablis La Chablisienne,La Chablisienne,99.0,375 ml,Glasflaska,Friskt & Fruktigt,Frankrike,Chardonnay,Fast sortiment,36,"0104,0114,0134,0135,0140,0150,0151,0168,0171,0174,0176,0177,0178,0179,0182,0206,0208,0209,0210,0211,0212,0213,0214,0215,0217,0218,0219,0222,0225,0226,0228,0229,0230,0232,0237,0238"
9364334,Naturalis Organic Rosé,Angove's,49.0,250 ml,Burk,Fruktigt & Smakrikt,Australien,Shiraz,Tillfälligt sortiment,42,"0104,0106,0107,0110,0113,0114,0132,0133,0134,0136,0138,0144,0145,0147,0151,0165,0167,0168,0170,0172,0174,0175,0177,0178,0179,0180,0201,0202,0209,0211,0212,0215,0216,0220,0221,0224,0228,0230,0231,0232,0237,0238"
796414,Fontän Bubblande Rosévin,Kiviks Musteri,40.0,200 ml,Burk,Rosé,Spanien,Bobal,Fast sortiment,13,"0104,0114,0151,0206,0208,0209,0210,0214,0217,0222,0227,0229,0237"
2018201,Casa de Cambres Reserva Red,"Solar de Cambres, LDA",129.0,750 ml,Lättare glasflaska,Fruktigt & Smakrikt,Portugal,"Tinta roriz, Touriga franca, Touriga naçional",Fast sortiment,40,"0104,0107,0110,0114,0133,0140,0145,0148,0150,0151,0168,0170,0173,0174,0176,0177,0178,0179,0182,0204,0206,0208,0209,0210,0211,0212,0213,0214,0215,0216,0217,0219,0222,0225,0226,0227,0228,0229,0232,0237"
5111701,Pinot Noir for you and for me,Globus Wine,79.0,750 ml,Glasflaska,Mjukt & Bärigt,Moldavien,Pinot noir,Fast sortiment,28,"0104,0113,0135,0150,0168,0174,0177,0178,0182,0202,0206,0208,0209,0210,0213,0214,0217,0218,0219,0222,0225,0226,0228,0229,0230,0232,0234,0238"
7949901,White Marlin Islands Sauvignon Blanc,Vinimundi AB,105.0,1000 ml,Lättare glasflaska,Friskt & Fruktigt,Nya Zeeland,Sauvignon blanc,Fast sortiment,36,"0104,0114,0134,0135,0140,0151,0167,0170,0171,0173,0174,0175,0176,0178,0179,0180,0182,0202,0206,0209,0210,0211,0212,0213,0215,0217,0218,0219,0222,0226,0228,0229,0230,0232,0237,0238"
9339801,Temjanika Luda Mara,Vinarska Vizba Tikves AD Kavadarci,141.0,750 ml,Glasflaska,Friskt & Fruktigt,Nordmakedonien,Tamjanika,Tillfälligt sortiment,39,"0104,0106,0107,0110,0113,0114,0132,0133,0134,0135,0136,0137,0140,0143,0147,0148,0163,0165,0167,0170,0172,0176,0179,0180,0202,0204,0209,0210,0212,0213,0215,0216,0222,0223,0224,0226,0228,0229,0238"
7161001,KWV Cuvée Rosé,KWV,79.0,750 ml,Glasflaska,Rosé,Sydafrika,,Fast sortiment,17,"0104,0107,0114,0150,0151,0179,0182,0205,0206,0208,0209,0212,0219,0225,0226,0232,0239"
115201,Voyage Blanc Sauvignon Blanc Fumé,Couleurs d'Aquitaine,99.0,750 ml,Lättare glasflaska,Fylligt & Smakrikt,Frankrike,Sauvignon blanc,Fast sortiment,18,"0104,0114,0151,0174,0176,0178,0179,0202,0206,0209,0212,0213,0215,0217,0222,0226,0228,0237"
278401,Raza Torrontés Pinot Grigio Organic,La Riojana Coop,89.0,750 ml,Lättare glasflaska,Druvigt & Blommigt,Argentina,"Torrontés, Pinot gris",Fast sortiment,13,"0104,0114,0151,0178,0206,0209,0217,0222,0226,0228,0229,0232,0237"
743002,Jeanmaire Brut,Jeanmaire,197.0,375 ml,Glasflaska,Torrt vitt,Frankrike,"Pinot noir, Chardonnay, Pinot meunier",Fast sortiment,25,"0104,0114,0135,0150,0151,0168,0177,0178,0182,0206,0208,0209,0210,0214,0217,0218,0219,0222,0223,0225,0226,0228,0229,0234,0237"
240801,Nanit Orange Organic,Hammeken Cellars,99.0,750 ml,Lättare glasflaska,Fylligt & Smakrikt,Spanien,Viura,Fast sortiment,16,"0104,0114,0151,0163,0167,0170,0175,0179,0202,0217,0228,0229,0231,0232,0237,0238"
796501,Onbrina Prosecco di Conegliano Valdobbiadene,The Wine People Srl,119.0,750 ml,Lättare glasflaska,Torrt vitt,Italien,"Glera, Chardonnay",Fast sortiment,23,"0104,0110,0114,0134,0140,0151,0167,0171,0173,0174,0176,0179,0202,0211,0212,0213,0215,0217,0222,0228,0230,0232,0237"
7930701,Juan Gil Silver Label,Bodegas Juan Gil,159.0,750 ml,Lättare glasflaska,Kryddigt & Mustigt,Spanien,Monastrell,Fast sortiment,27,"0104,0107,0110,0114,0134,0136,0140,0145,0151,0167,0171,0174,0176,0177,0179,0180,0202,0211,0212,0213,0215,0222,0230,0231,0232,0237,0238"
268001,Manifesto Nero d'Avola,Nordic Sea Winery,99.0,750 ml,Glasflaska,Fruktigt & Smakrikt,Italien,"Nero d'avola, Cabernet sauvignon",Fast sortiment,35,"0104,0107,0114,0134,0140,0150,0151,0165,0167,0171,0173,0174,0176,0178,0179,0180,0182,0202,0206,0209,0211,0212,0213,0215,0217,0218,0219,0222,0226,0228,0229,0230,0232,0237,0238"
5008201,El Mar Cava Rosé Brut,Vinimundi AB,98.0,750 ml,Glasflaska,Rosé,Spanien,,Fast sortiment,21,"0104,0135,0150,0151,0168,0177,0178,0182,0206,0208,0210,0214,0217,0218,0219,0222,0225,0226,0228,0229,0237"
238014,Lubanzi Chenin Blanc,Lubanzi Wines,35.0,250 ml,Burk,Friskt & Fruktigt,Sydafrika,Chenin blanc,Fast sortiment,22,"0104,0110,0134,0140,0151,0167,0171,0173,0176,0179,0202,0211,0212,0213,0215,0217,0220,0228,0230,0232,0237,0238"
281201,Casas Patronales Gran Reserva Carmenère,Casas Patronales,129.0,750 ml,Lättare glasflaska,Fruktigt & Smakrikt,Chile,Carmenère,Fast sortiment,28,"0104,0106,0107,0110,0114,0133,0140,0144,0151,0173,0174,0176,0179,0201,0204,0207,0211,0212,0213,0214,0215,0217,0224,0226,0228,0232,0237,0238"
284201,Cecchi Organic Chianti Classico,Casa Vinicola Luigi Cecchi & Figli,169.0,750 ml,Lättare glasflaska,Kryddigt & Mustigt,Italien,"Cabernet sauvignon, Sangiovese",Fast sortiment,23,"0104,0110,0135,0148,0150,0168,0177,0178,0179,0182,0206,0208,0209,0214,0217,0218,0219,0222,0225,0226,0228,0229,0237"
749601,Jacob's Creek Organic Chardonnay,Vinarchy,89.0,750 ml,Lättare glasflaska,Friskt & Fruktigt,Australien,Chardonnay,Fast sortiment,33,"0104,0106,0114,0134,0140,0150,0151,0171,0174,0176,0178,0179,0182,0202,0206,0208,0209,0211,0212,0213,0215,0217,0218,0219,0222,0226,0228,0229,0230,0232,0234,0237,0238"
772101,Ferrari Brut Organic,Ferrari,195.0,750 ml,Glasflaska,Torrt vitt,Italien,Chardonnay,Fast sortiment,29,"0104,0114,0134,0136,0138,0140,0151,0171,0172,0174,0176,0178,0179,0202,0206,0209,0211,0212,0213,0215,0217,0222,0226,0228,0229,0230,0232,0237,0238"
9294534,Meinklang Knusprig Grüner Veltliner,Djuce YesWeCan SL,71.0,250 ml,Burk,Friskt & Fruktigt,Österrike,Grüner veltliner,Tillfälligt sortiment,33,"0104,0106,0107,0110,0113,0114,0132,0133,0138,0143,0145,0167,0173,0175,0178,0179,0180,0201,0204,0206,0210,0211,0212,0215,0216,0220,0221,0223,0224,0228,0230,0237,0238"
294201,Rubesco Lungarotti,Lungarotti,119.0,750 ml,Lättare glasflaska,Kryddigt & Mustigt,Italien,"Colorino, Sangiovese",Fast sortiment,21,"0104,0114,0134,0140,0144,0151,0168,0171,0174,0176,0179,0202,0211,0212,0213,0215,0217,0228,0232,0237,0238"
7052601,Gabriel Meffre Côtes-du-Rhône Terra,Gabriel Meffre,119.0,750 ml,Lättare glasflaska,Fruktigt & Smakrikt,Frankrike,"Cinsault, Grenache, Syrah",Fast sortiment,23,"0104,0107,0114,0134,0136,0138,0140,0151,0171,0173,0174,0176,0179,0202,0211,0212,0213,0215,0230,0231,0232,0237,0238"
7918501,Boira Pecorino,Cantine Volpi,99.0,750 ml,Lättare glasflaska,Friskt & Fruktigt,Italien,Pecorino,Fast sortiment,30,"0104,0114,0134,0140,0143,0151,0171,0172,0174,0176,0178,0179,0182,0202,0206,0209,0211,0212,0213,0215,0217,0218,0219,0222,0226,0228,0229,0232,0237,0238"
668001,Cono Sur Bicicleta Gewürztraminer,Viña Cono Sur,79.0,750 ml,Glasflaska,Druvigt & Blommigt,Chile,Gewürztraminer,Fast sortiment,28,"0104,0114,0134,0140,0151,0171,0174,0176,0178,0179,0202,0206,0209,0211,0212,0213,0215,0217,0218,0221,0222,0226,0228,0229,0230,0232,0237,0238"
2315301,Weinwurm Gemischter Satz,Weingut Georg Weinwurm,119.0,750 ml,Lättare glasflaska,Friskt & Fruktigt,Österrike,"Grüner veltliner, Pinot blanc, Welschriesling, Muskateller",Fast sortiment,18,"0104,0114,0134,0140,0151,0167,0171,0174,0176,0179,0202,0211,0212,0213,0215,0232,0237,0238"
2280001,Paul Jaboulet Parallèle 45 Rouge,Paul Jaboulet Ainé,119.0,750 ml,Lättare glasflaska,Kryddigt & Mustigt,Frankrike,"Grenache, Syrah, Marselan, Carignan",Fast sortiment,21,"0104,0114,0133,0134,0140,0151,0165,0171,0172,0173,0174,0176,0179,0202,0211,0212,0213,0215,0230,0232,0237"
7992501,Laroche Chablis,Domaine Laroche,190.0,750 ml,Glasflaska,Friskt & Fruktigt,Frankrike,Chardonnay,Fast sortiment,31,"0104,0114,0134,0136,0140,0150,0151,0174,0176,0178,0179,0182,0202,0206,0209,0211,0212,0213,0214,0215,0217,0218,0219,0220,0222,0226,0228,0232,0234,0237,0238"
306534,Grand Sud Blanc,Les Grands Chais de France,35.0,250 ml,Burk,Friskt & Fruktigt,Frankrike,"Colombard, Sauvignon blanc",Fast sortiment,26,"0104,0114,0134,0151,0171,0176,0178,0179,0182,0202,0206,0209,0212,0213,0215,0217,0218,0219,0222,0226,0228,0229,0230,0232,0237,0238"
647001,Mas Louise,Duseigneur,125.0,750 ml,Lättare glasflaska,Kryddigt & Mustigt,Frankrike,"Grenache, Syrah",Fast sortiment,18,"0104,0114,0134,0140,0151,0171,0174,0176,0179,0202,0211,0212,0213,0215,0230,0232,0237,0238"
1210501,Hubert Beck Grande Réserve Pinot Gris,Hubert Beck,125.0,750 ml,Glasflaska,Druvigt & Blommigt,Frankrike,Pinot gris,Fast sortiment,33,"0104,0106,0114,0134,0140,0145,0151,0165,0167,0168,0170,0171,0172,0173,0174,0175,0176,0178,0179,0202,0209,0211,0212,0213,0215,0217,0222,0226,0228,0230,0232,0237,0238"
275901,Chinon Fabien Demois,Earl Demois,129.0,750 ml,Lättare glasflaska,Fruktigt & Smakrikt,Frankrike,,Fast sortiment,19,"0104,0107,0114,0134,0136,0138,0140,0151,0174,0176,0179,0202,0211,0212,0213,0215,0232,0237,0238"
7021501,Bolla Le Poiane Amarone,Bolla,289.0,750 ml,Glasflaska,Kryddigt & Mustigt,Italien,"Corvina, Rondinella, Corvinone",Fast sortiment,26,"0104,0113,0114,0140,0148,0151,0171,0176,0178,0202,0206,0208,0209,0210,0212,0214,0215,0216,0217,0218,0219,0222,0226,0228,0232,0237"
246001,Alamos Organic Malbec,Alamos Wines (Bodegas Esmeralda S.A.),129.0,750 ml,Lättare glasflaska,Fruktigt & Smakrikt,Argentina,Malbec,Fast sortiment,15,"0104,0114,0140,0151,0174,0176,0179,0211,0212,0213,0215,0228,0232,0237,0238"
7974601,Pôpa Contos da Terra,Quinta do Popa,120.0,750 ml,Lättare glasflaska,Friskt & Fruktigt,Portugal,,Fast sortiment,25,"0104,0114,0134,0140,0151,0171,0174,0176,0178,0179,0202,0206,0209,0211,0212,0213,0215,0217,0222,0226,0228,0229,0232,0237,0238"
770101,Rotari Gran Rosé Brut,Mezzacorona,139.0,750 ml,Glasflaska,Rosé,Italien,"Chardonnay, Pinot noir",Fast sortiment,48,"0104,0106,0107,0110,0113,0114,0132,0133,0134,0136,0137,0138,0140,0143,0144,0145,0147,0151,0163,0165,0167,0170,0171,0172,0173,0174,0175,0179,0180,0201,0202,0204,0207,0211,0212,0213,0215,0216,0217,0221,0223,0224,0228,0230,0231,0232,0237,0238"
2017901,Montespina Verdejo,Avelino Vegas,99.0,750 ml,Lättare glasflaska,Friskt & Fruktigt,Spanien,Verdejo,Fast sortiment,27,"0104,0106,0107,0114,0138,0140,0145,0150,0151,0168,0174,0176,0178,0179,0206,0209,0211,0212,0213,0215,0217,0226,0228,0229,0232,0237,0238"
1644301,Wolf Blass Eaglehawk Chardonnay,Wolf Blass,75.0,750 ml,Lättare glasflaska,Fylligt & Smakrikt,Australien,Chardonnay,Fast sortiment,26,"0104,0114,0134,0140,0151,0171,0174,0176,0178,0179,0202,0206,0209,0211,0212,0213,0215,0217,0222,0226,0228,0229,0230,0232,0237,0238"
243401,Hope Chenin Blanc,Du Toitskloof Cellar,99.0,750 ml,Lättare glasflaska,Friskt & Fruktigt,Sydafrika,Chenin blanc,Fast sortiment,7,"0104,0114,0151,0232,0237,0238,0239"
275701,El Coto Crianza Organic,El Coto de Rioja,119.0,750 ml,Lättare glasflaska,Kryddigt & Mustigt,Spanien,Tempranillo,Fast sortiment,6,"0104,0114,0140,0176,0217,0228"
267801,Faustino I Gran Reserva,Faustino Martínez,199.0,750 ml,Glasflaska,Kryddigt & Mustigt,Spanien,Tempranillo,Fast sortiment,30,"0104,0114,0134,0135,0140,0150,0151,0171,0174,0176,0178,0179,0182,0202,0206,0209,0211,0212,0213,0215,0216,0217,0218,0219,0222,0226,0228,0232,0237,0238"
431801,Domäne Wachau Riesling Selection,Domäne Wachau,129.0,750 ml,Lättare glasflaska,Friskt & Fruktigt,Österrike,Riesling,Fast sortiment,11,"0104,0114,0140,0151,0179,0211,0212,0222,0230,0232,0237"
211001,Motif Red Hills Cabernet Sauvignon,Precision Wine Company,120.0,750 ml,Lättare glasflaska,Fruktigt & Smakrikt,USA,Cabernet sauvignon,Fast sortiment,8,"0104,0114,0151,0202,0217,0228,0231,0237"
255001,Domaine Helena Mount St Helena Vineyard Cabernet Sauvignon,Domaine Helena,249.0,750 ml,Glasflaska,Fruktigt & Smakrikt,USA,Cabernet sauvignon,Fast sortiment,38,"0104,0106,0110,0114,0135,0143,0147,0150,0151,0165,0167,0168,0171,0173,0174,0175,0176,0177,0178,0179,0180,0182,0201,0207,0208,0212,0214,0215,0217,0219,0220,0221,0222,0225,0228,0229,0232,0237"
5666301,Ruida Domo Cava Brut Nature,Enjoy Wine & Spirits,99.0,750 ml,Glasflaska,Torrt vitt,Spanien,"Macabeo, Parellada",Fast sortiment,28,"0104,0114,0134,0140,0143,0144,0151,0167,0171,0173,0174,0176,0178,0179,0180,0202,0208,0209,0211,0212,0213,0215,0226,0230,0231,0232,0237,0238"
580201,Deep Roots Riesling,Drei Winner GmbH,109.0,750 ml,Lättare glasflaska,Friskt & Fruktigt,Tyskland,Riesling,Fast sortiment,26,"0104,0114,0134,0140,0150,0151,0171,0174,0176,0178,0179,0202,0206,0209,0211,0212,0213,0215,0217,0222,0226,0228,0229,0232,0237,0238"
718501,Kourtaki Retsina of Attica,Kourtakis,99.0,750 ml,Lättare glasflaska,Fylligt & Smakrikt,Grekland,Savatiano,Fast sortiment,30,"0104,0106,0110,0114,0133,0140,0151,0163,0165,0167,0172,0173,0174,0176,0178,0182,0201,0204,0205,0206,0209,0217,0219,0221,0226,0228,0231,0232,0236,0237"
661101,Noble Vines 667 Pinot Noir,Noble Vines,149.0,750 ml,Lättare glasflaska,Kryddigt & Mustigt,USA,Pinot noir,Fast sortiment,8,"0104,0110,0114,0140,0151,0176,0179,0237"
293901,Jurtschitsch Langenlois Riesling,Weingut Jurtschitsch,159.0,750 ml,Lättare glasflaska,Friskt & Fruktigt,Österrike,Riesling,Fast sortiment,8,"0104,0114,0151,0167,0213,0215,0232,0237"
161501,Porta 6 Vinho Verde,Vidigal wines,79.0,750 ml,Lättare glasflaska,Friskt & Fruktigt,Portugal,"Loureiro, Trajadura, Arinto",Fast sortiment,24,"0104,0114,0134,0140,0151,0171,0174,0176,0178,0202,0206,0209,0211,0212,0213,0215,0217,0220,0222,0226,0228,0232,0237,0238"
9467501,Tamara Kögl Forever Young *O,Tamara Kögl,199.0,750 ml,Glasflaska,Torrt vitt,Österrike,,Tillfälligt sortiment,37,"0104,0106,0110,0113,0114,0132,0133,0134,0135,0136,0137,0138,0140,0144,0145,0147,0151,0163,0165,0167,0170,0172,0173,0176,0178,0179,0180,0206,0209,0213,0215,0216,0220,0221,0230,0232,0237"
233201,Weingut Landmann Alpensegler Pinot Noir Organic,Weingut Jürgen Landmann,115.0,750 ml,Lättare glasflaska,Kryddigt & Mustigt,Tyskland,Pinot noir,Fast sortiment,4,"0104,0114,0151,0237"
138101,Trimbach Riesling,Trimbach,189.0,750 ml,Glasflaska,Friskt & Fruktigt,Frankrike,Riesling,Fast sortiment,24,"0104,0106,0110,0114,0134,0151,0165,0171,0173,0174,0176,0178,0179,0202,0209,0211,0213,0215,0216,0217,0226,0228,0237,0238"
2010301,Les Vignerons d'Aghione Vermentinu,Les Vignerons d'Aghione,99.0,750 ml,Lättare glasflaska,Friskt & Fruktigt,Frankrike,Vermentino,Fast sortiment,23,"0104,0114,0134,0140,0143,0151,0171,0174,0176,0178,0202,0206,0209,0211,0213,0215,0217,0219,0226,0228,0232,0237,0238"
231301,The Stag Cabernet Sauvignon Feteasca Neagra,Averesti,89.0,750 ml,Lättare glasflaska,Fruktigt & Smakrikt,Rumänien,,Fast sortiment,27,"0104,0106,0107,0114,0132,0151,0168,0170,0173,0176,0177,0178,0180,0182,0204,0207,0208,0209,0211,0213,0214,0217,0225,0226,0228,0230,0237"
2016701,Deep Roots Riesling,3 Winner,99.0,750 ml,Lättare glasflaska,Friskt & Fruktigt,Tyskland,Riesling,Fast sortiment,22,"0104,0114,0140,0151,0174,0176,0178,0179,0206,0208,0209,0213,0215,0217,0220,0226,0228,0229,0230,0232,0237,0238"
2017301,Abrigados Reserva,Adega Castelo Rodrigo,119.0,750 ml,Lättare glasflaska,Fruktigt & Smakrikt,Portugal,"Touriga naçional, Alfrocheiro, Tinta roriz, Touriga franca",Fast sortiment,23,"0104,0106,0107,0114,0136,0140,0145,0151,0167,0174,0176,0178,0179,0209,0211,0213,0215,0217,0226,0228,0232,0237,0238"
9239401,Calera Central Coast Chardonnay,Calera Wine Company,275.0,750 ml,Glasflaska,Fylligt & Smakrikt,USA,Chardonnay,Tillfälligt sortiment,27,"0104,0106,0110,0113,0114,0132,0134,0135,0136,0137,0168,0171,0173,0174,0175,0178,0179,0180,0206,0209,0220,0221,0224,0226,0230,0231,0237"
7257901,Clefs de L'Enclave Côtes du Rhône Vielles Vignes,Union des Vignerons des Côtes-du-Rhône,89.0,750 ml,Glasflaska,Kryddigt & Mustigt,Frankrike,"Grenache, Syrah",Fast sortiment,22,"0104,0114,0134,0140,0151,0171,0174,0176,0178,0179,0202,0209,0211,0213,0215,0217,0222,0226,0228,0232,0237,0238"
208935,Ginger Prince Sparkling White,Fowles Wine,69.0,375 ml,Burk,Torrt vitt,Australien,"Chardonnay, Sémillon, Vermentino, Muscat",Fast sortiment,14,"0104,0110,0114,0134,0151,0171,0178,0201,0209,0217,0226,0228,0232,0237"
2018302,Castello di Ama San Lorenzo Gran Selezione,Castello di Ama,199.0,375 ml,Glasflaska,Kryddigt & Mustigt,Italien,"Sangiovese, Merlot, Malvasia nera",Fast sortiment,30,"0104,0106,0107,0114,0134,0140,0147,0151,0167,0170,0173,0174,0175,0176,0179,0180,0201,0202,0209,0211,0213,0215,0217,0220,0226,0228,0230,0232,0237,0238"
9117201,Bosquet des Papes Châteauneuf-du-Pape,Bosquet des Papes,375.0,750 ml,Glasflaska,Kryddigt & Mustigt,Frankrike,"Grenache, Mourvèdre, Syrah, Vaccarese, Cinsault",Tillfälligt sortiment,32,"0104,0106,0110,0113,0114,0132,0134,0135,0136,0137,0138,0140,0143,0144,0151,0163,0167,0171,0173,0176,0179,0180,0210,0211,0213,0215,0220,0221,0230,0232,0237,0238"
5016801,Ecoltura Valpolicella Ripasso,Domaine Wines Sweden AB,109.0,750 ml,Glasflaska,Kryddigt & Mustigt,Italien,,Fast sortiment,23,"0104,0114,0134,0140,0151,0170,0171,0174,0176,0178,0179,0202,0209,0210,0211,0213,0215,0217,0226,0228,0232,0237,0238"
7674801,Sofia y Sebastian Rosé Is Best Enjoyed With Friends,Vinimundi AB,99.0,750 ml,Glasflaska,Fruktigt & Smakrikt,Frankrike,,Fast sortiment,13,"0104,0114,0134,0151,0178,0206,0209,0217,0222,0226,0228,0229,0237"
7238701,Lynx Black Label Petite Sirah,House of Big Wines,115.0,750 ml,Glasflaska,Fruktigt & Smakrikt,USA,Petite sirah,Fast sortiment,23,"0104,0114,0134,0140,0151,0171,0174,0176,0178,0179,0202,0206,0209,0211,0213,0215,0217,0222,0226,0228,0232,0237,0238"
757401,Cuvée No 7 Brut Blanc de Blancs,Almadén Winery,99.0,750 ml,Glasflaska,Torrt vitt,Brasilien,Chenin blanc,Fast sortiment,24,"0104,0114,0140,0148,0151,0172,0173,0174,0178,0204,0209,0211,0213,0215,0217,0218,0224,0226,0227,0228,0232,0236,0237,0238"
2016901,Zehn Morgen Kalk & Sandstein Chardonnay & Weisser Burgunder,Weingut In den Zehn Morgen SJ Montigny KG,140.0,750 ml,Lättare glasflaska,Friskt & Fruktigt,Tyskland,"Chardonnay, Weissburgunder",Fast sortiment,21,"0104,0114,0140,0145,0151,0174,0176,0178,0179,0209,0211,0213,0214,0215,0217,0219,0226,0228,0232,0237,0238"
272401,Les Lauzeraies Tavel,Les Vignerons de Tavel,149.0,750 ml,Glasflaska,Fruktigt & Smakrikt,Frankrike,"Bourboulenc, Carignan, Cinsault, Grenache, Mourvèdre",Fast sortiment,19,"0104,0134,0170,0171,0172,0178,0206,0207,0209,0216,0217,0218,0220,0222,0226,0227,0228,0232,0237"
2030901,Ramón Bilbao Rosado,Bodegas Ramón Bilbao,129.0,750 ml,Lättare glasflaska,Fruktigt & Smakrikt,Spanien,,Fast sortiment,20,"0104,0114,0140,0151,0172,0174,0176,0178,0179,0209,0211,0213,0215,0217,0220,0226,0228,0232,0237,0238"
659701,Gnarly Head Old Vine Zinfandel,Gnarly Head Wines,119.0,750 ml,Lättare glasflaska,Fruktigt & Smakrikt,USA,"Zinfandel, Petite sirah",Fast sortiment,26,"0104,0114,0134,0136,0137,0140,0151,0171,0174,0176,0178,0179,0202,0209,0211,0213,0215,0217,0221,0226,0228,0230,0231,0232,0237,0238"
761001,Cava 1+1=3 Blanc de Noirs Brut Nature Reserva Organic,1+1=3 U Mes U Fan Tres S.L.,119.0,750 ml,Glasflaska,Torrt vitt,Spanien,Pinot noir,Fast sortiment,30,"0104,0110,0114,0134,0136,0138,0140,0151,0167,0171,0174,0175,0176,0179,0201,0202,0207,0211,0213,0215,0216,0217,0218,0228,0230,0232,0234,0236,0237,0238"
2012501,Reyneke Organic Chenin Blanc,Reyneke Winery,132.0,750 ml,Lättare glasflaska,Friskt & Fruktigt,Sydafrika,Chenin blanc,Fast sortiment,21,"0104,0114,0137,0138,0140,0151,0173,0174,0176,0178,0179,0209,0211,0213,0215,0217,0226,0228,0232,0237,0238"
1232401,Zenato Ripassa Superiore,Zenato,249.0,750 ml,Glasflaska,Kryddigt & Mustigt,Italien,"Corvina, Rondinella, Oseleta",Fast sortiment,25,"0104,0114,0134,0140,0147,0151,0167,0171,0172,0174,0176,0179,0202,0204,0211,0213,0215,0217,0220,0226,0228,0230,0232,0237,0238"
238701,Ménage à Trois Cabernet Sauvignon,Calwine,139.0,750 ml,Lättare glasflaska,Fruktigt & Smakrikt,USA,Cabernet sauvignon,Fast sortiment,22,"0104,0114,0136,0140,0148,0150,0151,0167,0173,0182,0208,0210,0214,0217,0222,0224,0226,0228,0231,0232,0236,0237"
7036101,Meinklang Naken Grüner Veltliner,Meinklang,109.0,750 ml,Glasflaska,Friskt & Fruktigt,Österrike,Grüner veltliner,Fast sortiment,29,"0104,0106,0114,0132,0134,0137,0140,0143,0151,0163,0165,0167,0171,0173,0174,0175,0176,0179,0180,0202,0209,0211,0213,0215,0230,0231,0232,0237,0238"
212401,Sandalwood Margaret River Cabernet Sauvignon,Free Run Juice Australia,129.0,750 ml,Lättare glasflaska,Fruktigt & Smakrikt,Australien,Cabernet sauvignon,Fast sortiment,23,"0104,0114,0134,0140,0151,0171,0174,0176,0178,0179,0202,0206,0209,0211,0213,0215,0217,0226,0228,0232,0234,0237,0238"
395806,Château de Seguin,Château de Seguin,249.0,1500 ml,Glasflaska,Fruktigt & Smakrikt,Frankrike,"Merlot, Cabernet sauvignon",Fast sortiment,20,"0104,0106,0107,0114,0134,0140,0151,0173,0178,0179,0180,0201,0202,0209,0217,0226,0228,0232,0237,0238"
561201,Stoneleigh Pinot Noir Rosé,Vinarchy,129.0,750 ml,Lättare glasflaska,Fruktigt & Smakrikt,Nya Zeeland,Pinot noir,Fast sortiment,24,"0104,0114,0134,0140,0145,0151,0171,0173,0174,0176,0179,0180,0202,0211,0213,0215,0217,0219,0226,0228,0230,0232,0237,0238"
5381201,Crazy Cat Cava,ViniMundi,99.0,750 ml,Glasflaska,Halvtorrt vitt,Spanien,,Fast sortiment,12,"0104,0178,0206,0209,0217,0222,0226,0228,0229,0232,0235,0237"
9388101,The Vice Pinot Noir Rosé,The Vice Napa Valley,149.0,750 ml,Lättare glasflaska,Fruktigt & Smakrikt,USA,Pinot noir,Tillfälligt sortiment,26,"0104,0110,0114,0133,0134,0135,0138,0140,0143,0144,0147,0151,0165,0167,0174,0177,0178,0179,0206,0211,0215,0220,0221,0228,0232,0237"
7562001,Riesling for you and for me,Globus Wine,77.0,750 ml,Glasflaska,Friskt & Fruktigt,Moldavien,Riesling,Fast sortiment,12,"0104,0114,0151,0178,0206,0209,0217,0218,0226,0228,0229,0237"
258301,White Knight Master's Move,Ðakovacka vina d.d.,119.0,750 ml,Lättare glasflaska,Friskt & Fruktigt,Kroatien,Graševina,Fast sortiment,22,"0104,0114,0140,0151,0168,0174,0176,0178,0179,0209,0211,0213,0215,0217,0221,0222,0226,0228,0230,0232,0237,0238"
2010915,Ginger Prince Moscato,Fowles Wine,69.0,375 ml,Burk,Torrt vitt,Australien,"Muscat, Riesling, Vermentino, Sauvignon blanc, Arneis",Fast sortiment,15,"0104,0114,0140,0151,0174,0208,0211,0213,0215,0217,0226,0228,0232,0237,0238"
546501,Vickery Watervale Riesling,Vickery Wines,139.0,750 ml,Lättare glasflaska,Friskt & Fruktigt,Australien,Riesling,Fast sortiment,21,"0104,0114,0136,0138,0140,0151,0172,0174,0176,0178,0179,0209,0211,0213,0215,0217,0226,0228,0232,0237,0238"
2014001,Reyneke Organic Red,Vinimark Trading,132.0,750 ml,Lättare glasflaska,Fruktigt & Smakrikt,Sydafrika,"Syrah, Cabernet sauvignon, Merlot",Fast sortiment,24,"0104,0106,0110,0113,0114,0134,0136,0140,0145,0170,0173,0174,0176,0179,0180,0211,0213,0215,0217,0228,0229,0232,0237,0238"
233901,Ca' Vedole Lambrusco di Sorbara,Zanasi Società Agricola S.S.,159.0,750 ml,Glasflaska,Mjukt & Bärigt,Italien,Lambrusco di sorbara,Fast sortiment,31,"0104,0106,0113,0114,0133,0134,0136,0137,0140,0144,0151,0163,0165,0167,0168,0170,0171,0172,0174,0176,0179,0180,0202,0211,0216,0220,0222,0230,0232,0237,0238"
7800601,Parnevik's Red Blend,Global Wines Sweden AB,129.0,750 ml,Lättare glasflaska,Fruktigt & Smakrikt,Frankrike,,Fast sortiment,13,"0104,0106,0114,0151,0178,0206,0209,0217,0222,0226,0228,0229,0237"
2232001,Bolla Le Poiane Ripasso,Bolla,139.0,750 ml,Lättare glasflaska,Kryddigt & Mustigt,Italien,"Corvina, Molinara, Rondinella",Fast sortiment,14,"0104,0114,0136,0151,0178,0206,0209,0217,0222,0226,0228,0229,0230,0237"
5026801,Golden Year Rosé,Urban Wines,99.0,750 ml,Glasflaska,Friskt & Bärigt,Frankrike,"Grenache, Syrah",Fast sortiment,21,"0104,0113,0114,0134,0140,0151,0170,0171,0174,0182,0202,0207,0211,0213,0215,0220,0226,0230,0232,0237,0238"
244801,Saint Mont Les Cépages Préservés,Plaimont Producteurs,99.0,750 ml,Lättare glasflaska,Fylligt & Smakrikt,Frankrike,,Fast sortiment,27,"0104,0106,0107,0114,0134,0140,0147,0151,0165,0167,0171,0173,0174,0175,0176,0179,0202,0211,0213,0215,0221,0226,0230,0231,0232,0237,0238"
202001,Zonnebloem Sauvignon Blanc,Zonnebloem Wines,89.0,750 ml,Glasflaska,Friskt & Fruktigt,Sydafrika,Sauvignon blanc,Fast sortiment,19,"0104,0114,0140,0151,0174,0176,0178,0179,0209,0211,0213,0215,0217,0220,0226,0228,0232,0237,0238"
243615,Dark Horse Rosé,Dark Horse Wines,53.0,375 ml,Burk,Friskt & Bärigt,USA,,Fast sortiment,18,"0104,0114,0134,0136,0138,0140,0151,0171,0174,0208,0211,0213,0215,0220,0230,0232,0237,0238"
636001,Stoneleigh Latitude Chardonnay,Vinarchy,159.0,750 ml,Lättare glasflaska,Fylligt & Smakrikt,Nya Zeeland,Chardonnay,Fast sortiment,10,"0104,0178,0206,0209,0213,0217,0222,0226,0228,0229"
565701,Olivier Leflaive Bourgogne Les Sétilles,Olivier Leflaive,299.0,750 ml,Glasflaska,Fylligt & Smakrikt,Frankrike,Chardonnay,Fast sortiment,26,"0104,0107,0110,0114,0134,0140,0151,0167,0170,0171,0173,0174,0175,0176,0179,0202,0211,0213,0215,0217,0220,0228,0230,0232,0237,0238"
9005901,Seasalter Sauvignon blanc,Groote Post Vineyards,179.0,750 ml,Glasflaska,Friskt & Fruktigt,Sydafrika,"Sauvignon blanc, Sémillon",Tillfälligt sortiment,27,"0104,0106,0107,0110,0113,0114,0133,0134,0135,0136,0137,0138,0143,0144,0171,0173,0174,0176,0178,0179,0180,0207,0209,0217,0228,0235,0238"
740801,LXRY Sparkling,Quarisa Wines,89.0,750 ml,Lättare glasflaska,Torrt vitt,Australien,"Glera, Riesling",Fast sortiment,14,"0104,0114,0151,0178,0206,0208,0209,0217,0222,0225,0226,0228,0232,0237"
7552101,Sparkling PH Style Brut Rosé by Lena Philipsson,Celler Perelada,99.0,750 ml,Glasflaska,Rosé,Spanien,,Fast sortiment,14,"0104,0114,0135,0150,0178,0208,0209,0210,0214,0217,0225,0226,0228,0229"
2011001,Heinrich Pinot Noir,Weingut Heinrich,149.0,750 ml,Lättare glasflaska,Mjukt & Bärigt,Österrike,Pinot noir,Fast sortiment,24,"0104,0110,0114,0134,0136,0140,0151,0167,0171,0174,0176,0177,0179,0202,0211,0213,0215,0217,0220,0228,0230,0232,0237,0238"
2007601,Monterustico Dogliani,Monterustico,129.0,750 ml,Lättare glasflaska,Fruktigt & Smakrikt,Italien,Dolcetto,Fast sortiment,27,"0104,0106,0107,0110,0114,0134,0136,0137,0140,0151,0167,0168,0171,0173,0174,0176,0179,0201,0202,0211,0213,0215,0228,0230,0232,0237,0238"
207702,Copertino Riserva,Cantina Sociale Copertino,59.0,375 ml,Glasflaska,Kryddigt & Mustigt,Italien,Negroamaro,Fast sortiment,25,"0104,0110,0114,0134,0140,0151,0171,0174,0176,0178,0179,0182,0202,0208,0211,0213,0214,0215,0217,0229,0230,0231,0232,0237,0238"
253314,Beau Marin Muscadet,Sarl Gilbert Chon,50.0,250 ml,Burk,Friskt & Fruktigt,Frankrike,Muscadet,Fast sortiment,16,"0104,0114,0134,0140,0151,0168,0171,0174,0211,0213,0215,0217,0228,0232,0237,0238"
257301,Marqués de Riscal Reserva,Marqués de Riscal,199.0,750 ml,Glasflaska,Kryddigt & Mustigt,Spanien,"Tempranillo, Graciano, Mazuelo",Fast sortiment,26,"0104,0106,0107,0114,0134,0136,0138,0140,0145,0151,0171,0174,0176,0179,0202,0211,0213,0215,0217,0220,0222,0226,0228,0232,0237,0238"
321001,Garzón Reserva Tannat,Bodega Garzón,159.0,750 ml,Lättare glasflaska,Stramt & Nyanserat,Uruguay,Tannat,Fast sortiment,22,"0104,0114,0136,0137,0140,0151,0165,0173,0174,0176,0179,0211,0213,0215,0219,0220,0222,0225,0230,0232,0237,0238"
114501,Riesling Feinherb Weingüt Wegeler,Weingüter Wegeler,135.0,750 ml,Lättare glasflaska,Friskt & Fruktigt,Tyskland,Riesling,Fast sortiment,14,"0104,0114,0151,0171,0173,0178,0202,0209,0213,0217,0226,0228,0232,0237"
629001,McManis Viognier,McManis Family Vineyards,99.0,750 ml,Lättare glasflaska,Fylligt & Smakrikt,USA,Viognier,Fast sortiment,19,"0104,0114,0137,0140,0151,0167,0171,0173,0174,0176,0179,0202,0211,0213,0215,0230,0232,0237,0238"
5909301,Happy Dog Cava,Happy Dog Wine,105.0,750 ml,Glasflaska,Torrt vitt,Spanien,"Macabeo, Chardonnay",Fast sortiment,18,"0104,0114,0134,0151,0168,0173,0174,0176,0179,0211,0215,0217,0220,0222,0228,0232,0237,0238"
9268701,Fontanafredda Alta Langa Blanc de Blancs,Fontanafredda,299.0,750 ml,Glasflaska,Torrt vitt,Italien,Chardonnay,Tillfälligt sortiment,18,"0104,0110,0114,0134,0144,0147,0151,0165,0179,0180,0205,0213,0215,0220,0228,0230,0237,0238"
9040401,Belle Naturelle Grüner Veltliner,Weingut Jurtschitsch,189.0,750 ml,Glasflaska,Friskt & Fruktigt,Österrike,Grüner veltliner,Tillfälligt sortiment,12,"0104,0110,0114,0134,0140,0143,0176,0209,0220,0221,0237,0238"
2018301,Castello di Ama San Lorenzo Gran Selezione,Castello di Ama,349.0,750 ml,Glasflaska,Kryddigt & Mustigt,Italien,"Sangiovese, Merlot, Malvasia nera",Fast sortiment,24,"0104,0114,0132,0134,0138,0140,0145,0151,0171,0174,0175,0176,0179,0180,0201,0211,0213,0215,0220,0226,0230,0232,0237,0238"
312801,Alba Rhino Vinho Verde,Quinta das Arcas – Soc. Agr. Lda,169.0,750 ml,Glasflaska,Friskt & Fruktigt,Portugal,Alvarinho,Fast sortiment,22,"0104,0114,0134,0136,0138,0140,0151,0170,0171,0174,0175,0176,0179,0202,0211,0213,0215,0217,0230,0232,0237,0238"
7342814,TiCa Secco Semi-Sparkling White Wine,Cantina Vigna Verde Srl,44.0,200 ml,Burk,Torrt vitt,Italien,Glera,Fast sortiment,14,"0104,0114,0134,0140,0151,0174,0211,0213,0215,0220,0228,0232,0237,0238"
2009101,WOW Riesling,Anora Group PLC,121.0,750 ml,Lättare glasflaska,Friskt & Fruktigt,USA,"Riesling, Muscat canelli",Fast sortiment,11,"0104,0110,0114,0151,0178,0209,0217,0222,0226,0228,0237"
704601,Glen Ellen Chardonnay Reserve,Glen Ellen,89.0,750 ml,Glasflaska,Friskt & Fruktigt,USA,Chardonnay,Fast sortiment,12,"0104,0114,0151,0171,0178,0202,0209,0217,0226,0228,0232,0237"
7725301,André Clouet Brut Rosé,André Clouet,479.0,750 ml,Glasflaska,Rosé,Frankrike,Pinot noir,Fast sortiment,23,"0104,0107,0110,0114,0132,0134,0140,0144,0151,0171,0172,0174,0175,0179,0201,0211,0213,0215,0230,0231,0232,0237,0238"
7012001,ÀN/2 Ànima Negra,Ànima Negra,289.0,750 ml,Glasflaska,Kryddigt & Mustigt,Spanien,"Callet, Syrah, Manto negro, Fogoneu",Fast sortiment,23,"0104,0107,0110,0114,0132,0134,0136,0140,0151,0171,0173,0174,0175,0176,0179,0202,0211,0213,0215,0230,0232,0237,0238"
7659001,Beaujolais Splendeur Nature organic Mommessin,Mommessin,139.0,750 ml,Lättare glasflaska,Mjukt & Bärigt,Frankrike,Gamay,Fast sortiment,19,"0104,0114,0134,0140,0151,0171,0172,0174,0176,0179,0202,0210,0211,0213,0215,0220,0228,0232,0238"
204306,Lat 42 Reserva,La Rioja Alta,299.0,1500 ml,Lättare glasflaska,Kryddigt & Mustigt,Spanien,Tempranillo,Fast sortiment,21,"0104,0114,0134,0140,0151,0171,0174,0178,0208,0209,0211,0213,0215,0217,0220,0226,0228,0230,0232,0237,0238"
2900201,Allesverloren Shiraz,Allesverloren Wine Estate,129.0,750 ml,Glasflaska,Fruktigt & Smakrikt,Sydafrika,Shiraz,Fast sortiment,19,"0104,0114,0134,0140,0151,0171,0174,0175,0176,0179,0202,0211,0213,0215,0217,0228,0232,0237,0238"
620301,Chateau Ste Michelle Cabernet Sauvignon,Chateau Ste Michelle,159.0,750 ml,Lättare glasflaska,Fruktigt & Smakrikt,USA,,Fast sortiment,22,"0104,0106,0107,0114,0134,0140,0145,0151,0167,0171,0173,0174,0176,0179,0202,0211,0213,0215,0230,0232,0237,0238"
7201901,Piemonte Bianco Enzo Bartoli,MGM S.r.l.,99.0,750 ml,Lättare glasflaska,Friskt & Fruktigt,Italien,,Fast sortiment,17,"0104,0114,0134,0140,0151,0174,0176,0179,0202,0211,0213,0215,0217,0228,0232,0237,0238"
240001,DeAetna Rosso Terra Costantino,Terra Costantino,195.0,750 ml,Lättare glasflaska,Kryddigt & Mustigt,Italien,"Nerello mascalese, Nerello cappuccio",Fast sortiment,22,"0104,0110,0114,0134,0136,0138,0140,0151,0171,0172,0174,0176,0179,0202,0211,0213,0215,0216,0230,0232,0237,0238"
330001,Passitivo Primitivo,Cantine Paolo Leo,109.0,750 ml,Glasflaska,Fruktigt & Smakrikt,Italien,Primitivo,Fast sortiment,19,"0104,0114,0134,0140,0151,0170,0171,0174,0176,0179,0201,0202,0211,0213,0215,0230,0232,0237,0238"
699801,Masi Bonacosta Valpolicella,Masi,129.0,750 ml,Lättare glasflaska,Mjukt & Bärigt,Italien,"Corvina, Molinara, Rondinella",Fast sortiment,18,"0104,0114,0134,0140,0151,0171,0174,0176,0179,0202,0211,0213,0215,0217,0228,0232,0237,0238"
5989101,La Vecchia Via Barbera,Dezzani,99.0,750 ml,Lättare glasflaska,Fruktigt & Smakrikt,Italien,Barbera,Fast sortiment,20,"0104,0114,0134,0140,0145,0151,0171,0174,0176,0179,0202,0211,0213,0215,0217,0222,0228,0232,0237,0238"
285201,Château Pineraie Malbec,Château Pineraie,119.0,750 ml,Glasflaska,Stramt & Nyanserat,Frankrike,Malbec,Fast sortiment,19,"0104,0106,0110,0114,0134,0140,0151,0171,0174,0176,0179,0202,0211,0213,0215,0230,0232,0237,0238"
1267901,Lat 42 Gran Reserva,Torre de Oña,209.0,750 ml,Glasflaska,Kryddigt & Mustigt,Spanien,Tempranillo,Fast sortiment,18,"0104,0107,0114,0134,0140,0151,0174,0178,0179,0211,0213,0215,0217,0226,0228,0232,0237,0238"
9508701,Altos de Luzon Monastrell,Bodegas Luzon,170.0,750 ml,Glasflaska,Fruktigt & Smakrikt,Spanien,Monastrell,Tillfälligt sortiment,16,"0104,0106,0114,0132,0134,0143,0147,0148,0163,0165,0167,0168,0174,0231,0232,0237"
218801,Saint Clair Vicar's Choice Barrel Chardonnay,Saint Clair Family Estate,109.0,750 ml,Lättare glasflaska,Fylligt & Smakrikt,Nya Zeeland,Chardonnay,Fast sortiment,19,"0104,0106,0114,0134,0140,0151,0174,0176,0179,0202,0211,0213,0215,0217,0226,0228,0232,0237,0238"
7086601,Nº 11 Chianti Riserva By König & Brolin,Cecchi,119.0,750 ml,Lättare glasflaska,Kryddigt & Mustigt,Italien,"Sangiovese, Colorino, Merlot",Fast sortiment,18,"0104,0114,0134,0140,0151,0174,0179,0202,0207,0211,0213,0215,0217,0218,0228,0232,0237,0238"
2267401,Viña Albali Reserva,Felix Solis,89.0,750 ml,Glasflaska,Kryddigt & Mustigt,Spanien,Tempranillo,Fast sortiment,23,"0104,0107,0114,0134,0136,0140,0151,0167,0170,0171,0174,0175,0176,0179,0202,0211,0213,0215,0220,0221,0232,0237,0238"
2014501,Alta Alella Mirgin Reserva Brut,Alta Alella,159.0,750 ml,Glasflaska,Torrt vitt,Spanien,,Fast sortiment,18,"0104,0114,0134,0136,0140,0151,0167,0174,0176,0211,0213,0215,0216,0217,0228,0232,0237,0238"
4156401,Josep Masachs Cava,Josep Masachs,119.0,750 ml,Glasflaska,Torrt vitt,Spanien,Xarel-lo,Fast sortiment,17,"0104,0113,0114,0134,0140,0151,0171,0174,0176,0179,0211,0213,0215,0230,0232,0237,0238"
236802,Paolo Scavino Langhe Nebbiolo,Paolo Scavino,125.0,375 ml,Glasflaska,Stramt & Nyanserat,Italien,Nebbiolo,Fast sortiment,19,"0104,0110,0114,0134,0140,0151,0171,0174,0176,0179,0202,0211,0213,0215,0230,0231,0232,0237,0238"
9482301,Kalkundkiesel Weiss Claus Preisinger,Claus Preisinger,199.0,750 ml,Glasflaska,Fylligt & Smakrikt,Österrike,,Tillfälligt sortiment,17,"0104,0110,0114,0134,0138,0140,0144,0151,0173,0179,0210,0211,0213,0215,0228,0237,0238"
539201,Petite Faiblesse Sauvignon Blanc,L´Herre,99.0,750 ml,Lättare glasflaska,Friskt & Fruktigt,Frankrike,Sauvignon blanc,Fast sortiment,18,"0104,0114,0134,0140,0143,0151,0171,0174,0176,0179,0202,0211,0213,0215,0230,0232,0237,0238"
9003614,Naturalis Organic,Angove's,49.0,250 ml,Burk,Fruktigt & Smakrikt,Australien,Shiraz,Tillfälligt sortiment,2,"0104,0110"
277001,GR-174,Casa Gran del Siurana,179.0,750 ml,Lättare glasflaska,Fruktigt & Smakrikt,Spanien,"Garnatxa, Cabernet sauvignon, Merlot, Syrah, Samsó",Fast sortiment,18,"0104,0106,0114,0134,0140,0150,0151,0174,0176,0179,0202,0211,0213,0215,0220,0232,0237,0238"
644701,Chateau Ste Michelle Chardonnay,Chateau Ste Michelle,129.0,750 ml,Glasflaska,Fylligt & Smakrikt,USA,Chardonnay,Fast sortiment,19,"0104,0106,0114,0134,0140,0151,0171,0174,0176,0179,0202,0211,0213,0215,0226,0228,0232,0237,0238"
5981901,Malvirà Langhe Nebbiolo,Malvirà,179.0,750 ml,Lättare glasflaska,Kryddigt & Mustigt,Italien,Nebbiolo,Fast sortiment,14,"0104,0114,0134,0140,0151,0174,0176,0179,0211,0213,0215,0232,0237,0238"
7318601,Castelmondo Valpolicella Ripasso Superiore,Winepartners Nordic AB,109.0,750 ml,Glasflaska,Kryddigt & Mustigt,Italien,,Fast sortiment,18,"0104,0114,0134,0140,0151,0171,0174,0176,0179,0202,0211,0213,0215,0217,0228,0232,0237,0238"
741401,Nicolas Feuillatte Collection Organic Extra Brut,Nicolas Feuillatte,399.0,750 ml,Glasflaska,Torrt vitt,Frankrike,"Pinot noir, Chardonnay",Fast sortiment,14,"0104,0114,0140,0151,0174,0176,0179,0202,0211,0215,0218,0232,0237,0238"
9524615,Companion Wine Co Chill Red Grenache,Companion Wine Co,80.0,250 ml,Burk,Mjukt & Bärigt,USA,Grenache,Tillfälligt sortiment,11,"0104,0110,0114,0140,0151,0211,0213,0215,0224,0237,0238"
9110901,Ca' dei Zago Valdobbiadene Prosecco Metodo Classico,Zago,231.0,750 ml,Glasflaska,,Italien,,Tillfälligt sortiment,14,"0104,0110,0113,0114,0134,0136,0143,0147,0175,0179,0210,0230,0237,0238"
7518401,Villa Righetti Amarone,Luigi Righetti,239.0,750 ml,Glasflaska,Kryddigt & Mustigt,Italien,,Fast sortiment,18,"0104,0114,0134,0140,0151,0171,0174,0176,0179,0202,0211,0213,0215,0221,0230,0232,0237,0238"
7434501,Antiche Terre Venete Valpolicella Ripasso,Antiche Terre Venete,119.0,750 ml,Glasflaska,Kryddigt & Mustigt,Italien,"Corvina, Rondinella, Corvinone",Fast sortiment,16,"0104,0114,0140,0151,0174,0176,0179,0202,0211,0213,0215,0217,0228,0232,0237,0238"
192201,Lynx Central Coast Pinot Noir,Vinimundi AB,189.0,750 ml,Glasflaska,Kryddigt & Mustigt,USA,Pinot noir,Fast sortiment,18,"0104,0106,0107,0114,0140,0151,0173,0174,0176,0179,0211,0213,0215,0217,0228,0232,0237,0238"
5578001,Ascot Crisp White,Domaine Wines,89.0,750 ml,Lättare glasflaska,Friskt & Fruktigt,USA,,Fast sortiment,20,"0104,0106,0114,0134,0140,0151,0171,0174,0176,0179,0202,0211,0213,0215,0217,0228,0230,0232,0237,0238"
241001,Fontana Candida Frascati,Fontana Candida,99.0,750 ml,Glasflaska,Friskt & Fruktigt,Italien,"Trebbiano toscano, Malvasia di candia, Malvasia del Lazio",Fast sortiment,17,"0104,0114,0140,0151,0167,0174,0176,0179,0202,0211,0213,0215,0217,0228,0232,0237,0238"
7749301,Louis Jadot Santenay,Maison Louis Jadot,339.0,750 ml,Glasflaska,Kryddigt & Mustigt,Frankrike,Pinot noir,Fast sortiment,17,"0104,0106,0107,0114,0140,0151,0174,0176,0179,0211,0213,0215,0217,0228,0232,0237,0238"
9132101,Bollinger PN AYC21,Bollinger,1199.0,750 ml,Glasflaska,Torrt vitt,Frankrike,Pinot noir,Tillfälligt sortiment,20,"0104,0113,0114,0134,0136,0138,0140,0143,0144,0147,0150,0151,0171,0179,0202,0211,0213,0215,0237,0238"
215701,Furling Dry Furmint,Patricius Borház Zrt.,99.0,750 ml,Lättare glasflaska,Friskt & Fruktigt,Ungern,Furmint,Fast sortiment,14,"0104,0114,0151,0167,0173,0176,0179,0213,0214,0217,0222,0228,0232,0237"
210401,Viña Solorca Crianza,Viña Solorca,139.0,750 ml,Glasflaska,Fruktigt & Smakrikt,Spanien,Tempranillo,Fast sortiment,18,"0104,0114,0134,0140,0151,0171,0174,0176,0179,0202,0211,0213,0215,0228,0230,0232,0237,0238"
742402,Veuve Clicquot Brut Gula Änkan,Veuve Clicquot,339.0,375 ml,Glasflaska,Torrt vitt,Frankrike,"Chardonnay, Pinot meunier, Pinot noir",Fast sortiment,17,"0104,0114,0134,0140,0151,0171,0174,0176,0179,0202,0211,0213,0215,0230,0232,0237,0238"
9052001,N.S. Della Neve Extra Brut Metodo Classico,G.D. Vajra,299.0,750 ml,Glasflaska,Rosé,Italien,"Nebbiolo, Pinot nero",Tillfälligt sortiment,13,"0104,0113,0114,0134,0136,0143,0147,0151,0172,0175,0202,0237,0238"
2154001,DeLoach Heritage Reserve Pinot Noir,DeLoach Vineyards,119.0,750 ml,Lättare glasflaska,Kryddigt & Mustigt,USA,Pinot noir,Fast sortiment,21,"0104,0106,0114,0134,0136,0140,0145,0151,0171,0174,0179,0202,0207,0211,0213,0215,0220,0221,0232,0237,0238"
7087001,Jaume Serra Cava Brut Nature Vintage,Jaume Serra,108.0,750 ml,Glasflaska,Torrt vitt,Spanien,,Fast sortiment,16,"0104,0114,0134,0140,0151,0171,0174,0211,0213,0215,0216,0217,0228,0232,0237,0238"
5808601,Haggan Pet Nat,Xavier Weisskopf,239.0,750 ml,Glasflaska,Torrt vitt,Frankrike,Chenin blanc,Fast sortiment,12,"0104,0106,0114,0136,0137,0140,0151,0163,0167,0171,0176,0237"
2232801,Villa Puccini Chianti Classico Riserva,Castellani,159.0,750 ml,Glasflaska,Kryddigt & Mustigt,Italien,"Sangiovese, Canaiolo",Fast sortiment,16,"0104,0134,0140,0151,0171,0174,0176,0179,0202,0211,0213,0215,0230,0232,0237,0238"
273701,Finca el Puig,Gran Clos,229.0,750 ml,Glasflaska,Stramt & Nyanserat,Spanien,"Cabernet sauvignon, Carignan, Grenache, Syrah",Fast sortiment,18,"0104,0106,0110,0114,0134,0140,0145,0151,0167,0168,0174,0179,0211,0213,0220,0232,0237,0238"
210701,Terrazze Della Luna Pinot Grigio,Cavit,99.0,750 ml,Lättare glasflaska,Friskt & Fruktigt,Italien,Pinot grigio,Fast sortiment,20,"0104,0114,0134,0140,0151,0165,0171,0174,0176,0179,0202,0207,0211,0213,0215,0220,0230,0232,0237,0238"
9317201,Domaine Kox Riesling Schwebsange Kolteschberg,Domaine Kox,179.0,750 ml,Glasflaska,Friskt & Fruktigt,Luxemburg,Riesling,Tillfälligt sortiment,13,"0104,0110,0114,0140,0147,0175,0179,0201,0215,0230,0232,0234,0238"
9353801,Lackner-Tinnacher Gamlitz Gelber Muskateller,Weingut Lackner-Tinnacher,169.0,750 ml,Glasflaska,Druvigt & Blommigt,Österrike,Gelber muskateller,Tillfälligt sortiment,18,"0104,0107,0110,0114,0132,0136,0138,0140,0143,0151,0172,0173,0177,0178,0202,0215,0221,0238"
5809301,Esencias by Éxzito Pico Cuadro S.L,Pico Cuadro S.L,189.0,750 ml,Glasflaska,Stramt & Nyanserat,Spanien,Tempranillo,Fast sortiment,17,"0104,0114,0140,0151,0174,0176,0177,0179,0202,0211,0213,0215,0219,0220,0232,0237,0238"
9428301,Bargemone Libre Rosé,Domaine Bargemone,199.0,750 ml,Glasflaska,Friskt & Bärigt,Frankrike,"Syrah, Grenache noir, Cabernet sauvignon, Rolle",Tillfälligt sortiment,17,"0104,0114,0132,0134,0138,0140,0143,0144,0145,0151,0165,0167,0177,0178,0179,0217,0237"
772301,Diebolt-Vallois Prestige Extra Brut,Diebolt-Vallois,509.0,750 ml,Glasflaska,Torrt vitt,Frankrike,Chardonnay,Fast sortiment,16,"0104,0114,0134,0138,0140,0144,0151,0171,0174,0178,0211,0213,0215,0232,0237,0238"
9507902,Chateau Guiraud,Château Guiraud,311.0,375 ml,Glasflaska,Sött,Frankrike,,Tillfälligt sortiment,18,"0104,0107,0110,0134,0136,0138,0140,0143,0144,0163,0165,0171,0172,0174,0213,0215,0237,0238"
267604,Chablis By Passy le Clou,Domaine Passy le Clou,91.0,250 ml,Burk,Friskt & Fruktigt,Frankrike,Chardonnay,Fast sortiment,5,"0104,0114,0151,0214,0237"
9373801,Il Frappato Arianna Occhipinti,Arianna Occhipinti,369.0,750 ml,Glasflaska,Fruktigt & Smakrikt,Italien,Frappato,Tillfälligt sortiment,11,"0104,0110,0114,0136,0140,0144,0151,0220,0228,0230,0237"
5641001,Gran Feudo Reserva,Bodegas Gran Feudo SL,119.0,750 ml,Lättare glasflaska,Kryddigt & Mustigt,Spanien,"Cabernet sauvignon, Garnacha, Merlot, Tempranillo",Fast sortiment,14,"0104,0114,0140,0151,0174,0176,0179,0202,0211,0213,0215,0232,0237,0238"
5329001,Luna di Mezzanotte Barbera d'Alba Superiore,Nigab,139.0,750 ml,Glasflaska,Kryddigt & Mustigt,Italien,Barbera,Fast sortiment,16,"0104,0114,0134,0140,0151,0174,0176,0179,0211,0213,0215,0217,0228,0232,0237,0238"
9382501,Tahbilk Old Vines Cabernet Shiraz,Tahbilk,249.0,750 ml,Glasflaska,Fruktigt & Smakrikt,Australien,"Cabernet sauvignon, Shiraz",Tillfälligt sortiment,20,"0104,0113,0114,0136,0137,0138,0140,0151,0163,0165,0171,0172,0174,0180,0213,0214,0215,0222,0223,0237"
209201,Ciao Pinot Grigio,Domeniile Speia Prim,79.0,750 ml,Lättare glasflaska,Friskt & Fruktigt,Moldavien,"Pinot grigio, Feteasca regala",Fast sortiment,15,"0104,0114,0134,0140,0151,0171,0174,0176,0179,0202,0213,0215,0232,0237,0238"
8728201,Calera Pinot Noir,Calera Wine Company,299.0,750 ml,Glasflaska,Kryddigt & Mustigt,USA,Pinot noir,Fast sortiment,18,"0104,0106,0110,0114,0134,0140,0151,0171,0174,0180,0211,0213,0215,0220,0230,0232,0237,0238"
7408301,Substance Cs Cabernet Sauvignon,O'Neill Vintners & Distillers,179.0,750 ml,Glasflaska,Fruktigt & Smakrikt,USA,Cabernet sauvignon,Fast sortiment,17,"0104,0114,0134,0138,0140,0151,0171,0174,0176,0179,0202,0211,0213,0215,0232,0237,0238"
712501,Chablis Premier Cru Beauroy J M Brocard,J M Brocard,299.0,750 ml,Lättare glasflaska,Friskt & Fruktigt,Frankrike,Chardonnay,Fast sortiment,18,"0104,0110,0114,0134,0140,0151,0171,0174,0176,0179,0202,0211,0213,0215,0224,0232,0237,0238"
556201,Clotilde Davenne Bourgogne Blanc,Clotilde Davenne,169.0,750 ml,Lättare glasflaska,Friskt & Fruktigt,Frankrike,Chardonnay,Fast sortiment,15,"0104,0114,0134,0140,0151,0174,0176,0179,0202,0211,0213,0215,0232,0237,0238"
219301,Let every moment Spark Brut,Juhászvin,99.0,750 ml,Lättare glasflaska,Torrt vitt,Ungern,,Fast sortiment,18,"0104,0107,0110,0114,0140,0145,0151,0165,0167,0170,0174,0179,0211,0213,0215,0232,0237,0238"
234501,Masi Costasera Amarone Classico,Masi,359.0,750 ml,Glasflaska,Kryddigt & Mustigt,Italien,"Corvina, Rondinella, Molinara",Fast sortiment,12,"0104,0114,0134,0151,0174,0176,0202,0213,0215,0220,0226,0237"
9170101,Schuster Aus Den Dörfern Weiss,Weingut Rosi Schuster,199.0,750 ml,Glasflaska,Fylligt & Smakrikt,Österrike,"Grüner veltliner, Welschriesling, Chardonnay, Furmint",Tillfälligt sortiment,13,"0104,0114,0138,0151,0173,0177,0213,0215,0220,0221,0228,0237,0238"
200901,Semente Avesso Orange,AB Valley Wines,129.0,750 ml,Lättare glasflaska,Fylligt & Smakrikt,Portugal,Avesso,Fast sortiment,9,"0104,0110,0114,0134,0151,0165,0176,0232,0237"
532902,Delitia Recioto della Valpolicella Classico,Luigi Righetti,115.0,375 ml,Glasflaska,Sött,Italien,,Fast sortiment,15,"0104,0114,0134,0140,0151,0171,0174,0211,0213,0215,0220,0230,0232,0237,0238"
630706,Chablis Clotilde Davenne,Clotilde Davenne,499.0,1500 ml,Lättare glasflaska,Friskt & Fruktigt,Frankrike,Chardonnay,Fast sortiment,16,"0104,0114,0134,0140,0151,0171,0174,0179,0211,0213,0215,0220,0228,0232,0237,0238"
636701,Boulder Bank Sauvignon Blanc,Goldschmidt Vineyards,99.0,750 ml,Glasflaska,Friskt & Fruktigt,Nya Zeeland,Sauvignon blanc,Fast sortiment,16,"0104,0114,0134,0140,0151,0171,0174,0176,0179,0202,0211,0213,0215,0232,0237,0238"
9226101,Cune Monopole Classico Compañia Vinicola del Norte de España,Compañia Vinicola del Norte de España,240.0,750 ml,Glasflaska,Friskt & Fruktigt,Spanien,Viura,Tillfälligt sortiment,13,"0104,0110,0113,0114,0136,0140,0151,0172,0177,0202,0215,0221,0237"
9469401,Siccagno Arianna Occhipinti,Arianna Occhipinti,361.0,750 ml,Glasflaska,Kryddigt & Mustigt,Italien,Nero d'avola,Tillfälligt sortiment,9,"0104,0110,0114,0136,0140,0144,0151,0177,0228"
247101,Campillo Blanco,Bodegas Campillo,129.0,750 ml,Lättare glasflaska,Fylligt & Smakrikt,Spanien,"Chardonnay, Viura",Fast sortiment,13,"0104,0114,0151,0168,0171,0179,0202,0215,0220,0228,0229,0231,0237"
9009201,Mas Cal Demoura Terre de Jonquières,Mas Cal Demoura,339.0,750 ml,Glasflaska,Kryddigt & Mustigt,Frankrike,"Carignan, Cinsault, Grenache, Mourvèdre, Syrah",Tillfälligt sortiment,12,"0104,0110,0114,0140,0151,0171,0175,0211,0215,0222,0225,0237"
470601,King's Bay Signature Selection Organic Sauvignon Blanc,Savvy Wines,159.0,750 ml,Lättare glasflaska,Friskt & Fruktigt,Nya Zeeland,Sauvignon blanc,Fast sortiment,9,"0104,0114,0151,0171,0176,0217,0228,0232,0237"
4230201,Brunello di Montalcino Val di Suga,Angelini Wines & Estates,279.0,750 ml,Glasflaska,Stramt & Nyanserat,Italien,Brunello,Fast sortiment,15,"0104,0114,0134,0140,0151,0171,0174,0179,0211,0213,0215,0220,0232,0237,0238"
7026801,Maison Robert Olivier Vin Naturel Cuvée Tradition,Jean Biecher,129.0,750 ml,Glasflaska,Fruktigt & Smakrikt,Frankrike,Merlot,Fast sortiment,7,"0104,0114,0151,0163,0179,0231,0237"
9364901,Coriole Negroamaro,Coriole Vineyards,189.0,750 ml,Glasflaska,Kryddigt & Mustigt,Australien,Negroamaro,Tillfälligt sortiment,18,"0104,0106,0113,0114,0136,0140,0143,0151,0171,0173,0178,0179,0180,0213,0214,0215,0225,0237"
9382401,Tahbilk Museum Marsanne,Tahbilk,185.0,750 ml,Glasflaska,Fylligt & Smakrikt,Australien,Marsanne,Tillfälligt sortiment,14,"0104,0107,0113,0114,0136,0137,0138,0143,0147,0171,0174,0177,0211,0215"
9310002,Domaine Fernand Engel Pinot Gris Selection de Grain Noble,Domaine Fernand Engel,249.0,500 ml,Glasflaska,Sött,Frankrike,,Tillfälligt sortiment,11,"0104,0110,0113,0140,0151,0206,0211,0213,0215,0237,0238"
7391806,Mandrarossa Urra di Mare Sauvignon Blanc,Cantine Settesoli,269.0,1500 ml,Glasflaska,Friskt & Fruktigt,Italien,Sauvignon blanc,Fast sortiment,7,"0104,0114,0136,0151,0226,0229,0237"
9020115,Leva Cabernet Shiraz Rosé,Sortoizpitvane Sungurlare,39.0,250 ml,Burk,Fruktigt & Smakrikt,Bulgarien,"Cabernet sauvignon, Syrah",Tillfälligt sortiment,2,"0104,0110"
9283701,Vallegre Touriga Nacional,Vallegre Vinhos do Porto,169.0,750 ml,Glasflaska,Fruktigt & Smakrikt,Portugal,Touriga naçional,Tillfälligt sortiment,10,"0104,0110,0114,0136,0147,0167,0202,0217,0221,0238"
743001,Jeanmaire Brut,Jeanmaire,307.0,750 ml,Glasflaska,Torrt vitt,Frankrike,"Pinot noir, Chardonnay, Pinot meunier",Fast sortiment,14,"0104,0114,0134,0140,0151,0171,0174,0211,0213,0215,0230,0232,0237,0238"
9408501,Mâcon Chaintré Les Serreuxdières Domaine Cornin,Cornin,249.0,750 ml,Glasflaska,Friskt & Fruktigt,Frankrike,Chardonnay,Tillfälligt sortiment,12,"0104,0110,0113,0136,0138,0140,0151,0178,0179,0215,0228,0238"
7291401,Gérard Bertrand Cigalus Rouge,Gérard Bertrand,389.0,750 ml,Glasflaska,Stramt & Nyanserat,Frankrike,"Cabernet franc, Cabernet sauvignon, Carignan, Grenache, Merlot",Fast sortiment,8,"0104,0106,0110,0114,0215,0217,0228,0229"
7260101,Cava Stars Organic,Castillo de Perelada,139.0,750 ml,Glasflaska,Torrt vitt,Spanien,"Chardonnay, Macabeo, Parellada, Xarel-lo",Fast sortiment,11,"0104,0114,0133,0151,0175,0182,0206,0220,0232,0236,0237"
9003801,Chablis Côte de Lechet Premier Cru Bernard Defaix,Domaine Bernard Defaix,361.0,750 ml,Glasflaska,Friskt & Fruktigt,Frankrike,Chardonnay,Tillfälligt sortiment,14,"0104,0113,0114,0136,0137,0138,0144,0151,0163,0165,0172,0213,0215,0237"
776301,Goldeck Grüner Veltliner Dry Sparkling,Schlumberger Wein- und Sektkellerei,116.0,750 ml,Glasflaska,Torrt vitt,Österrike,,Fast sortiment,14,"0104,0114,0134,0140,0151,0174,0176,0211,0213,0215,0222,0232,0237,0238"
7790901,Mulderbosch Sparkling Rosé,Mulderbosch Vineyards,119.0,750 ml,Glasflaska,Rosé,Sydafrika,Cabernet sauvignon,Fast sortiment,16,"0104,0114,0134,0140,0151,0174,0207,0211,0213,0215,0220,0221,0224,0232,0237,0238"
232701,Côtes du Jura Chardonnay,Maison Rijckaert,199.0,750 ml,Glasflaska,Fylligt & Smakrikt,Frankrike,Chardonnay,Fast sortiment,12,"0104,0110,0114,0132,0136,0151,0165,0176,0179,0202,0228,0237"
512301,Masi Campofiorin,Masi,150.0,750 ml,Lättare glasflaska,Kryddigt & Mustigt,Italien,"Corvina, Rondinella, Molinara",Fast sortiment,11,"0104,0114,0151,0176,0202,0211,0215,0217,0228,0232,0237"
9063001,L'Irréductible Domaine de La Bégude,La Bégude Collection,379.0,750 ml,Glasflaska,Fruktigt & Smakrikt,Frankrike,"Mourvèdre, Grenache",Tillfälligt sortiment,9,"0104,0114,0136,0151,0172,0175,0213,0235,0237"
1602201,Rawson's Retreat Chardonnay,Rawson's Retreat,89.0,750 ml,Lättare glasflaska,Friskt & Fruktigt,Australien,Chardonnay,Fast sortiment,9,"0104,0114,0151,0176,0202,0217,0228,0230,0237"
9589701,Heartland Director's Cut Shiraz,Heartland Wines,199.0,750 ml,Glasflaska,Fruktigt & Smakrikt,Australien,Shiraz,Tillfälligt sortiment,9,"0104,0110,0114,0136,0140,0145,0177,0179,0202"
2262001,Bonterra Zinfandel,Bonterra Vineyards,129.0,750 ml,Glasflaska,Fruktigt & Smakrikt,USA,Zinfandel,Fast sortiment,6,"0104,0114,0151,0217,0228,0237"
205101,Kakhuri Orange Dry Wine,Kindzmarauli Marani,119.0,750 ml,Glasflaska,Fylligt & Smakrikt,Georgien,"Mtsvane, Rkatsiteli, Kisi, Khikhvi",Fast sortiment,12,"0104,0106,0114,0140,0144,0151,0165,0176,0201,0205,0218,0237"
9462601,Bollinger R.D,Bollinger,3999.0,750 ml,Glasflaska,Torrt vitt,Frankrike,"Pinot noir, Chardonnay",Tillfälligt sortiment,10,"0104,0114,0136,0140,0143,0147,0151,0179,0220,0237"
248401,Pouilly-Fuissé Les Vieux Murs,Maison Jean Loron,299.0,750 ml,Glasflaska,Fylligt & Smakrikt,Frankrike,Chardonnay,Fast sortiment,12,"0104,0110,0114,0133,0136,0151,0174,0179,0206,0213,0228,0237"
9019201,Mira Sav Blanc,MIRA s.r.o.,300.0,750 ml,Lättare glasflaska,,Tjeckien,Sauvignon blanc,Tillfälligt sortiment,8,"0104,0114,0140,0144,0147,0151,0211,0237"
7470601,Piemonte Rosso Enzo Bartoli,MGM S.r.l.,99.0,750 ml,Lättare glasflaska,Fruktigt & Smakrikt,Italien,"Barbera, Nebbiolo",Fast sortiment,7,"0104,0114,0151,0214,0217,0228,0237"
5710601,Xavier Vignon Cairanne,Xavier Vignon,205.0,750 ml,Glasflaska,Kryddigt & Mustigt,Frankrike,,Fast sortiment,9,"0104,0114,0151,0213,0215,0217,0228,0232,0237"
9538301,TRBLMKR Milan Nestarec,Milan Nestarec,330.0,750 ml,Lättare glasflaska,,Tjeckien,"Grüner veltliner, Neuburger, Malvasía",Tillfälligt sortiment,7,"0104,0114,0136,0140,0151,0211,0237"
7948001,Reverdy Sauvignon Blanc,J M Reverdy,109.0,750 ml,Lättare glasflaska,Friskt & Fruktigt,Frankrike,Sauvignon blanc,Fast sortiment,10,"0104,0114,0133,0136,0151,0179,0180,0210,0213,0237"
9226501,Saltram Riesling,Saltram Wine Estates,185.0,750 ml,Glasflaska,Friskt & Fruktigt,Australien,Riesling,Tillfälligt sortiment,4,"0104,0107,0134,0174"
9290501,Riesling Eisenhut 1ÖTW Diwald,Martin Diwald GmbH,270.0,750 ml,Glasflaska,,Österrike,Riesling,Tillfälligt sortiment,5,"0104,0114,0151,0175,0237"
5788701,Sagace Langhe Nebbiolo,Sagace,219.0,1000 ml,Glasflaska,Kryddigt & Mustigt,Italien,Nebbiolo,Fast sortiment,9,"0104,0114,0151,0167,0172,0176,0211,0215,0216"
9063201,Ciliegiolo Lunae,Cantine Lunae Bosoni,229.0,750 ml,Glasflaska,Mjukt & Bärigt,Italien,Ciliegiolo,Tillfälligt sortiment,9,"0104,0110,0114,0136,0143,0147,0202,0211,0230"
7260601,Il Capolavoro Bianco,Globus Wine,73.0,750 ml,Glasflaska,Friskt & Fruktigt,Italien,,Fast sortiment,9,"0104,0114,0134,0151,0180,0217,0228,0232,0237"
7715201,Rotari Blanc de Blancs Extra Brut,Mezzacorona,159.0,750 ml,Glasflaska,Torrt vitt,Italien,Chardonnay,Fast sortiment,5,"0104,0114,0151,0216,0237"
5945201,Cava PH Style Brut by Lena Philipsson,Castillo de Perelada,119.0,750 ml,Glasflaska,Torrt vitt,Spanien,"Macabeo, Parellada, Xarel-lo",Fast sortiment,9,"0104,0114,0140,0151,0178,0217,0228,0232,0237"
231002,Ruffino Chianti,Ruffino,80.0,375 ml,Glasflaska,Mjukt & Bärigt,Italien,Sangiovese,Fast sortiment,6,"0104,0114,0151,0217,0228,0237"
116401,Bogle Family Vineyards Chardonnay,Bogle Family Vineyards,179.0,750 ml,Glasflaska,Fylligt & Smakrikt,USA,Chardonnay,Fast sortiment,8,"0104,0114,0151,0176,0179,0202,0232,0237"
9478101,Domaine de la Roche Honneur Diamant Prestige,Domaine de la Roche Honneur,230.0,750 ml,Glasflaska,,Frankrike,Cabernet franc,Tillfälligt sortiment,9,"0104,0106,0114,0143,0150,0151,0214,0222,0237"
3465901,Monferrato Nebbiolo Vinchio Vaglio,Vinchio Vaglio,119.0,750 ml,Lättare glasflaska,Fruktigt & Smakrikt,Italien,Nebbiolo,Tillfälligt sortiment,4,"0104,0208,0211,0218"
544701,Olivier Leflaive Bourgogne Cuvée Margot,Olivier Leflaive,329.0,750 ml,Glasflaska,Kryddigt & Mustigt,Frankrike,Pinot noir,Fast sortiment,9,"0104,0110,0114,0151,0174,0179,0213,0232,0237"
7779601,Jean Vidérue Côtes du Rhône,Urban Wines,79.0,750 ml,Lättare glasflaska,Kryddigt & Mustigt,Frankrike,"Carignan, Grenache, Syrah",Fast sortiment,5,"0104,0114,0151,0232,0237"
2006801,Stellenrust Secrets & Lies Chenin Blanc,Stellenrust,169.0,750 ml,Glasflaska,Fylligt & Smakrikt,Sydafrika,Chenin blanc,Fast sortiment,10,"0104,0106,0114,0136,0150,0151,0171,0217,0228,0237"
107901,Arzuaga Selección Especial,Bodegas Arzuaga Navarro,249.0,750 ml,Glasflaska,Kryddigt & Mustigt,Spanien,Tempranillo,Fast sortiment,6,"0104,0110,0114,0140,0151,0237"
540101,Fixin Albert Bichot,Maison Albert Bichot,289.0,750 ml,Glasflaska,Kryddigt & Mustigt,Frankrike,Pinot noir,Fast sortiment,8,"0104,0114,0151,0174,0179,0228,0237,0238"
9317001,Greywacke Pinot Noir,Greywacke Vineyards,299.0,750 ml,Glasflaska,,Nya Zeeland,Pinot noir,Tillfälligt sortiment,9,"0104,0114,0136,0143,0151,0179,0215,0216,0237"
9045301,Weingut Dorli Muhr Kirchweingarten,Weingut Dorli Muhr,399.0,750 ml,Glasflaska,,Österrike,Blaufränkisch,Tillfälligt sortiment,9,"0104,0113,0114,0136,0143,0150,0151,0210,0237"
759501,Salasar Crémant de Limoux Brut,Les Grands Chais de France,139.0,750 ml,Glasflaska,Torrt vitt,Frankrike,"Chardonnay, Chenin blanc, Pinot noir",Fast sortiment,9,"0104,0110,0114,0134,0151,0168,0173,0206,0232"
113701,Florbela Reserva,Vinihold,115.0,750 ml,Lättare glasflaska,Kryddigt & Mustigt,Portugal,"Alfrocheiro, Tinta roriz, Touriga naçional",Fast sortiment,9,"0104,0114,0138,0140,0151,0174,0179,0202,0237"
254701,Il Seggio Poggio al Tesoro,Poggio al Tesoro,249.0,750 ml,Glasflaska,Stramt & Nyanserat,Italien,"Merlot, Cabernet franc, Cabernet sauvignon, Petit verdot",Fast sortiment,8,"0104,0114,0140,0151,0170,0211,0220,0237"
9034801,Lucy Gamay Noir,Lucy Wines,329.0,750 ml,Glasflaska,Mjukt & Bärigt,USA,,Tillfälligt sortiment,9,"0104,0106,0114,0136,0143,0151,0172,0175,0237"
9416301,Scala Cirò Bianco,Società Agricola Scala,159.0,750 ml,Lättare glasflaska,Friskt & Fruktigt,Italien,,Tillfälligt sortiment,9,"0104,0136,0138,0144,0163,0172,0174,0213,0238"
7499301,Gabriel Meffre Côtes-du-Rhône Terra,Gabriel Meffre,119.0,750 ml,Lättare glasflaska,Fylligt & Smakrikt,Frankrike,"Grenache blanc, Viognier, Clairette, Marsanne, Roussanne",Fast sortiment,4,"0104,0114,0151,0237"
758301,Leclerc Briant Champagne Rosé,Leclerc Briant,589.0,750 ml,Glasflaska,Rosé,Frankrike,"Chardonnay, Pinot noir",Fast sortiment,3,"0104,0134,0178"
9059501,Juhfark Öregtokék Somlói Vándor,Tamás Kiss Somlói Vándor Winery,249.0,750 ml,Glasflaska,Fylligt & Smakrikt,Ungern,,Tillfälligt sortiment,5,"0104,0114,0136,0151,0237"
1237901,Casalforte Amarone della Valpolicella,Collis Heritage S.p.A.,229.0,750 ml,Glasflaska,Kryddigt & Mustigt,Italien,,Fast sortiment,6,"0104,0114,0151,0217,0228,0237"
5300801,Barolo Piccole Vigne,Giacomo Grimaldi di Grimaldi Ferruccio,269.0,750 ml,Glasflaska,Stramt & Nyanserat,Italien,Nebbiolo,Fast sortiment,8,"0104,0114,0136,0140,0151,0215,0237,0238"
9010101,Mas Cal Demoura L'Etincelle,Mas Cal Demoura,339.0,750 ml,Glasflaska,,Frankrike,"Carignan blanc, Chenin blanc, Grenache blanc, Roussanne",Tillfälligt sortiment,3,"0104,0114,0151"
9204501,Lievland Rosé,Lievland Vineyards,129.0,750 ml,Glasflaska,Friskt & Bärigt,Sydafrika,"Syrah, Mourvèdre, Cinsault",Tillfälligt sortiment,6,"0104,0107,0110,0133,0178,0213"
671401,Boom Boom! Syrah,Charles Smith Wines,159.0,750 ml,Lättare glasflaska,Fruktigt & Smakrikt,USA,"Syrah, Cabernet sauvignon",Fast sortiment,9,"0104,0114,0140,0151,0211,0213,0232,0237,0238"
7678802,Villa Wolf Pinot Noir,Villa Wolf,79.0,375 ml,Glasflaska,Kryddigt & Mustigt,Tyskland,Pinot noir,Fast sortiment,8,"0104,0110,0114,0140,0151,0207,0228,0237"
558701,Chablis Premier Cru Montée de Tonnerre J M Brocard,J M Brocard,459.0,750 ml,Glasflaska,Friskt & Fruktigt,Frankrike,Chardonnay,Fast sortiment,8,"0104,0106,0114,0151,0176,0179,0202,0237"
512302,Masi Campofiorin,Masi,79.0,375 ml,Glasflaska,Kryddigt & Mustigt,Italien,"Corvina, Rondinella, Molinara",Fast sortiment,7,"0104,0114,0134,0151,0215,0232,0237"
9210401,A Huis Clos Arbin Mondeuse Fabien Trosset,Fabien Trosset,269.0,750 ml,Glasflaska,,Frankrike,,Tillfälligt sortiment,7,"0104,0114,0135,0136,0143,0179,0237"
9213001,Doja Prokupac,VINARIJA DOJA D.o.o,150.0,750 ml,Glasflaska,Kryddigt & Mustigt,Serbien,Prokupac,Tillfälligt sortiment,1,0104
7368401,Il Segreto Sangiovese,Poggio Fiore,119.0,750 ml,Glasflaska,Kryddigt & Mustigt,Italien,,Fast sortiment,6,"0104,0114,0151,0215,0232,0237"
9413301,Krug,Krug,4249.0,750 ml,Glasflaska,Torrt vitt,Frankrike,,Tillfälligt sortiment,6,"0104,0114,0147,0151,0215,0216"
470401,Satyr Chateau Marsyas,Chateau Marsyas,199.0,750 ml,Lättare glasflaska,Fruktigt & Smakrikt,Libanon,"Cabernet sauvignon, Merlot, Syrah",Fast sortiment,6,"0104,0114,0151,0230,0232,0237"
2015101,Joaquín Rebolledo Godello,Bodegas Joaquin Rebolledo,169.0,750 ml,Lättare glasflaska,Friskt & Fruktigt,Spanien,Godello,Fast sortiment,10,"0104,0114,0132,0134,0151,0163,0179,0215,0232,0237"
9482501,Sassicaia Tenuta San Guido,Tenuta San Guido,3495.0,750 ml,Glasflaska,,Italien,,Tillfälligt sortiment,6,"0104,0114,0145,0151,0211,0237"
796904,Freixenet Cordon Negro Brut,Freixenet,48.0,200 ml,Glasflaska,Torrt vitt,Spanien,"Macabeo, Parellada, Xarel-lo",Fast sortiment,6,"0104,0114,0151,0174,0230,0237"
735001,Pierre Peters Cuvée de Réserve,Pierre Peters,509.0,750 ml,Glasflaska,Torrt vitt,Frankrike,Chardonnay,Fast sortiment,7,"0104,0114,0144,0151,0224,0232,0237"
7173901,The Butcher White Cuvée,Schwarz,159.0,750 ml,Glasflaska,Friskt & Fruktigt,Österrike,"Grüner veltliner, Sauvignon blanc, Welschriesling",Fast sortiment,5,"0104,0114,0151,0222,0237"
9210001,Mandolás Oremus,Tokaj Oremus,269.0,750 ml,Glasflaska,,Ungern,Furmint,Tillfälligt sortiment,5,"0104,0134,0143,0213,0228"
9354501,Domaine de Vernus Régnié,Domaine de Vernus,300.0,750 ml,Glasflaska,,Frankrike,Gamay,Tillfälligt sortiment,6,"0104,0110,0114,0132,0151,0237"
7166301,Le Ville di Antanè Valpolicella Ripasso Superiore,Le Ville di Antanè,129.0,750 ml,Glasflaska,Kryddigt & Mustigt,Italien,"Corvina, Rondinella",Fast sortiment,6,"0104,0114,0134,0151,0217,0237"
9366901,Terrazze San Leolino Fontodi,Fontodi,729.0,750 ml,Glasflaska,,Italien,,Tillfälligt sortiment,4,"0104,0138,0140,0175"
669501,Markowitsch Classic Pinot Noir,Gerhard Markowitsch,129.0,750 ml,Lättare glasflaska,Mjukt & Bärigt,Österrike,Pinot noir,Fast sortiment,7,"0104,0106,0114,0136,0138,0151,0211"
9431001,El Mentridano Blanco Vitícola Mentridana,Vitícola Mentridana,251.0,750 ml,Glasflaska,Fylligt & Smakrikt,Spanien,Garnacha blanca,Tillfälligt sortiment,7,"0104,0114,0136,0143,0151,0220,0237"
9566901,Poggio di Sotto Rosso di Montalcino,ColleMassari Spa Società Agricola,799.0,750 ml,Glasflaska,,Italien,,Tillfälligt sortiment,2,"0104,0151"
746201,La Rioja Alta Gran Reserva 904,La Rioja Alta,745.0,750 ml,Glasflaska,Kryddigt & Mustigt,Spanien,"Tempranillo, Mazuelo, Graciano",Fast sortiment,5,"0104,0114,0151,0215,0237"
9454301,Barolo Prapò Ceretto,Ceretto,1269.0,750 ml,Glasflaska,,Italien,,Tillfälligt sortiment,3,"0104,0211,0237"
5059101,ÉXZITO Ribera del Duero,PICO CUADRO S.L,349.0,750 ml,Glasflaska,Stramt & Nyanserat,Spanien,Tempranillo,Fast sortiment,4,"0104,0114,0151,0237"
9367801,Vigna del Sorbo Fontodi,Fontodi,729.0,750 ml,Glasflaska,,Italien,,Tillfälligt sortiment,4,"0104,0140,0175,0213"
9000101,Experientia Rosato Cascina Luisin,Cascina Luisin,199.0,750 ml,Glasflaska,Fruktigt & Smakrikt,Italien,Nebbiolo,Tillfälligt sortiment,6,"0104,0106,0143,0151,0175,0237"
9129106,La Gran Rosa Bodegas Izadi,Bodegas Izadi,449.0,1500 ml,Glasflaska,,Spanien,"Garnacha tinta, Garnacha blanca",Tillfälligt sortiment,6,"0104,0106,0114,0140,0151,0237"
9302901,Scala Cirò Rosso,Società Agricola Scala,179.0,750 ml,Lättare glasflaska,Kryddigt & Mustigt,Italien,"Gaglioppo, Magliocco",Tillfälligt sortiment,4,"0104,0138,0213,0238"
9275801,Côte-Rôtie Améthyste Domaine Levet,Vignobles Levet,759.0,750 ml,Glasflaska,,Frankrike,Syrah,Tillfälligt sortiment,6,"0104,0136,0140,0151,0211,0237"
240201,Château Plince,Ch. Plince,399.0,750 ml,Glasflaska,Stramt & Nyanserat,Frankrike,,Fast sortiment,7,"0104,0106,0114,0151,0170,0228,0237"
9407001,Barolo Ravera Vietti,Vietti s.r.l.,2149.0,750 ml,Glasflaska,,Italien,,Tillfälligt sortiment,2,"0104,0114"
223601,Taurasi Tenuta Cavalier Pepe,Tenuta Cavalier Pepe,229.0,750 ml,Glasflaska,Fruktigt & Smakrikt,Italien,Aglianico,Fast sortiment,5,"0104,0114,0151,0220,0237"
9387901,Buena Esperanza Greta,Viña Buena Esperanza spa,299.0,750 ml,Glasflaska,Kryddigt & Mustigt,Chile,Pinot noir,Tillfälligt sortiment,5,"0104,0114,0151,0214,0237"
9366801,Komokabras Lias Adega Entreosrios,Adega Entreosrios SL,230.0,750 ml,Glasflaska,,Spanien,Albariño,Tillfälligt sortiment,6,"0104,0114,0143,0150,0178,0237"
9118001,Chapoutier l'Ermite Blanc Ermitage,M.Chapoutier,5349.0,750 ml,Lättare glasflaska,,Frankrike,,Tillfälligt sortiment,2,"0104,0114"
9424601,Torredemer-Mangin Orage,SAS Torredemer-Mangin,240.0,750 ml,Glasflaska,,Frankrike,Muscat,Tillfälligt sortiment,6,"0104,0114,0136,0140,0151,0237"
5142501,Rioja Santiago Gran Reserva,Marques de la Concordia Family of Wines,149.0,750 ml,Lättare glasflaska,Kryddigt & Mustigt,Spanien,Tempranillo,Fast sortiment,5,"0104,0134,0217,0228,0232"
242601,Fruitière Vinicole D’Arbois Crémant du Jura Brut,Fruitière Vinicole D’Arbois,290.0,750 ml,Glasflaska,Torrt vitt,Frankrike,"Chardonnay, Pinot noir",Fast sortiment,6,"0104,0114,0151,0228,0232,0237"
9449301,Philipp Kuhn Philippsbrunnen Riesling Grosses Gewächs,Weingut Philipp Kuhn,801.0,750 ml,Glasflaska,,Tyskland,,Tillfälligt sortiment,2,"0104,0216"
9265001,La Ciaude Minervois Rouge Cazelles Domaine Anne Gros & Jean-Paul Tollot,Domaine Anne Gros & Jean-Paul Tollot,300.0,750 ml,Glasflaska,,Frankrike,"Carignan, Grenache, Syrah",Tillfälligt sortiment,5,"0104,0136,0222,0225,0237"
9115701,Laurel Clos I Terrasses,Clos I Terrasses,549.0,750 ml,Glasflaska,,Spanien,,Tillfälligt sortiment,6,"0104,0114,0136,0147,0151,0237"
9436201,Alain Jaume Domaine Grand Veneur Les Champauvins,Alain Jaume,169.0,750 ml,Glasflaska,Kryddigt & Mustigt,Frankrike,,Tillfälligt sortiment,2,"0104,0138"
9479301,Gaja Barbaresco,Gaja,2459.0,750 ml,Glasflaska,,Italien,Nebbiolo,Tillfälligt sortiment,4,"0104,0114,0151,0211"
5994801,Lynx Napa Valley Cabernet Sauvignon,House of Big Wines,249.0,750 ml,Glasflaska,Fruktigt & Smakrikt,USA,Cabernet sauvignon,Fast sortiment,5,"0104,0114,0151,0232,0237"
9257501,Analemma Wines Mosier Hills Estate Trousseau,Analemma Wines,599.0,750 ml,Glasflaska,Mjukt & Bärigt,USA,Trousseau,Tillfälligt sortiment,6,"0104,0114,0140,0151,0216,0237"
7028401,Bourgogne Chardonnay Maurice Gentilhomme,Francois Martenot,119.0,750 ml,Glasflaska,Fylligt & Smakrikt,Frankrike,Chardonnay,Fast sortiment,4,"0104,0114,0151,0237"
7453501,La Vecchia Via Barbaresco,Dezzani,169.0,750 ml,Lättare glasflaska,Stramt & Nyanserat,Italien,Nebbiolo,Fast sortiment,4,"0104,0114,0151,0216"
9226801,Château Rieussec,Château Rieussec,1295.0,750 ml,Glasflaska,Sött,Frankrike,,Tillfälligt sortiment,3,"0104,0140,0151"
269601,Orballo Albariño,Bodegas La Val,145.0,750 ml,Lättare glasflaska,Friskt & Fruktigt,Spanien,Albariño,Fast sortiment,7,"0104,0135,0148,0151,0176,0220,0237"
9496101,Zeltinger Sonnenuhr Auslese*** golden capsule,Weingut Markus Molitor,831.0,750 ml,Glasflaska,Sött,Tyskland,,Tillfälligt sortiment,4,"0104,0151,0213,0237"
276101,Zolo Black Malbec,Fincas Patagonicas,299.0,750 ml,Glasflaska,Stramt & Nyanserat,Argentina,Malbec,Fast sortiment,5,"0104,0136,0151,0179,0237"
9286301,JP Martín Rumay Syrah,JP Martin SpA,199.0,750 ml,Glasflaska,Kryddigt & Mustigt,Chile,Syrah,Tillfälligt sortiment,4,"0104,0114,0136,0222"
9362201,Château Bouscassé Vieilles Vignes Alain Brumont.,Alain Brumont,399.0,750 ml,Glasflaska,,Frankrike,Tannat,Tillfälligt sortiment,6,"0104,0114,0136,0150,0225,0237"
9316101,De Toren Private Cellar Fusion V,De Toren Private Cellar,389.0,750 ml,Glasflaska,,Sydafrika,"Cabernet franc, Cabernet sauvignon, Malbec, Merlot, Petit verdot",Tillfälligt sortiment,5,"0104,0114,0151,0230,0237"
9470301,Calera Mt Harlan de Villiers Pinot Noir,Calera Wine Company,849.0,750 ml,Glasflaska,,USA,Pinot noir,Tillfälligt sortiment,7,"0104,0113,0114,0140,0151,0213,0215"
9482502,Sassicaia Tenuta San Guido,Tenuta San Guido,1749.0,375 ml,Glasflaska,,Italien,,Tillfälligt sortiment,7,"0104,0114,0138,0151,0213,0215,0237"
5832406,Bread & Butter Chardonnay,Bread & Butter Wines,329.0,1500 ml,Lättare glasflaska,Fylligt & Smakrikt,USA,Chardonnay,Fast sortiment,6,"0104,0110,0114,0151,0179,0237"
251801,Hermon Mount Hermon Red,Golan Heights Winery,199.0,750 ml,Glasflaska,Kryddigt & Mustigt,Golanhöjderna (israelisk bosättning),"Merlot, Cabernet sauvignon, Cabernet franc, Petit verdot, Malbec",Fast sortiment,5,"0104,0114,0145,0179,0213"
251701,Yarden Chardonnay,Golan Heights Winery,229.0,750 ml,Glasflaska,Fylligt & Smakrikt,Golanhöjderna (israelisk bosättning),Chardonnay,Fast sortiment,7,"0104,0114,0145,0151,0178,0213,0237"
9057801,Bollinger La Grand Année Rosé,Bollinger,2599.0,750 ml,Glasflaska,Rosé,Frankrike,,Tillfälligt sortiment,4,"0104,0114,0143,0176"
9050701,Seven Springs Chardonnay,Evening Land Vineyards,419.0,750 ml,Glasflaska,Fylligt & Smakrikt,USA,Chardonnay,Tillfälligt sortiment,5,"0104,0114,0140,0151,0237"
549701,Ojai Santa Barbara Pinot Noir,Ojai Vineyard,419.0,750 ml,Glasflaska,Kryddigt & Mustigt,USA,Pinot noir,Fast sortiment,4,"0104,0114,0151,0237"
9266801,Chocapalha Vinha Mãe,Quinta de Chocapalha,249.0,750 ml,Glasflaska,Fruktigt & Smakrikt,Portugal,,Tillfälligt sortiment,3,"0104,0138,0217"
7954701,Nº 11 Toscana Vermentino By König & Brolin,Casa Vinicola Luigi Cecchi & Figli,119.0,750 ml,Lättare glasflaska,Friskt & Fruktigt,Italien,Vermentino,Fast sortiment,4,"0104,0114,0151,0237"
9247801,Bollinger La Côte aux Enfants Champagne,Bollinger,9999.0,750 ml,Glasflaska,Torrt vitt,Frankrike,,Tillfälligt sortiment,4,"0104,0114,0134,0171"
9566801,The Hilt Estate Chardonnay,The Hilt,799.0,750 ml,Glasflaska,,USA,Chardonnay,Tillfälligt sortiment,6,"0104,0114,0151,0211,0216,0237"
1234302,Amarone A Alpha Zeta,Alpha Zeta,169.0,375 ml,Glasflaska,Kryddigt & Mustigt,Italien,"Corvina veronese, Rondinella, Corvinone",Fast sortiment,5,"0104,0114,0151,0232,0237"
602601,Marlborough Estate Reserve Sauvignon Blanc Rosé,Marlborough Valley Cellars,110.0,750 ml,Lättare glasflaska,Friskt & Bärigt,Nya Zeeland,"Sauvignon blanc, Malbec",Fast sortiment,4,"0104,0114,0151,0237"
309701,Brunello di Montalcino Fattoi,Fattoi Ofelio & Figli Soc. Sempl. - Soc. Agr.,299.0,750 ml,Glasflaska,Stramt & Nyanserat,Italien,Brunello,Fast sortiment,5,"0104,0114,0151,0211,0237"
5166201,Villa Madeleine Coteaux d’Aix-en-Provence,Hecht & Bannier,109.0,750 ml,Glasflaska,Fruktigt & Smakrikt,Frankrike,"Syrah, Cabernet sauvignon, Grenache",Fast sortiment,4,"0104,0114,0151,0237"
9213101,Duckhorn Three Palms Vineyard Merlot,Duckhorn Wine Company,999.0,750 ml,Glasflaska,,USA,Merlot,Tillfälligt sortiment,5,"0104,0140,0144,0151,0213"
9509701,Saffredi Fattoria Le Pupille,Fattoria Le Pupille,999.0,750 ml,Glasflaska,Fruktigt & Smakrikt,Italien,"Cabernet sauvignon, Merlot, Petit verdot",Tillfälligt sortiment,5,"0104,0114,0151,0172,0237"
9519501,Tenuta delle Terre Nere Etna Rosso Santo Spirito,Tenuta delle Terre Nere,489.0,750 ml,Glasflaska,,Italien,,Tillfälligt sortiment,5,"0104,0114,0214,0232,0237"
9300101,The Hilt Bentrock Chardonnay,The Hilt,1499.0,750 ml,Glasflaska,,USA,,Tillfälligt sortiment,4,"0104,0114,0211,0237"
9366201,DuMOL Wester Reach Russian River Valley Chardonnay,Dumol,749.0,750 ml,Glasflaska,,USA,Chardonnay,Tillfälligt sortiment,4,"0104,0114,0151,0237"
1303401,Inglenook Rubicon,Inglenook,2207.0,750 ml,Glasflaska,,USA,"Cabernet sauvignon, Merlot, Petit verdot, Cabernet franc",Tillfälligt sortiment,4,"0104,0114,0151,0237"
7076901,Bevanti Valpolicella Ripasso,Cantina Valpolicella Negrar,149.0,750 ml,Glasflaska,Kryddigt & Mustigt,Italien,Rondinella,Fast sortiment,4,"0104,0114,0151,0237"
9360601,Saurwein Chi Riesling,Saurwein,229.0,750 ml,Glasflaska,,Sydafrika,Riesling,Tillfälligt sortiment,4,"0104,0106,0114,0179"
747101,Bonnet Perle Rosée Brut,Alexandre Bonnet,399.0,750 ml,Glasflaska,Rosé,Frankrike,Pinot noir,Fast sortiment,4,"0104,0114,0151,0237"
9316601,Novicium Continuum Estate,Continuum Estate,1879.0,750 ml,Glasflaska,,USA,,Tillfälligt sortiment,5,"0104,0114,0140,0151,0237"
7172601,Villa Wolf Riesling,Villa Wolf,129.0,750 ml,Lättare glasflaska,Friskt & Fruktigt,Tyskland,Riesling,Fast sortiment,4,"0104,0114,0151,0237"
9517201,Tenuta delle Terre Nere Etna Rosso Feudo di Mezzo,Tenuta delle Terre Nere,489.0,750 ml,Glasflaska,,Italien,,Tillfälligt sortiment,4,"0104,0114,0211,0237"
9290001,Chateau Latour,Château Latour,7664.0,750 ml,Glasflaska,,Frankrike,,Tillfälligt sortiment,3,"0104,0114,0213"
9584601,Walter Scott Cuvée Anne Chardonnay,Walter Scott Wines,575.0,750 ml,Glasflaska,,USA,Chardonnay,Tillfälligt sortiment,4,"0104,0106,0114,0237"
9257701,Gandarada Touriga Nacional,Acienda Agricola Boas Quintas,170.0,750 ml,Glasflaska,Fruktigt & Smakrikt,Portugal,Touriga naçional,Tillfälligt sortiment,4,"0104,0110,0114,0234"
9369601,Cepparello Isole e Olena,Isole e Olena,1149.0,750 ml,Glasflaska,,Italien,,Tillfälligt sortiment,4,"0104,0114,0211,0237"
9412001,Shared Notes Les leçons de maîtres RRVA Sauvignon Blanc Semillon,Shared Notes,899.0,750 ml,Glasflaska,,USA,"Sauvignon blanc, Sémillon",Tillfälligt sortiment,4,"0104,0114,0151,0237"
9303701,Opus One Overture,Opus One,2095.0,750 ml,Glasflaska,,USA,,Tillfälligt sortiment,2,"0104,0114"
235401,Angeline Vineyards California Pinot Noir,Angeline Winery,159.0,750 ml,Glasflaska,Mjukt & Bärigt,USA,Pinot noir,Fast sortiment,4,"0104,0114,0151,0237"
9472701,Gaja Sperss Barolo,Gaja,4295.0,750 ml,Glasflaska,,Italien,,Tillfälligt sortiment,3,"0104,0114,0237"
9441401,Von Winning Königsbacher Idig VDP Grosses Gewächs,Von Winning,598.0,750 ml,Glasflaska,,Tyskland,Riesling,Tillfälligt sortiment,2,"0104,0140"
9518801,Tenuta delle Terre Nere Etna Rosso Moganazzi,Tenuta delle Terre Nere,489.0,750 ml,Glasflaska,,Italien,,Tillfälligt sortiment,3,"0104,0211,0237"
9304801,Trebbiano d'Abruzzo Valentini,Azienda Agricola Valentini,1595.0,750 ml,Glasflaska,,Italien,,Tillfälligt sortiment,5,"0104,0140,0216,0229,0238"
9057001,Guado al Tasso Marchesi Antinori,Marchesi Antinori,1349.0,750 ml,Glasflaska,,Italien,,Tillfälligt sortiment,3,"0104,0114,0237"
9554001,Barolo Bric dël Fiasc Paolo Scavino,Paolo Scavino,1149.0,750 ml,Glasflaska,Stramt & Nyanserat,Italien,Nebbiolo,Tillfälligt sortiment,3,"0104,0215,0237"
9596602,Pieropan Le Colombare Recioto,Pieropan,299.0,500 ml,Glasflaska,Sött,Italien,,Tillfälligt sortiment,3,"0104,0144,0237"
9360401,Cruse Tradition Zero Dosage,Cruse Wine co,399.0,750 ml,Glasflaska,Torrt vitt,USA,"Chardonnay, Pinot noir",Tillfälligt sortiment,5,"0104,0134,0140,0150,0237"
9132001,Langhe Rosato Josetta Saffirio,Josetta Saffirio,165.0,750 ml,Glasflaska,Fruktigt & Smakrikt,Italien,Nebbiolo,Tillfälligt sortiment,3,"0104,0107,0143"
9332201,Ziereisen Schmätterling Rosé,Weingut Ziereisen,149.0,750 ml,Glasflaska,Fruktigt & Smakrikt,Tyskland,"Pinot noir, Regent",Tillfälligt sortiment,1,0104
9488301,Glup Rosado Longavi,Longavi,189.0,750 ml,Lättare glasflaska,Fruktigt & Smakrikt,Chile,"Pais, Garnacha, Monastrell",Tillfälligt sortiment,1,0104
9207201,Barolo Falletto di Bruno Giacosa,Azienda Agricola Falleto,2799.0,750 ml,Glasflaska,,Italien,,Tillfälligt sortiment,4,"0104,0114,0151,0237"
9357506,Chablis Grand Cru Bougros J M Brocard,Jean-Marc Brocard,1789.0,1500 ml,Glasflaska,,Frankrike,,Tillfälligt sortiment,1,0104
9210701,Piodilei Chardonnay Pio Cesare,Pio Cesare,499.0,750 ml,Glasflaska,,Italien,Chardonnay,Tillfälligt sortiment,1,0104
9358201,Chinon La Cure Charles Joguet,Charles Joguet,501.0,750 ml,Glasflaska,,Frankrike,Cabernet franc,Tillfälligt sortiment,3,"0104,0114,0151"
9544001,Vega Sicilia Unico,Vega Sicilia,4295.0,750 ml,Glasflaska,,Spanien,,Tillfälligt sortiment,2,"0104,0114"
9252901,Tara Chardonnay,Viña Ventisquero,329.0,750 ml,Glasflaska,,Chile,Chardonnay,Tillfälligt sortiment,2,"0104,0222"
9372601,Altagracia Cabernet Sauvignon Eisele Vineyard,Eisele Vineyard,1799.0,750 ml,Glasflaska,,USA,,Tillfälligt sortiment,2,"0104,0114"
9594201,Pôpa Amphora Branco,Quinta do Popa,249.0,750 ml,Glasflaska,,Portugal,,Tillfälligt sortiment,2,"0104,0106"
9170201,Latricières-Chambertin Grand Cru Lucien le Moine,Lucien Le Moine,4389.0,750 ml,Glasflaska,,Frankrike,,Tillfälligt sortiment,2,"0104,0114"
9598901,Spinifex Bête Noir,Spinifex,299.0,750 ml,Glasflaska,Fruktigt & Smakrikt,Australien,Shiraz,Tillfälligt sortiment,3,"0104,0172,0237"
9419001,E. Guigal Ermitage Ex Voto Rouge,E Guigal,3849.0,750 ml,Glasflaska,,Frankrike,,Tillfälligt sortiment,2,"0104,0114"
9028501,Barbaresco Bernadot Ceretto,Ceretto,1119.0,750 ml,Glasflaska,,Italien,,Tillfälligt sortiment,3,"0104,0114,0237"
9447201,Philipp Kuhn Kirschgarten Pinot Noir Grosses Gewächs,Weingut Philipp Kuhn,540.0,750 ml,Glasflaska,,Tyskland,,Tillfälligt sortiment,2,"0104,0138"
9015501,Craggy Range Te Muna Pinot Noir,Craggy Range,369.0,750 ml,Glasflaska,,Nya Zeeland,Pinot noir,Tillfälligt sortiment,3,"0104,0114,0237"
9228201,Pietra Marina Ester Canale Giovanni Rosso,Giovanni Rosso,999.0,750 ml,Lättare glasflaska,,Italien,,Tillfälligt sortiment,4,"0104,0114,0211,0237"
9241301,Penfolds Yattarna,Penfolds,1525.0,750 ml,Glasflaska,,Australien,,Tillfälligt sortiment,3,"0104,0114,0216"
9273702,Opus One,Opus One,2195.0,375 ml,Lättare glasflaska,,USA,,Tillfälligt sortiment,3,"0104,0114,0145"
9398601,Hirsch West Ridge Pinot Noir,Hirsch Vineyards,1179.0,750 ml,Glasflaska,,USA,,Tillfälligt sortiment,2,"0104,0114"
9209201,Argentiera Bolgheri Superiore DOC,Argentiera,982.0,750 ml,Glasflaska,,Italien,"Cabernet sauvignon, Merlot, Cabernet franc",Tillfälligt sortiment,3,"0104,0114,0171"
9566101,"Heitz Cellar Trailside Vineyard, Cabernet Sauvignon",Heitz Wine Cellars,2119.0,750 ml,Glasflaska,,USA,,Tillfälligt sortiment,3,"0104,0114,0237"
9298801,Penfolds Grange,Penfolds,7329.0,750 ml,Glasflaska,,Australien,,Tillfälligt sortiment,3,"0104,0114,0145"
9316001,Musigny Grand Cru Vieilles Vignes Domaine Comte Georges de Vogüé,Domaine Comte Georges de Vogüé,10999.0,750 ml,Glasflaska,,Frankrike,,Tillfälligt sortiment,2,"0104,0114"
9438901,Château Latour,Château Latour,9401.0,750 ml,Glasflaska,,Frankrike,,Tillfälligt sortiment,1,0104
9478601,Dominio de Es Carravilla,Domino de Es,3265.0,750 ml,Glasflaska,,Spanien,,Tillfälligt sortiment,2,"0104,0114"
9341901,Château Poujeaux,Château Poujeax,429.0,750 ml,Glasflaska,,Frankrike,,Tillfälligt sortiment,2,"0104,0215"
9483601,Biserno,Biserno,1297.0,750 ml,Glasflaska,,Italien,,Tillfälligt sortiment,2,"0104,0114"
9421301,Chateau Angelus,Château Angelus,5399.0,750 ml,Glasflaska,,Frankrike,,Tillfälligt sortiment,2,"0104,0114"
9576201,Chateau Le Tertre Roteboeuf,Francois Mitjavile,3495.0,750 ml,Glasflaska,,Frankrike,,Tillfälligt sortiment,1,0104
9283201,Roagna Barbaresco Crichët Pajé,Roagna Azienda Agricola I Paglieri S.S,16999.0,750 ml,Glasflaska,,Italien,Nebbiolo,Tillfälligt sortiment,2,"0104,0237"
9584301,Côte Rôtie La Ladonne E. Guigal,E Guigal,3995.0,750 ml,Glasflaska,,Frankrike,,Tillfälligt sortiment,2,"0104,0237"
9444401,Shafer Vineyards Hillside Select,Shafer Vineyards,3849.0,750 ml,Glasflaska,,USA,,Tillfälligt sortiment,2,"0104,0114"
9548201,The Eyrie Chardonnay,Eyrie Vineyards,769.0,750 ml,Glasflaska,,USA,,Tillfälligt sortiment,2,"0104,0237"
9317901,The Hilt Radian Vineyard Pinot Noir,The Hilt,1499.0,750 ml,Glasflaska,,USA,,Tillfälligt sortiment,2,"0104,0237"
9571601,Barolo Mosconi Pio Cesare,Pio Cesare,1299.0,750 ml,Lättare glasflaska,,Italien,,Tillfälligt sortiment,2,"0104,0237"
9228801,Charmes-Chambertin Grand Cru Lucien le Moine,Lucien Le Moine,4399.0,750 ml,Glasflaska,,Frankrike,,Tillfälligt sortiment,2,"0104,0114"
9304101,Chambertin-Clos de Bèze Grand Cru Lucien le Moine,Lucien Le Moine,6599.0,750 ml,Glasflaska,,Frankrike,,Tillfälligt sortiment,2,"0104,0114"
9312301,Rippon Tinker's Field Pinot Noir,Rippon Vineyard & Winery,1099.0,750 ml,Glasflaska,,Nya Zeeland,,Tillfälligt sortiment,1,0104
9519201,Tenuta delle Terre Nere Etna Rosso Dagala di Bocca d'Orzo,Tenuta delle Terre Nere,1295.0,750 ml,Glasflaska,,Italien,,Tillfälligt sortiment,2,"0104,0237"
9247501,Barbaresco Pajorè Sottimano,Azienda Agricola Sottimano,699.0,750 ml,Glasflaska,,Italien,,Tillfälligt sortiment,1,0104
7784601,Santa Helena Cabernet Sauvignon,Viña San Pedro Tarapacá S.A.,69.0,750 ml,Lättare glasflaska,Fruktigt & Smakrikt,Chile,Cabernet sauvignon,Ordervaror,10,"0104,0114,0134,0140,0143,0174,0176,0179,0213,0215"
2015601,Rústico País Viña Bouchon,Viña Bouchon,129.0,750 ml,Lättare glasflaska,Mjukt & Bärigt,Chile,Pais,Ordervaror,5,"0104,0110,0222,0232,0237"
238901,Cecilia Brut,Allan Scott,149.0,750 ml,Lättare glasflaska,Torrt vitt,Nya Zeeland,"Chardonnay, Pinot noir",Ordervaror,4,"0104,0114,0151,0237"
277501,Domaene Gobelsburg Kamptal Grüner Veltliner,Schloss Gobelsburg,159.0,750 ml,Lättare glasflaska,Friskt & Fruktigt,Österrike,Grüner veltliner,Ordervaror,1,0104
7618902,Bricco Quaglia Moscato d ásti,La Spinetta,119.0,375 ml,Glasflaska,Sött,Italien,,Ordervaror,18,"0104,0114,0140,0151,0174,0178,0179,0209,0213,0215,0217,0220,0226,0228,0230,0232,0237,0238"
7498901,Espacio Garnacha,Anora Group PLC,72.0,750 ml,Lättare glasflaska,Mjukt & Bärigt,Spanien,Garnacha,Ordervaror,26,"0104,0106,0107,0114,0134,0136,0140,0143,0145,0147,0167,0170,0173,0174,0179,0201,0202,0209,0213,0215,0217,0220,0222,0229,0230,0237"
204101,Vins el Cep OT Xarel-lo,Vins el Cep,129.0,750 ml,Lättare glasflaska,Friskt & Fruktigt,Spanien,Xarel-lo,Ordervaror,12,"0104,0114,0176,0178,0179,0180,0206,0213,0226,0228,0232,0237"
7608401,Complicado de Miss Li Cava Rosé,Solera Sweden AB,115.0,750 ml,Glasflaska,Rosé,Spanien,,Ordervaror,7,"0104,0134,0215,0220,0226,0232,0237"
5254201,Charles Mignon Organic Brut,Champagne Charles Mignon,329.0,750 ml,Glasflaska,Torrt vitt,Frankrike,,Ordervaror,4,"0104,0114,0175,0238"
5679801,Ultimate Provence Rosé,Ultimate Provence MDVC,189.0,750 ml,Glasflaska,Friskt & Bärigt,Frankrike,,Ordervaror,7,"0104,0151,0176,0211,0228,0232,0238"
7283101,Gremillet Cuvée Prestige Brut,Champagne J-M Gremillet,479.0,750 ml,Glasflaska,Torrt vitt,Frankrike,"Pinot noir, Chardonnay",Ordervaror,7,"0104,0114,0165,0202,0211,0213,0216"
7428501,Silverboom Special Reserve Shiraz Merlot,Taster Wine,89.0,750 ml,Lättare glasflaska,Fruktigt & Smakrikt,Sydafrika,"Merlot, Shiraz",Ordervaror,9,"0104,0106,0114,0134,0147,0151,0179,0232,0238"
5632601,Cortado Domaine de Majas,Domaine de Majas,167.0,750 ml,Lättare glasflaska,Mjukt & Bärigt,Frankrike,"Pinot noir, Vermentino, Merlot",Ordervaror,6,"0104,0114,0151,0167,0170,0237"
268501,Señorío de los Llanos Reserva,Bodegas Vinartis,84.0,750 ml,Lättare glasflaska,Kryddigt & Mustigt,Spanien,Tempranillo,Ordervaror,8,"0104,0178,0182,0208,0210,0214,0219,0232"
7370601,Listel,Listel,89.0,750 ml,Lättare glasflaska,Friskt & Bärigt,Frankrike,"Cinsault, Grenache, Syrah",Ordervaror,9,"0104,0133,0140,0167,0170,0172,0202,0211,0216"
154501,Kaltern Saleit Chardonnay,Kellerei Kaltern,201.0,750 ml,Lättare glasflaska,Friskt & Fruktigt,Italien,Chardonnay,Ordervaror,9,"0104,0136,0179,0202,0211,0215,0220,0237,0238"
205401,Champagne Vieille France Blanc de Noirs,Charles de Cazanove,529.0,750 ml,Glasflaska,Torrt vitt,Frankrike,Pinot noir,Ordervaror,6,"0104,0114,0136,0140,0210,0228"
7065701,Valderiz Sitio,Bodegas Valderiz,179.0,750 ml,Glasflaska,Stramt & Nyanserat,Spanien,Tempranillo,Ordervaror,2,"0104,0215"
279701,El Canto de las Viñas Crianza,Araex Rioja Alavesa (Coop),149.0,750 ml,Glasflaska,Kryddigt & Mustigt,Spanien,Tempranillo,Ordervaror,5,"0104,0114,0174,0213,0215"
788901,Boschendal Brut Chardonnay Pinot Noir,Boschendal Estate,149.0,750 ml,Glasflaska,Torrt vitt,Sydafrika,"Pinot noir, Chardonnay",Ordervaror,6,"0104,0106,0151,0211,0215,0237"
7757301,Buffalo Barrel California Zinfandel,House of Big Wines,119.0,750 ml,Glasflaska,Fruktigt & Smakrikt,USA,Zinfandel,Ordervaror,2,"0104,0114"
259301,Château Pierre de Montignac Médoc Cru Bourgeois Supérieur,EARL de Montignac,165.0,750 ml,Glasflaska,Stramt & Nyanserat,Frankrike,"Cabernet sauvignon, Merlot, Petit verdot",Ordervaror,6,"0104,0114,0140,0151,0211,0237"
1235601,Rust en Vrede Estate,Rust en Vrede Estate,329.0,750 ml,Glasflaska,Fruktigt & Smakrikt,Sydafrika,"Cabernet sauvignon, Syrah, Merlot",Ordervaror,4,"0104,0114,0211,0237"
470501,Campo Alle Comete Stupore,Campo alle Comete/ Feudi group,249.0,750 ml,Glasflaska,Kryddigt & Mustigt,Italien,"Cabernet sauvignon, Merlot, Petit verdot, Syrah",Ordervaror,3,"0104,0110,0228"
5391701,Adega de Monção Vinho Verde,Adega de Monção,129.0,750 ml,Lättare glasflaska,Friskt & Fruktigt,Portugal,"Alvarinho, Trajadura",Ordervaror,6,"0104,0114,0151,0167,0171,0237"
673101,J.P Kämmerer Weissburgunder Trocken,Bratt & Partners,139.0,750 ml,Lättare glasflaska,Friskt & Fruktigt,Tyskland,Weissburgunder,Ordervaror,1,0104
7331701,Sandalwood Pinot Noir,House of Big Wines,99.0,750 ml,Lättare glasflaska,Kryddigt & Mustigt,USA,,Ordervaror,2,"0104,0114"
2008401,Freixenet Elyssia Pinot Noir,Commercial Groupo Freixenet,129.0,750 ml,Glasflaska,Rosé,Spanien,Pinot noir,Ordervaror,3,"0104,0114,0182"
7758806,Nicolas Brobergière Brut,Urban Wines,599.0,1500 ml,Glasflaska,Torrt vitt,Frankrike,,Ordervaror,2,"0104,0137"
754601,André Clouet Silver Brut Nature,André Clouet,399.0,750 ml,Glasflaska,Torrt vitt,Frankrike,Pinot noir,Ordervaror,2,"0104,0211"
7633201,Redoma Branco Niepoort Vinhos,Niepoort Vinhos,239.0,750 ml,Glasflaska,,Portugal,"Arinto, Codega, Rabigato, Viosinho",Ordervaror,1,0104
7531401,Chavost Paradoxe,Champagne Chavost,497.0,750 ml,Glasflaska,Torrt vitt,Frankrike,"Chardonnay, Pinot meunier",Ordervaror,1,0104
7655201,Corte Galena Brunello Di Montalcino,Rossetti Srl.,239.0,750 ml,Glasflaska,,Italien,,Ordervaror,1,0104
2298101,Monterosso Rosso,Nordic Sea Winery,79.0,750 ml,Lättare glasflaska,Fruktigt & Smakrikt,Italien,Sangiovese,Fast sortiment,32,"0106,0107,0113,0135,0147,0148,0150,0168,0177,0178,0182,0205,0206,0208,0209,0210,0214,0217,0218,0219,0220,0222,0223,0225,0226,0227,0228,0229,0232,0234,0235,0236"
535201,Casalforte Ripasso,Collis Heritage S.p.A.,119.0,750 ml,Lättare glasflaska,Kryddigt & Mustigt,Italien,,Fast sortiment,43,"0106,0107,0113,0114,0132,0134,0136,0140,0145,0147,0151,0165,0167,0170,0171,0172,0173,0174,0175,0176,0178,0179,0180,0201,0202,0206,0209,0211,0212,0213,0215,0216,0217,0221,0222,0226,0228,0229,0230,0231,0232,0237,0238"
9401906,Domaene Gobelsburg Rosé,Schloss Gobelsburg,279.0,1500 ml,Lättare glasflaska,Friskt & Bärigt,Österrike,Zweigelt,Tillfälligt sortiment,23,"0106,0114,0133,0134,0135,0136,0137,0138,0140,0143,0147,0151,0163,0167,0174,0178,0179,0202,0216,0220,0221,0228,0237"
276614,Rosé Sparkling Wine Belrose,Arthur Metz,39.0,200 ml,Burk,Rosé,Frankrike,"Grenache, Syrah, Ugni blanc",Fast sortiment,8,"0106,0114,0180,0211,0216,0231,0237,0238"
7747601,Bouchard Aîné & Fils Pinot Noir Rosé,Bouchard Aîné et Fils,99.0,750 ml,Lättare glasflaska,Friskt & Bärigt,Frankrike,Pinot noir,Fast sortiment,11,"0106,0134,0147,0151,0172,0175,0178,0207,0213,0216,0237"
2014101,The Black Chook Grenache,Penny's Hill Estate,129.0,750 ml,Lättare glasflaska,Mjukt & Bärigt,Australien,"Grenache, Shiraz",Fast sortiment,10,"0106,0107,0114,0167,0208,0217,0219,0225,0228,0232"
9036401,Georg Breuer Terra Montosa Riesling,Georg Breuer,329.0,750 ml,Glasflaska,Friskt & Fruktigt,Tyskland,Riesling,Tillfälligt sortiment,11,"0106,0107,0114,0136,0140,0151,0173,0215,0220,0228,0237"
9050601,Ria's Wines Grace Riesling,Ria's Wines,269.0,750 ml,Glasflaska,,USA,Riesling,Tillfälligt sortiment,7,"0106,0114,0136,0143,0151,0175,0237"
9281101,Rogue Vine Jamón Jamón,Rogue Vine,140.0,750 ml,Lättare glasflaska,Fylligt & Smakrikt,Chile,Moscatel,Tillfälligt sortiment,4,"0106,0114,0216,0237"
9276901,Sancerre Les Chasseignes Domaine Du Pré Sémelé,Scev Julien Et Clement Raimbault – Domaine Du Pre Semele,299.0,750 ml,Glasflaska,,Frankrike,Sauvignon blanc,Tillfälligt sortiment,5,"0106,0114,0143,0150,0222"
9361801,Dune El Beyda,Dune Wine,179.0,750 ml,Glasflaska,Druvigt & Blommigt,Australien,"Grenache blanc, Picpoule, Clairette blanche, Grenache gris",Tillfälligt sortiment,7,"0106,0114,0136,0151,0222,0225,0237"
9496001,Zeltinger Schlossberg Auslese *** golden capsule,Weingut Markus Molitor,599.0,750 ml,Glasflaska,Sött,Tyskland,,Tillfälligt sortiment,7,"0106,0165,0176,0217,0220,0221,0230"
9016401,Fontecón Rosé,Bodegas Zarate,299.0,750 ml,Glasflaska,Fruktigt & Smakrikt,Spanien,,Tillfälligt sortiment,5,"0106,0114,0151,0175,0237"
9069301,Arrocal Gumiel de Mercado,Bodegas Arrocal,189.0,750 ml,Glasflaska,Fruktigt & Smakrikt,Spanien,"Garnacha, Tinto fino, Albillo mayor",Tillfälligt sortiment,1,0106
9507701,Decoy Limited Sonoma Coast Chardonnay,Duckhorn Wine Company,259.0,750 ml,Glasflaska,Fylligt & Smakrikt,USA,Chardonnay,Tillfälligt sortiment,3,"0106,0134,0213"
9113401,Adelsheim Staking Claim Chardonnay,Adelsheim Vineyard,421.0,750 ml,Glasflaska,,USA,Chardonnay,Tillfälligt sortiment,6,"0106,0114,0140,0151,0222,0237"
9341801,Askos Susumaniello Rosé Masseria Li Veli,Masseria Li Veli,189.0,750 ml,Glasflaska,Friskt & Bärigt,Italien,Susumaniello,Tillfälligt sortiment,3,"0106,0140,0237"
9556601,Riesling Ried Steinhaus 1ÖTW Weingut Hiedler,Weingut Hiedler,300.0,750 ml,Glasflaska,,Österrike,Riesling,Tillfälligt sortiment,5,"0106,0114,0143,0151,0237"
9328101,Valcuerna El Origen Clarete,Bodegas Valcuerna,299.0,750 ml,Glasflaska,Fruktigt & Smakrikt,Spanien,"Garnacha, Viura",Tillfälligt sortiment,4,"0106,0114,0136,0151"
9571901,GB Spätburgunder Rosé Georg Breuer,Georg Breuer,159.0,750 ml,Lättare glasflaska,Friskt & Bärigt,Tyskland,Spätburgunder,Tillfälligt sortiment,2,"0106,0136"
9389901,Chocolate No 4 Bodegas Izadi,Bodegas Izadi,299.0,750 ml,Glasflaska,Fylligt & Smakrikt,Spanien,,Tillfälligt sortiment,6,"0106,0114,0136,0143,0151,0237"
9292601,Crozes-Hermitage Graeme & Julie Bott,Domaine Graeme & Julie Bott,329.0,750 ml,Glasflaska,,Frankrike,Syrah,Tillfälligt sortiment,3,"0106,0150,0179"
9492701,Cantina Terlan Pinot Bianco Vorberg Riserva,Cantina Terlan,329.0,750 ml,Glasflaska,Friskt & Fruktigt,Italien,Pinot bianco,Tillfälligt sortiment,2,"0106,0175"
9289201,Contino Rosado Reserva,Viñedos del Contino,299.0,750 ml,Lättare glasflaska,,Spanien,"Garnacha, Graciano, Mazuelo",Tillfälligt sortiment,2,"0106,0237"
9359901,Chateauneuf-du-Pape Domaine de la Janasse,Domaine de la Janasse,479.0,750 ml,Glasflaska,,Frankrike,"Cinsault, Grenache, Mourvèdre, Syrah",Tillfälligt sortiment,1,0106
9281401,Fileri Rosé de Gris,Nestor Winery,179.0,750 ml,Glasflaska,Fruktigt & Smakrikt,Grekland,,Tillfälligt sortiment,3,"0106,0114,0147"
9004401,Barbaresco Vie Erte Fratelli Cigliuti,Fratelli Cigliuti,439.0,750 ml,Glasflaska,Stramt & Nyanserat,Italien,Nebbiolo,Tillfälligt sortiment,2,"0106,0237"
9322901,Ripa Rosado,José Luis Ripa Sáenz de Navarrete,299.0,750 ml,Glasflaska,Fruktigt & Smakrikt,Spanien,"Garnacha, Tempranillo",Tillfälligt sortiment,2,"0106,0151"
3952602,Högberga Blåbärs-bubbel,Högberga Vinfabrik,78.0,330 ml,Glasflaska,Fruktvin,Sverige,,Lokalt & Småskaligt,2,"0106,0211"
3355001,Högberga Natur Petit Verdot Sangiovese,Högberga Vinfabrik,254.0,750 ml,Glasflaska,Fruktigt & Smakrikt,EU,"Petit verdot, Sangiovese",Lokalt & Småskaligt,2,"0106,0211"
9033701,ODE Quarteto,ODE Winery,249.0,750 ml,Glasflaska,,Portugal,"Alicante bouschet, Touriga naçional, Trincadeira, Cabernet sauvignon",Tillfälligt sortiment,1,0106
560001,Jurtschitsch Rosé vom Zweigelt,Weingut Jurtschitsch,125.0,750 ml,Lättare glasflaska,Friskt & Bärigt,Österrike,Zweigelt,Ordervaror,12,"0106,0138,0151,0170,0171,0176,0211,0217,0222,0230,0231,0237"
226901,Kleine Zalze Cellar Selection Fairtrade Red Blend,Kleine Zalze,119.0,750 ml,Lättare glasflaska,Fruktigt & Smakrikt,Sydafrika,"Cabernet sauvignon, Sangiovese, Shiraz",Ordervaror,21,"0106,0107,0110,0114,0137,0143,0144,0145,0167,0170,0176,0180,0201,0202,0204,0207,0220,0224,0230,0231,0237"
7326801,Casa Nero  Piemonte Rosso Autentico,Globus Wine A/S,96.0,1000 ml,Lättare glasflaska,Fruktigt & Smakrikt,Italien,"Barbera, Nebbiolo",Ordervaror,23,"0106,0132,0135,0137,0140,0143,0147,0151,0165,0168,0174,0177,0178,0205,0209,0210,0211,0213,0220,0228,0231,0232,0237"
2016001,De Bortoli DB Chardonnay,De Bortoli Wines Pty Ltd,114.0,750 ml,Lättare glasflaska,Friskt & Fruktigt,Australien,Chardonnay,Ordervaror,22,"0106,0107,0132,0144,0150,0165,0167,0168,0170,0177,0180,0182,0202,0204,0207,0208,0209,0210,0219,0222,0224,0239"
7550001,Château Le Grand Moulin Bordeaux,Carovin AB,119.0,750 ml,Glasflaska,Fruktigt & Smakrikt,Frankrike,,Ordervaror,14,"0106,0114,0132,0147,0150,0171,0174,0176,0179,0221,0222,0232,0237,0238"
2015001,Euphoria Spumante,Oenoforos AB,109.0,750 ml,Lättare glasflaska,Torrt vitt,Italien,,Ordervaror,7,"0106,0110,0151,0176,0209,0222,0232"
7408101,Maison Robert Olivier Blanc,Jean Biecher,129.0,750 ml,Glasflaska,Druvigt & Blommigt,Frankrike,,Ordervaror,5,"0106,0147,0180,0208,0226"
2008801,Graach Himmelreich Riesling Spätlese,S.A Prum,309.0,750 ml,Glasflaska,,Tyskland,,Ordervaror,9,"0106,0167,0170,0172,0201,0202,0217,0226,0230"
253001,Vigno Odfjell Carignan,Odfjell Vineyards,299.0,750 ml,Glasflaska,Fruktigt & Smakrikt,Chile,Carignan,Ordervaror,5,"0106,0107,0147,0167,0238"
547001,Bourgogne Vieilles Vignes de Pinot Noir Albert Bichot,Albert Bichot,179.0,750 ml,Glasflaska,Mjukt & Bärigt,Frankrike,Pinot noir,Ordervaror,3,"0106,0114,0151"
215801,Domaine de Collavery,Les Quatre Tours,112.0,750 ml,Lättare glasflaska,Friskt & Bärigt,Frankrike,,Fast sortiment,64,"0107,0110,0113,0114,0132,0133,0134,0135,0137,0138,0140,0143,0144,0145,0147,0148,0150,0151,0163,0165,0167,0168,0171,0173,0174,0175,0176,0177,0178,0182,0201,0202,0204,0205,0206,0207,0208,0209,0210,0211,0212,0214,0215,0217,0218,0219,0220,0221,0222,0223,0224,0225,0226,0227,0228,0229,0230,0231,0232,0234,0235,0236,0237,0239"
5506201,Il Barone Cava,ViniMundi,97.0,750 ml,Glasflaska,Halvtorrt vitt,Spanien,"Macabeo, Parellada, Xarel-lo",Fast sortiment,49,"0107,0114,0134,0135,0140,0148,0150,0151,0167,0168,0171,0172,0173,0174,0175,0176,0177,0178,0179,0182,0202,0205,0206,0208,0209,0210,0211,0212,0213,0214,0215,0216,0217,0218,0219,0221,0222,0223,0225,0226,0227,0228,0229,0230,0232,0234,0235,0236,0238"
2229901,Domaine Lalande Réserve Merlot,Domaine Lalande,80.0,750 ml,Lättare glasflaska,Fruktigt & Smakrikt,Frankrike,Merlot,Fast sortiment,31,"0107,0113,0135,0140,0147,0165,0168,0170,0172,0174,0175,0177,0178,0180,0182,0201,0206,0208,0209,0210,0214,0215,0217,0218,0219,0222,0225,0226,0228,0229,0232"
9009634,Leva Cabernet Shiraz Rosé,Sortoizpitvane Sungurlare,39.0,250 ml,Burk,Fruktigt & Smakrikt,Bulgarien,"Cabernet sauvignon, Shiraz",Tillfälligt sortiment,21,"0107,0132,0133,0136,0145,0163,0170,0173,0177,0179,0180,0202,0207,0209,0210,0217,0224,0229,0231,0232,0237"
7251301,GW :s Italienare,Tegnér Spirits & Wine AB,99.0,750 ml,Lättare glasflaska,Fruktigt & Smakrikt,Italien,Primitivo,Fast sortiment,13,"0107,0171,0177,0178,0182,0209,0217,0219,0222,0226,0228,0232,0234"
9045001,Andrea Felici Verdicchio dei Castelli di Jesi,Az. Agr. Andrea Felici,191.0,750 ml,Glasflaska,Friskt & Fruktigt,Italien,Verdicchio,Tillfälligt sortiment,23,"0107,0110,0113,0114,0132,0135,0136,0137,0140,0143,0167,0171,0177,0179,0180,0201,0202,0205,0206,0215,0221,0230,0238"
9410801,Free to Be Concrete Carbonic Pinotage,Remhoogte Wine Estate,179.0,750 ml,Glasflaska,Fruktigt & Smakrikt,Sydafrika,Pinotage,Tillfälligt sortiment,11,"0107,0110,0114,0132,0140,0151,0165,0221,0222,0225,0230"
9216501,Pyramid Valley Sauvignon Blanc North Canterbury,Pyramid Valley Vineyards,170.0,750 ml,Glasflaska,Friskt & Fruktigt,Nya Zeeland,Sauvignon blanc,Tillfälligt sortiment,10,"0107,0110,0113,0114,0136,0143,0151,0171,0172,0237"
9512001,Calabretta Vigne Vecchie Nerello Mascalese,Pro.Ma.T di Massimiliano Calabretta,281.0,750 ml,Glasflaska,Kryddigt & Mustigt,Italien,Nerello mascalese,Tillfälligt sortiment,9,"0107,0110,0114,0136,0140,0151,0210,0237,0238"
9316801,Eva Fricke Blanc de Noir Brut Nature,Weingut Eva Fricke,289.0,750 ml,Glasflaska,,Tyskland,Pinot noir,Tillfälligt sortiment,11,"0107,0110,0136,0138,0140,0175,0177,0210,0215,0220,0237"
9122901,Cannonau Le Anfore,Olianas,240.0,750 ml,Glasflaska,Mjukt & Bärigt,Italien,Cannonau,Tillfälligt sortiment,6,"0107,0110,0114,0151,0177,0237"
9361301,Weingut Horst Sauer Escherndorfer Fürstenberg Müller-Thurgau,Weingut Horst Sauer,160.0,750 ml,Glasflaska,Friskt & Fruktigt,Tyskland,Müller-thurgau,Tillfälligt sortiment,8,"0107,0136,0140,0143,0147,0151,0215,0234"
9010401,La Dilettante Brut Catherine et Pierre Breton,Domaine Catherine et Pierre Breton,231.0,750 ml,Glasflaska,Torrt vitt,Frankrike,Chenin blanc,Tillfälligt sortiment,3,"0107,0177,0179"
9301701,Nerocapitano Frappato,Azienda Agricola Lamoresca,230.0,750 ml,Lättare glasflaska,Mjukt & Bärigt,Italien,Frappato,Tillfälligt sortiment,3,"0107,0210,0215"
201301,Smashing Plates Xinomavro Syrah Merlot,Premiumpartners AB,99.0,750 ml,Lättare glasflaska,Kryddigt & Mustigt,Grekland,"Xynomavro, Syrah, Merlot",Fast sortiment,3,"0107,0217,0228"
9011101,Pike Road Willamette Valley Chardonnay,Pike Road Wines,199.0,750 ml,Glasflaska,Fylligt & Smakrikt,USA,Chardonnay,Tillfälligt sortiment,1,0107
9392101,Viña Casa Marin Sauvignon Blanc Cipreses Vineyard,Viña Casa Marin,249.0,750 ml,Glasflaska,,Chile,Sauvignon blanc,Tillfälligt sortiment,1,0107
2010201,Jurtschitsch Riesling Platin,Weingut Jurtschitsch,149.0,750 ml,Lättare glasflaska,Friskt & Fruktigt,Österrike,Riesling,Ordervaror,5,"0107,0114,0134,0232,0237"
7308501,Castelmondo Prosecco Extra Dry,Winepartners Nordic AB,89.0,750 ml,Glasflaska,Torrt vitt,Italien,Glera,Ordervaror,6,"0107,0178,0206,0210,0217,0222"
212502,Gardo Morris Noble Riesling,Gardo Morris Wines,139.0,375 ml,Glasflaska,Sött,Nya Zeeland,,Ordervaror,4,"0107,0204,0220,0221"
252014,In the MOOD for Cinsault,Perdeberg Winery,39.0,250 ml,Burk,Mjukt & Bärigt,Sydafrika,Cinsault,Fast sortiment,21,"0110,0134,0135,0150,0168,0177,0178,0182,0206,0208,0209,0214,0217,0218,0219,0222,0225,0226,0228,0229,0234"
2015801,Casas Patronales Maucho Malbec,Casas Patronales,99.0,750 ml,Lättare glasflaska,Fruktigt & Smakrikt,Chile,Malbec,Fast sortiment,23,"0110,0114,0133,0135,0150,0168,0177,0178,0182,0206,0208,0209,0214,0216,0217,0218,0219,0222,0225,0226,0228,0229,0232"
313414,Foot of Africa Rosé,Kleine Zalze,49.0,250 ml,Burk,Friskt & Bärigt,Sydafrika,,Fast sortiment,11,"0110,0133,0168,0172,0176,0178,0182,0225,0226,0229,0232"
261915,Leva Chardonnay Dimiat & Muscat,Vinex Slavyantsi,39.0,250 ml,Burk,Druvigt & Blommigt,Bulgarien,"Chardonnay, Dimiat, Muscat",Fast sortiment,7,"0110,0132,0147,0175,0217,0230,0237"
9323301,Jim Barry Lodge Hill Shiraz,Jim Barry,169.0,750 ml,Glasflaska,Fruktigt & Smakrikt,Australien,Shiraz,Tillfälligt sortiment,19,"0110,0114,0134,0136,0140,0143,0144,0145,0151,0170,0171,0177,0178,0202,0217,0230,0232,0234,0237"
9270001,Can Sumoi Garnaxta Sumoll,Can Sumoi,199.0,750 ml,Glasflaska,Fruktigt & Smakrikt,Spanien,"Garnatxa, Sumoll",Tillfälligt sortiment,13,"0110,0113,0114,0134,0136,0140,0147,0151,0165,0178,0220,0230,0237"
9231201,Manuel Formigo Finca Teira,Adega Manuel Formigo,149.0,750 ml,Glasflaska,Friskt & Fruktigt,Spanien,,Tillfälligt sortiment,15,"0110,0114,0132,0135,0137,0143,0150,0151,0173,0177,0178,0206,0230,0231,0238"
9318801,Exton Park RB32,Exton Park,399.0,750 ml,Glasflaska,,Storbritannien,"Pinot noir, Chardonnay",Tillfälligt sortiment,16,"0110,0113,0114,0132,0136,0138,0140,0143,0150,0163,0175,0210,0220,0223,0237,0238"
9529901,Saint Pourcain Les Gravoches Les Terres d'Ocre,Les Terres d'Ocre,229.0,750 ml,Glasflaska,Fylligt & Smakrikt,Frankrike,,Tillfälligt sortiment,12,"0110,0114,0133,0140,0144,0151,0179,0206,0213,0215,0228,0237"
9250801,Aphros Loureiro,Adega Aphros Wine,179.0,1000 ml,Lättare glasflaska,Friskt & Fruktigt,Portugal,Loureiro,Tillfälligt sortiment,4,"0110,0147,0177,0235"
9614601,Domaine Laroche Chablis Premier Cru Les Montmains,Domaine Laroche,350.0,750 ml,Glasflaska,Friskt & Fruktigt,Frankrike,Chardonnay,Tillfälligt sortiment,7,"0110,0167,0178,0179,0210,0230,0238"
9429901,Kung Fu Malbec,Riccitelli Wines,229.0,750 ml,Glasflaska,Fruktigt & Smakrikt,Argentina,Malbec,Tillfälligt sortiment,11,"0110,0114,0140,0143,0172,0178,0210,0211,0222,0225,0238"
9253401,Pic Saint Loup l'Olivette Clos Marie,Clos Marie,279.0,750 ml,Glasflaska,Fruktigt & Smakrikt,Frankrike,,Tillfälligt sortiment,11,"0110,0113,0114,0140,0202,0211,0213,0215,0230,0237,0238"
9363901,Tegernseerhof Bergdistel Riesling Smaragd,Weingut Tegernseerhof,249.0,750 ml,Glasflaska,,Österrike,Riesling,Tillfälligt sortiment,11,"0110,0114,0136,0140,0144,0151,0176,0179,0215,0223,0237"
9517101,Phermento Lambrusco di Sorbara,Medici Ermete & Figli,189.0,750 ml,Glasflaska,Mjukt & Bärigt,Italien,Lambrusco di sorbara,Tillfälligt sortiment,6,"0110,0113,0138,0210,0215,0237"
9440001,Greystone Petillant Naturel,Greystone Wines,219.0,750 ml,Glasflaska,,Nya Zeeland,,Tillfälligt sortiment,3,"0110,0134,0177"
9511701,Fulcrand Cabanon Blanc Sec L'Estabel,L'Estabel,126.0,750 ml,Lättare glasflaska,Friskt & Fruktigt,Frankrike,Clairette,Tillfälligt sortiment,4,"0110,0206,0217,0227"
9224301,Pino Román Pipeño,Ignacio Pino Román,199.0,1000 ml,Lättare glasflaska,Mjukt & Bärigt,Chile,,Tillfälligt sortiment,9,"0110,0114,0136,0143,0144,0213,0215,0237,0238"
9298601,Costadilà 330 SLM,Costadilà,224.0,750 ml,Glasflaska,,Italien,Glera,Tillfälligt sortiment,7,"0110,0140,0147,0179,0210,0220,0228"
9355701,Spier Creative Block 5,Spier Wines a Division of Spier Farm Management (Pty) Ltd,199.0,750 ml,Glasflaska,Fruktigt & Smakrikt,Sydafrika,"Cabernet sauvignon, Merlot, Cabernet franc, Malbec, Petit verdot",Tillfälligt sortiment,6,"0110,0114,0177,0178,0211,0234"
9021301,On L’appelle Négrette Fronton Rouge,Château Coutinel,149.0,750 ml,Glasflaska,Fruktigt & Smakrikt,Frankrike,Négrette,Tillfälligt sortiment,3,"0110,0151,0217"
9212401,Boya Pinot Noir,Viña Garcés Silva,169.0,750 ml,Glasflaska,Kryddigt & Mustigt,Chile,Pinot noir,Tillfälligt sortiment,4,"0110,0114,0132,0140"
9432101,Bargemone Rosé Minuit,Domaine Bargemone,139.0,750 ml,Lättare glasflaska,Friskt & Bärigt,Frankrike,,Tillfälligt sortiment,4,"0110,0114,0227,0238"
9508901,Villa Maria Cellar Selection Chardonnay,Villa Maria Estate,199.0,750 ml,Lättare glasflaska,Fylligt & Smakrikt,Nya Zeeland,Chardonnay,Tillfälligt sortiment,2,"0110,0150"
9124801,Lacrimarosa Mastroberardino,Mastroberardino,175.0,750 ml,Glasflaska,Friskt & Bärigt,Italien,Aglianico,Tillfälligt sortiment,5,"0110,0114,0136,0138,0140"
9041901,Sancerre Côte de Champtin Blanc,Domaine Roger Champault,299.0,750 ml,Glasflaska,Friskt & Fruktigt,Frankrike,Sauvignon blanc,Tillfälligt sortiment,4,"0110,0114,0215,0218"
9635901,Wolf & Woman Chenin Blanc,Wolf & Woman,249.0,750 ml,Glasflaska,,Sydafrika,Chenin blanc,Tillfälligt sortiment,7,"0110,0151,0165,0180,0221,0230,0237"
9296201,Celler del Roure Vermell,Celler del Roure,160.0,750 ml,Lättare glasflaska,Mjukt & Bärigt,Spanien,,Tillfälligt sortiment,2,"0110,0237"
9308901,Les Rocailles Roussette de Savoie Maison Philippe Viallet,Maison Philippe Viallet,200.0,750 ml,Lättare glasflaska,Friskt & Fruktigt,Frankrike,Altesse,Tillfälligt sortiment,7,"0110,0114,0140,0178,0202,0222,0225"
9371801,Rosso di Montalcino Tenuta di Collosorbo,Tenuta di Collosorbo,220.0,750 ml,Glasflaska,Kryddigt & Mustigt,Italien,Sangiovese,Tillfälligt sortiment,3,"0110,0114,0221"
9287501,Bourgeuil Trinch Domaine Catherine et Pierre Breton,Domaine Catherine et Pierre Breton,189.0,750 ml,Glasflaska,Fruktigt & Smakrikt,Frankrike,Cabernet franc,Tillfälligt sortiment,7,"0110,0113,0136,0140,0151,0215,0238"
9514001,Viña Arana Gran Reserva,La Rioja Alta,369.0,750 ml,Glasflaska,Kryddigt & Mustigt,Spanien,"Tempranillo, Graciano",Tillfälligt sortiment,10,"0110,0113,0136,0138,0143,0163,0171,0172,0211,0238"
9028401,Weingut Wechsler Westhofener Riesling Kalk,Weingut Katharina Wechsler,239.0,750 ml,Lättare glasflaska,Friskt & Fruktigt,Tyskland,Riesling,Tillfälligt sortiment,5,"0110,0134,0179,0215,0238"
9284801,Maciòn Valpolicella Ripasso,La Collina dei Ciliegi,159.0,750 ml,Lättare glasflaska,Kryddigt & Mustigt,Italien,"Corvina, Corvinone, Rondinella",Tillfälligt sortiment,3,"0110,0114,0140"
9420301,4Kilos 12 Volts,4Kilos,259.0,750 ml,Glasflaska,Fruktigt & Smakrikt,Spanien,"Cabernet sauvignon, Syrah, Fogoneu, Callet",Tillfälligt sortiment,5,"0110,0114,0136,0140,0220"
9388201,Adalia Valpolicella Ripasso Superiore Balt,Azienda Agricola Camerani Marinella,159.0,750 ml,Lättare glasflaska,Kryddigt & Mustigt,Italien,,Tillfälligt sortiment,7,"0110,0113,0114,0137,0143,0217,0237"
9486401,Domaine Pellé Menetou-Salon Morogues,Domaine Pellé,249.0,750 ml,Glasflaska,Friskt & Fruktigt,Frankrike,Sauvignon blanc,Tillfälligt sortiment,5,"0110,0114,0140,0151,0238"
9053201,Casa Castillo El Molar,Casa Castillo,261.0,750 ml,Lättare glasflaska,Fruktigt & Smakrikt,Spanien,Garnacha,Tillfälligt sortiment,4,"0110,0114,0151,0175"
9570701,Tua Rita Perlato del Bosco Vermentino,Tua Rita,199.0,750 ml,Glasflaska,Friskt & Fruktigt,Italien,Vermentino,Tillfälligt sortiment,5,"0110,0140,0143,0206,0220"
9366701,Weingut Dönnhoff Stückfass Chardonnay,Weingut Dönnhoff,219.0,750 ml,Lättare glasflaska,,Tyskland,Chardonnay,Tillfälligt sortiment,4,"0110,0136,0151,0231"
9180101,Le Clos du Serres Sainte-Pauline,Famille Fillon,179.0,750 ml,Glasflaska,Kryddigt & Mustigt,Frankrike,"Syrah, Carignan, Grenache",Tillfälligt sortiment,4,"0110,0114,0140,0237"
9394502,Or des Dentelles Domaine de Coyeux,Domaine de Coyeux,111.0,375 ml,Glasflaska,Sött,Frankrike,,Tillfälligt sortiment,5,"0110,0134,0136,0213,0215"
9457201,Crystallum The Agnes Chardonnay,Crystallum Wines,349.0,750 ml,Glasflaska,,Sydafrika,Chardonnay,Tillfälligt sortiment,5,"0110,0114,0140,0151,0237"
9017301,Pyros Pedrenal Valley Malbec organic,Pyros Wines,176.0,750 ml,Glasflaska,Fruktigt & Smakrikt,Argentina,Malbec,Tillfälligt sortiment,1,0110
9220001,Lagar de Cervera Albariño,Lagar de Fornelos,189.0,750 ml,Glasflaska,Friskt & Fruktigt,Spanien,Albariño,Tillfälligt sortiment,4,"0110,0114,0147,0179"
9582401,Corte Sant'Alda Ca'Fiui Valpolicella,Azienda Agricola Camerani Marinella,199.0,750 ml,Glasflaska,Kryddigt & Mustigt,Italien,,Tillfälligt sortiment,1,0110
9264501,Gaja Sito Moresco,Gaja,499.0,750 ml,Glasflaska,Stramt & Nyanserat,Italien,"Barbera, Nebbiolo",Tillfälligt sortiment,5,"0110,0136,0140,0151,0215"
9330601,Pacina,Pacina,299.0,750 ml,Lättare glasflaska,Kryddigt & Mustigt,Italien,Sangiovese,Tillfälligt sortiment,1,0110
9304001,Ripa della Volta Valpolicella Ripasso,Società Agricola Ripa della Volta S.r.l.,160.0,750 ml,Glasflaska,Kryddigt & Mustigt,Italien,,Tillfälligt sortiment,1,0110
9318701,Susana Balbo Signature Barrel Fermented Torrontés,Susana Balbo Wines,189.0,750 ml,Glasflaska,Druvigt & Blommigt,Argentina,Torrontés,Tillfälligt sortiment,5,"0110,0138,0147,0177,0225"
9300901,Masseria Li Veli Askos Verdeca,Masseria Li Veli,199.0,750 ml,Glasflaska,Friskt & Fruktigt,Italien,Verdeca,Tillfälligt sortiment,4,"0110,0136,0220,0222"
9018201,Graci Etna Rosso,GRACI,239.0,750 ml,Glasflaska,Kryddigt & Mustigt,Italien,Nerello mascalese,Tillfälligt sortiment,4,"0110,0177,0217,0221"
9287101,Langmeil Rough Diamond Grenache,Langmeil Winery,200.0,750 ml,Lättare glasflaska,Mjukt & Bärigt,Australien,Grenache,Tillfälligt sortiment,6,"0110,0114,0134,0136,0140,0216"
9433801,Márcio Lopes Permitido Branco Reserva,Marcio Lopes,190.0,750 ml,Lättare glasflaska,Friskt & Fruktigt,Portugal,"Arinto, Gouveio, Rabigato, Viosinho",Tillfälligt sortiment,2,"0110,0222"
9301501,Viore Rosado,Bodegas Riojanas Grupo,99.0,750 ml,Lättare glasflaska,Fruktigt & Smakrikt,Spanien,"Garnacha, Tinta de toro",Tillfälligt sortiment,2,"0110,0180"
9115601,Cinque Terre Terenzuola,TERENZUOLA DI IVAN GIULIANI,279.0,750 ml,Glasflaska,Friskt & Fruktigt,Italien,"Albarola, Vermentino, Bosco, Rossese",Tillfälligt sortiment,3,"0110,0136,0147"
9040501,Jacob's Creek Le Petit Rosé,Pernod Ricard Winemakers,109.0,750 ml,Glasflaska,Fruktigt & Smakrikt,Australien,"Pinot noir, Mataro, Grenache",Tillfälligt sortiment,2,"0110,0218"
9310201,Lodge Hill Riesling,Jim Barry,169.0,750 ml,Glasflaska,Friskt & Fruktigt,Australien,Riesling,Tillfälligt sortiment,2,"0110,0230"
9481301,Chignin Bergeron Les Terrasses,André et Michel Quenard,229.0,750 ml,Glasflaska,Fylligt & Smakrikt,Frankrike,Roussanne,Tillfälligt sortiment,5,"0110,0138,0140,0179,0213"
9243901,La Joya Gran Reserva Rosado,Vina Bisquertt,141.0,750 ml,Lättare glasflaska,Fruktigt & Smakrikt,Chile,,Tillfälligt sortiment,3,"0110,0114,0144"
9296601,Punt Road Gamay,Punt Road Wines,189.0,750 ml,Lättare glasflaska,Mjukt & Bärigt,Australien,Gamay,Tillfälligt sortiment,1,0110
9279201,Il Cascinone Crocera Barbera d'Asti Superiore,Il Cascinone,150.0,750 ml,Lättare glasflaska,Fruktigt & Smakrikt,Italien,Barbera,Tillfälligt sortiment,1,0110
9548001,P Nivole Moscato,Michele Chiarlo,219.0,750 ml,Glasflaska,Sött,Italien,,Tillfälligt sortiment,2,"0110,0172"
1332601,Livverá Criolla,Escala Humana Livverá Sangiovese,179.0,750 ml,Glasflaska,Mjukt & Bärigt,Argentina,Criolla,Tillfälligt sortiment,2,"0110,0114"
9338301,Valpolicella Classico Superiore Vini Pietro Clementi,Vini Pietro Clementi,199.0,750 ml,Lättare glasflaska,Kryddigt & Mustigt,Italien,,Tillfälligt sortiment,2,"0110,0178"
9128801,Chiroubles Cuvée Tradition,Domaine Cheysson,189.0,750 ml,Glasflaska,Fruktigt & Smakrikt,Frankrike,Gamay,Tillfälligt sortiment,1,0110
9534301,Quinta de Chocapalha Cabernet Sauvignon,Casa Agrícola das Mimosas,179.0,750 ml,Lättare glasflaska,Fruktigt & Smakrikt,Portugal,Cabernet sauvignon,Tillfälligt sortiment,2,"0110,0114"
9241401,Uccelliera Rosso di Montalcino,Uccelliera,251.0,750 ml,Glasflaska,Kryddigt & Mustigt,Italien,Sangiovese,Tillfälligt sortiment,1,0110
9483701,Marcillac Les Cros,Domaine du Cros,159.0,750 ml,Lättare glasflaska,Fruktigt & Smakrikt,Frankrike,Fer-servadou,Tillfälligt sortiment,1,0110
7933201,Bassermann-Jordan Riesling Trocken,Dr von Bassermann-Jordan,169.0,750 ml,Lättare glasflaska,Friskt & Fruktigt,Tyskland,Riesling,Ordervaror,1,0110
7209301,Reichsrat von Buhl Riesling Trocken,Reichsrat von Buhl,149.0,750 ml,Lättare glasflaska,Friskt & Fruktigt,Tyskland,Riesling,Ordervaror,1,0110
792301,Cava Aurèlia Brut Nature Gran Reserva,Castell d'Age,169.0,750 ml,Glasflaska,Torrt vitt,Spanien,,Ordervaror,1,0110
2009501,La Val Albariño,Bodegas La Val,169.0,750 ml,Lättare glasflaska,Friskt & Fruktigt,Spanien,Albariño,Ordervaror,4,"0110,0114,0134,0136"
5368301,Château des Jacques Morgon Côte du Py,Maison Louis Jadot,319.0,750 ml,Glasflaska,,Frankrike,Gamay,Ordervaror,1,0110
5538301,Piedra Negra Gran Lurton Blanco,Bodega Piedra Negra,279.0,750 ml,Glasflaska,,Argentina,,Ordervaror,1,0110
7356501,Barroca Da Malhada BAGA Clarete,Barroca Da Malhada,266.0,750 ml,Glasflaska,,Portugal,Baga,Ordervaror,1,0110
9339501,Savigny-Les-Beaune Goudelettes Antonin Guyon,Antonin Guyon,477.0,750 ml,Glasflaska,Kryddigt & Mustigt,Frankrike,Pinot noir,Tillfälligt sortiment,11,"0113,0136,0138,0151,0171,0211,0213,0215,0220,0237,0238"
9210201,Ramon do Casar Nobre,Ramon do Casar,229.0,750 ml,Glasflaska,Fylligt & Smakrikt,Spanien,,Tillfälligt sortiment,13,"0113,0114,0134,0136,0147,0151,0179,0206,0213,0218,0221,0237,0238"
9432001,Heerkretz Riesling Grosses Gewächs,Wagner Stempel,349.0,750 ml,Glasflaska,Friskt & Fruktigt,Tyskland,Riesling,Tillfälligt sortiment,8,"0113,0137,0143,0163,0210,0215,0220,0225"
9378101,Monte del Frá Sexaginta Custoza Superiore,Azienda Agricola Monte del Frà s.s.,249.0,750 ml,Glasflaska,Friskt & Fruktigt,Italien,"Cortese, Garganega, Trebbiano toscano",Tillfälligt sortiment,10,"0113,0114,0136,0144,0151,0179,0202,0213,0220,0237"
9293801,Marine Layer Aries Chardonnay,Valkyrie Selections,429.0,750 ml,Glasflaska,Fylligt & Smakrikt,USA,Chardonnay,Tillfälligt sortiment,6,"0113,0114,0134,0140,0151,0220"
9399501,Claré J.C. Langhe Nebbiolo,G.D. Vajra,179.0,750 ml,Glasflaska,Fruktigt & Smakrikt,Italien,Nebbiolo,Tillfälligt sortiment,2,"0113,0205"
9284101,Château Lagrange,Château Lagrange,779.0,750 ml,Glasflaska,Stramt & Nyanserat,Frankrike,,Tillfälligt sortiment,11,"0113,0114,0136,0138,0144,0150,0151,0171,0172,0174,0213"
9208301,A Quo Montepeloso,Montepeloso,199.0,750 ml,Glasflaska,Fruktigt & Smakrikt,Italien,,Tillfälligt sortiment,6,"0113,0114,0136,0151,0211,0237"
9025101,Logan Weemala Pinot Noir,Logan Wines,159.0,750 ml,Glasflaska,Kryddigt & Mustigt,Australien,Pinot noir,Tillfälligt sortiment,2,"0113,0165"
9450301,Craven Wines The Firs Vineyard Syrah,Craven Wines,229.0,750 ml,Glasflaska,,Sydafrika,Syrah,Tillfälligt sortiment,5,"0113,0114,0136,0151,0237"
9225101,Greywacke Wild Sauvignon,Greywacke Vineyards,259.0,750 ml,Lättare glasflaska,,Nya Zeeland,Sauvignon blanc,Tillfälligt sortiment,4,"0113,0114,0136,0143"
9242001,Gigondas Domaine Raspail-Ay,Domaine Raspail-Ay,299.0,750 ml,Glasflaska,Kryddigt & Mustigt,Frankrike,"Grenache, Syrah, Mourvèdre",Tillfälligt sortiment,7,"0113,0114,0143,0150,0171,0211,0237"
9118301,Château de La Chaize Côte de Brouilly Lieu-dit Brulhié,Chateau De La Chaize,349.0,750 ml,Glasflaska,,Frankrike,,Tillfälligt sortiment,7,"0113,0114,0136,0140,0151,0215,0237"
9439601,Veronica Ortega La LLorona,Veronica Ortega Camacho,350.0,750 ml,Glasflaska,Fylligt & Smakrikt,Spanien,Godello,Tillfälligt sortiment,6,"0113,0114,0140,0151,0168,0237"
9209101,El Jabali Chardonnay Alma Rosa,Alma Rosa Winery & Vineyards,499.0,750 ml,Glasflaska,Fylligt & Smakrikt,USA,Chardonnay,Tillfälligt sortiment,5,"0113,0114,0140,0151,0237"
9299201,Geisenheim Rothenberg Grosses Gewächs Weingüter Wegeler,Weingüter Wegeler,699.0,750 ml,Glasflaska,Friskt & Fruktigt,Tyskland,Riesling,Tillfälligt sortiment,3,"0113,0151,0175"
9362101,Capraia Chianti Classico Riserva,Tenuta Di Capraia,249.0,750 ml,Glasflaska,Kryddigt & Mustigt,Italien,Sangiovese,Tillfälligt sortiment,2,"0113,0222"
7868301,Luceviva Orange,Urban Wines,119.0,750 ml,Glasflaska,Fylligt & Smakrikt,Italien,,Ordervaror,4,"0113,0171,0174,0237"
5468001,Tri Morave White,Temet,188.0,750 ml,Glasflaska,,Serbien,,Ordervaror,2,"0113,0177"
751806,Moët & Chandon Brut Impérial,Moët & Chandon,1199.0,1500 ml,Glasflaska,Torrt vitt,Frankrike,,Fast sortiment,19,"0114,0135,0150,0168,0177,0178,0182,0206,0209,0210,0214,0217,0218,0219,0222,0225,0226,0228,0229"
277114,Asiotus Vino Bianco Biologico Frizzante,Cuvage Srl,39.0,200 ml,Burk,Torrt vitt,Italien,Glera,Fast sortiment,7,"0114,0147,0182,0208,0222,0229,0237"
7512501,Silent Shade Zinfandel,Spring Wine & Spirits AB,129.0,750 ml,Lättare glasflaska,Fruktigt & Smakrikt,USA,Zinfandel,Fast sortiment,7,"0114,0178,0209,0216,0217,0226,0228"
7851401,Amber One Catarratto,Rallo SpA soc. Agr,135.0,750 ml,Lättare glasflaska,Fylligt & Smakrikt,Italien,Catarratto,Fast sortiment,19,"0114,0138,0140,0151,0163,0165,0167,0168,0171,0174,0176,0177,0180,0202,0205,0231,0232,0234,0237"
9055201,Bellucci Tamjanika,Erdevik,160.0,750 ml,Glasflaska,,Serbien,,Tillfälligt sortiment,7,"0114,0136,0143,0147,0222,0232,0237"
267501,Saint Auriol Grand Blanc,Les Domaines Auriol,95.0,750 ml,Lättare glasflaska,Friskt & Fruktigt,Frankrike,"Viognier, Chardonnay, Rolle",Fast sortiment,14,"0114,0134,0140,0147,0176,0178,0180,0201,0209,0211,0213,0222,0226,0232"
9206501,Barolo del Comune di la Morra Trediberri,Trediberri,429.0,750 ml,Glasflaska,Stramt & Nyanserat,Italien,Nebbiolo,Tillfälligt sortiment,10,"0114,0136,0140,0151,0180,0213,0215,0216,0237,0238"
275301,Andica Cabernet Sauvignon,Miguel Torres,119.0,750 ml,Lättare glasflaska,Fruktigt & Smakrikt,Chile,Cabernet sauvignon,Fast sortiment,7,"0114,0179,0206,0208,0217,0228,0232"
9000402,Gusbourne Brut Reserve,Gusbourne Estate Ltd,269.0,375 ml,Glasflaska,Torrt vitt,Storbritannien,"Chardonnay, Pinot meunier, Pinot noir",Tillfälligt sortiment,4,"0114,0138,0143,0179"
9124201,Langhe Arneis Cordero di Montezemolo,Cordero di Montezemolo,199.0,750 ml,Glasflaska,Friskt & Fruktigt,Italien,Arneis,Tillfälligt sortiment,4,"0114,0202,0234,0235"
9359701,Santenay Rouge Joseph Drouhin,Joseph Drouhin,389.0,750 ml,Glasflaska,Kryddigt & Mustigt,Frankrike,Pinot noir,Tillfälligt sortiment,5,"0114,0136,0144,0213,0220"
9254501,Bastingage Terre de L'Élu,Terre de L'Elu,249.0,750 ml,Glasflaska,,Frankrike,Chenin blanc,Tillfälligt sortiment,4,"0114,0140,0151,0237"
9435401,Château Fonroque,Ch. Fonroque,529.0,750 ml,Glasflaska,Stramt & Nyanserat,Frankrike,"Merlot, Cabernet franc",Tillfälligt sortiment,6,"0114,0136,0143,0151,0211,0215"
9297201,La Transición,Sociedad Agraria de Viticultores,159.0,750 ml,Lättare glasflaska,,Spanien,,Tillfälligt sortiment,7,"0114,0136,0140,0151,0174,0177,0237"
9211101,Chinon Le Puy Jean-Maurice Raffault,Jean Maurice Raffault,279.0,750 ml,Glasflaska,,Frankrike,Cabernet franc,Tillfälligt sortiment,5,"0114,0136,0151,0228,0237"
9512201,Chianti Classico Gran Selezione Castello di Meleto,Castello di Meleto,279.0,750 ml,Glasflaska,Kryddigt & Mustigt,Italien,Sangiovese,Tillfälligt sortiment,5,"0114,0151,0215,0237,0238"
9510101,Alberto Ballarin Barolo Bussia,Alberto Ballarin,499.0,750 ml,Lättare glasflaska,Stramt & Nyanserat,Italien,Nebbiolo,Tillfälligt sortiment,6,"0114,0140,0151,0179,0237,0238"
9320606,Roland Champion Special Club,Roland Champion,1899.0,1500 ml,Glasflaska,Torrt vitt,Frankrike,Chardonnay,Tillfälligt sortiment,9,"0114,0136,0140,0144,0147,0151,0179,0215,0237"
9269701,Weingut Schloss Schönberg Vom Ranker Spätburgunder Trocken,Weingut Schloss Schönberg,289.0,750 ml,Glasflaska,Kryddigt & Mustigt,Tyskland,Spätburgunder,Tillfälligt sortiment,7,"0114,0136,0144,0151,0179,0215,0237"
9348601,Weingut Hirsch Zöbing Riesling,Weingut Hirsch,239.0,750 ml,Lättare glasflaska,,Österrike,Riesling,Tillfälligt sortiment,4,"0114,0136,0151,0237"
9358801,Chateau Jean Faux Sainte-Radegonde Blanc,Château Jean Faux,199.0,750 ml,Glasflaska,Fylligt & Smakrikt,Frankrike,"Sauvignon blanc, Sémillon",Tillfälligt sortiment,2,"0114,0151"
9561101,Fitapreta Pequeno Eremita Branco,Fitapreta Vinhos,229.0,750 ml,Glasflaska,,Portugal,,Tillfälligt sortiment,3,"0114,0151,0237"
9027901,SiurAlta Rouge,VINS NUS Alfredo Arribas,240.0,750 ml,Glasflaska,,Spanien,Grenache,Tillfälligt sortiment,9,"0114,0136,0143,0150,0151,0179,0215,0230,0237"
9392801,TeMata Estate Awatea,Te Mata Estate,249.0,750 ml,Glasflaska,,Nya Zeeland,"Cabernet sauvignon, Merlot",Tillfälligt sortiment,7,"0114,0151,0171,0215,0228,0230,0237"
551401,Sancerre Les Roches Domaine Vacheron,Domaine Vacheron,339.0,750 ml,Glasflaska,Friskt & Fruktigt,Frankrike,Sauvignon blanc,Fast sortiment,5,"0114,0133,0167,0179,0210"
9351701,Gunderloch Rothenberg Nackenheim GG Riesling,Weingut Gunderloch,569.0,750 ml,Glasflaska,,Tyskland,Riesling,Tillfälligt sortiment,3,"0114,0151,0237"
9520201,Weingut Schlipf Schneider Weil Am Rhein Spätburgunder,Weingut am Schlipf Schneider,259.0,750 ml,Glasflaska,Kryddigt & Mustigt,Tyskland,Spätburgunder,Tillfälligt sortiment,5,"0114,0136,0140,0150,0151"
9282201,Domaine du Pas de l'Escalette Ze Cinsault,Domaine du Pas de l'Escalette,359.0,750 ml,Glasflaska,,Frankrike,Cinsault,Tillfälligt sortiment,7,"0114,0136,0143,0151,0222,0232,0237"
9257301,Weingut Prinz Jungfer Riesling Kabinett,Weingut Prinz,229.0,750 ml,Lättare glasflaska,Friskt & Fruktigt,Tyskland,Riesling,Tillfälligt sortiment,6,"0114,0143,0151,0214,0228,0237"
9004901,La Jasse,La Jasse,269.0,750 ml,Glasflaska,,Frankrike,"Cinsault, Grenache, Syrah",Tillfälligt sortiment,3,"0114,0140,0237"
9211901,The Ahrens family Soils of Paarl White,Ahrens Family Wines,299.0,750 ml,Glasflaska,,Sydafrika,"Grenache blanc, Marsanne, Roussanne, Verdelho, Chenin blanc",Tillfälligt sortiment,6,"0114,0144,0150,0151,0214,0237"
7318401,Valpolicella Valpantena Antiche Terre Venete,Antiche Terre Venete,139.0,750 ml,Lättare glasflaska,Fruktigt & Smakrikt,Italien,"Corvinone, Corvina, Rondinella",Fast sortiment,5,"0114,0211,0217,0228,0232"
9215301,Júlia Bernet Serres d`Ordal,Caves Júlia Bernet S.C.P.,256.0,750 ml,Lättare glasflaska,,Spanien,Xarel-lo,Tillfälligt sortiment,4,"0114,0136,0151,0237"
9500901,L'Extrême Domaine du Causse d'Arboras,Domaine du Causse d'Arboras,199.0,750 ml,Glasflaska,Kryddigt & Mustigt,Frankrike,"Syrah, Grenache noir, Mourvèdre",Tillfälligt sortiment,2,"0114,0140"
9282101,Little Sister Grüner Veltliner,Weingut Sommer,229.0,750 ml,Glasflaska,,Österrike,Grüner veltliner,Tillfälligt sortiment,5,"0114,0151,0176,0216,0237"
353101,Château de la Liquière Faugères,Château de la Liquière famille Vidal Dumoulin,179.0,750 ml,Glasflaska,Kryddigt & Mustigt,Frankrike,"Grenache, Syrah, Carignan",Fast sortiment,3,"0114,0217,0228"
9277101,Supernova Mantonegro,"Ca’n Verdura Viticultors, S.L.U",242.0,750 ml,Glasflaska,Kryddigt & Mustigt,Spanien,Manto negro,Tillfälligt sortiment,8,"0114,0132,0136,0150,0151,0172,0214,0222"
9375401,Savadonnay Croix & Curbet,Croix & Curbet,300.0,750 ml,Glasflaska,Fylligt & Smakrikt,Frankrike,"Chardonnay, Savagnin",Tillfälligt sortiment,6,"0114,0140,0143,0150,0222,0237"
9052501,Scheuermann Weissburgunder Forst Stein & Lehm,Scheuermann,251.0,750 ml,Glasflaska,Fylligt & Smakrikt,Tyskland,Weissburgunder,Tillfälligt sortiment,3,"0114,0151,0237"
9043501,Chambolle Musigny Les Cras Antonin Guyon,Antonin Guyon,899.0,750 ml,Glasflaska,,Frankrike,Pinot noir,Tillfälligt sortiment,5,"0114,0140,0151,0213,0237"
9364101,Marjan Simcic Domaine Merlot Brda,Marjan Simcic Domaine,379.0,750 ml,Glasflaska,Fruktigt & Smakrikt,Slovenien,Merlot,Tillfälligt sortiment,4,"0114,0136,0151,0237"
9426301,Torredemer-Mangin Sinopia,SAS Torredemer-Mangin,200.0,750 ml,Glasflaska,,Frankrike,"Grenache noir, Syrah",Tillfälligt sortiment,7,"0114,0150,0151,0175,0225,0237,0238"
9389301,Bodega Cerrón Stratum Wines Matas Altas Tinto,Bodega Cerron,220.0,750 ml,Lättare glasflaska,Fruktigt & Smakrikt,Spanien,,Tillfälligt sortiment,4,"0114,0143,0151,0214"
9066801,Weingut Markus Altenburger Weiss,Weingut Markus Altenburger,251.0,750 ml,Lättare glasflaska,,Österrike,,Tillfälligt sortiment,4,"0114,0136,0175,0237"
9111801,Bodegas Bernabeleva Manchomuelas,Bodegas Bernabeleva,250.0,750 ml,Glasflaska,Fylligt & Smakrikt,Spanien,,Tillfälligt sortiment,4,"0114,0151,0172,0237"
9350401,Martinet Bru,Mas Martinet,271.0,750 ml,Glasflaska,Fruktigt & Smakrikt,Spanien,"Garnacha, Cariñena, Syrah, Cabernet sauvignon, Merlot",Tillfälligt sortiment,2,"0114,0237"
9484501,Kanonkop Estate Pinotage,Kanonkop Estate,399.0,750 ml,Glasflaska,,Sydafrika,Pinotage,Tillfälligt sortiment,6,"0114,0140,0151,0213,0216,0237"
9209501,Etna Bianco,Azienda Agricola Giovanni Rosso di Rosso Davide,179.0,750 ml,Lättare glasflaska,Friskt & Fruktigt,Italien,Carricante,Tillfälligt sortiment,6,"0114,0143,0150,0165,0238,0239"
9054701,Bründlmayer Langenlois Alte Reben Grüner Veltliner,Weingut Bründlmayer,369.0,750 ml,Glasflaska,,Österrike,Grüner veltliner,Tillfälligt sortiment,4,"0114,0136,0151,0237"
9538101,"Barolo Riserva Bricco Boschis Vigna San Giuseppe, Cavallotto",Cavallotto,2076.0,750 ml,Lättare glasflaska,,Italien,,Tillfälligt sortiment,2,"0114,0211"
9383801,Saumur Blanc Les Perrières Arnaud Lambert,Arnaud Lambert,299.0,750 ml,Glasflaska,,Frankrike,Chenin blanc,Tillfälligt sortiment,3,"0114,0151,0237"
9398501,Saint-Péray Fleur de Crussol,Alain Voge,499.0,750 ml,Glasflaska,,Frankrike,Marsanne,Tillfälligt sortiment,3,"0114,0151,0237"
9401801,Domaine Laureau Le Bel Ouvrage,SCEA Famille Laureau,499.0,750 ml,Glasflaska,,Frankrike,Chenin blanc,Tillfälligt sortiment,3,"0114,0151,0237"
9402801,Otira Sauvignon Blanc,Clos Henri,299.0,750 ml,Glasflaska,,Nya Zeeland,Sauvignon blanc,Tillfälligt sortiment,4,"0114,0151,0202,0237"
9358101,Quintessence Rouge Château Pesquié,Château Pesquié,249.0,750 ml,Glasflaska,Kryddigt & Mustigt,Frankrike,"Syrah, Grenache",Tillfälligt sortiment,4,"0114,0136,0151,0237"
9554901,Barolo Lazzarito Vietti,Vietti s.r.l.,2149.0,750 ml,Glasflaska,,Italien,,Tillfälligt sortiment,3,"0114,0151,0211"
9247301,Dominio del Aguila Penas Aladas,Dominio del Aguila,2295.0,750 ml,Glasflaska,,Spanien,,Tillfälligt sortiment,3,"0114,0174,0237"
9342601,Condrieu E. Guigal,E Guigal,579.0,750 ml,Glasflaska,Fylligt & Smakrikt,Frankrike,Viognier,Tillfälligt sortiment,3,"0114,0143,0150"
9221901,Chapoutier Le  Pavillon Rouge,M.Chapoutier,3149.0,750 ml,Lättare glasflaska,,Frankrike,,Tillfälligt sortiment,2,"0114,0237"
9222701,Prameny Vesnice Polesovice,Prameny,280.0,750 ml,Lättare glasflaska,,Tjeckien,,Tillfälligt sortiment,6,"0114,0150,0151,0175,0232,0237"
9518201,Trebbiano d'Abruzzo Valle Reale,Valle Reale SRL Societa Agricola,179.0,750 ml,Glasflaska,Friskt & Fruktigt,Italien,Trebbiano,Tillfälligt sortiment,2,"0114,0215"
9267801,Domini Veneti Valpolicella Classico,Cantina Valpolicella Negrar,171.0,750 ml,Glasflaska,Mjukt & Bärigt,Italien,,Tillfälligt sortiment,1,0114
9132801,Domaine de la Tour du Bon Bandol Rosé,Domaine de la Tour du Bon,261.0,750 ml,Glasflaska,Friskt & Bärigt,Frankrike,"Cinsault, Mourvèdre, Grenache, Clairette",Tillfälligt sortiment,4,"0114,0151,0210,0237"
9300001,Brancaia Gran Selezione Casa Brancaia,Casa Brancaia,649.0,750 ml,Glasflaska,,Italien,,Tillfälligt sortiment,2,"0114,0143"
9527501,Poggio di Sotto Brunello di Montalcino Riserva,ColleMassari Spa Società Agricola,3999.0,750 ml,Glasflaska,,Italien,,Tillfälligt sortiment,2,"0114,0237"
9209701,Chapoutier l'Ermite Hermitage,M.Chapoutier,3569.0,750 ml,Lättare glasflaska,,Frankrike,,Tillfälligt sortiment,2,"0114,0237"
9223901,Chapoutier Le Méal Blanc Ermitage,M.Chapoutier,2269.0,750 ml,Lättare glasflaska,,Frankrike,,Tillfälligt sortiment,1,0114
9277501,Weingut Tement Morillion Muschelkalk,Weingut Tement,289.0,750 ml,Glasflaska,Friskt & Fruktigt,Österrike,,Tillfälligt sortiment,1,0114
9393501,Alpamanta Malbec,Alpamanta Estate Wines,249.0,750 ml,Lättare glasflaska,Fruktigt & Smakrikt,Argentina,Malbec,Tillfälligt sortiment,2,"0114,0237"
9516201,Triebaumer Blaufränkish Rust,Weingut Günter + Regina Triebaumer,229.0,750 ml,Glasflaska,,Österrike,,Tillfälligt sortiment,4,"0114,0136,0151,0237"
9580401,Carchelo Monastrell Garnacha,Bodegas Carchelo,139.0,750 ml,Glasflaska,Fruktigt & Smakrikt,Spanien,"Garnacha, Monastrell",Tillfälligt sortiment,1,0114
9324601,Greywacke Chardonnay,Greywacke Vineyards,299.0,750 ml,Glasflaska,,Nya Zeeland,Chardonnay,Tillfälligt sortiment,4,"0114,0151,0179,0237"
9288401,Domaine de la Côte Estate Pinot Noir,Domaine de la Côte,699.0,750 ml,Glasflaska,,USA,Pinot noir,Tillfälligt sortiment,3,"0114,0151,0237"
9526601,Fleurie Lafarge-Vial Michel Lafarge,Michel Lafarge,380.0,750 ml,Glasflaska,,Frankrike,Gamay,Tillfälligt sortiment,5,"0114,0136,0143,0151,0237"
9362401,Pio Cesare Barbaresco,Pio Cesare,649.0,750 ml,Glasflaska,Stramt & Nyanserat,Italien,Nebbiolo,Tillfälligt sortiment,7,"0114,0136,0143,0147,0151,0211,0237"
9369401,Savagnin L`Origine,EARL COURBET,299.0,750 ml,Glasflaska,Fylligt & Smakrikt,Frankrike,Savagnin,Tillfälligt sortiment,1,0114
9233101,Dominio del Aguila Canta de Perdiz,Dominio del Aguila,2995.0,750 ml,Glasflaska,,Spanien,,Tillfälligt sortiment,1,0114
7655701,Les Champs Sauvignon Blanc,Fields Wine Company AB,89.0,1000 ml,Lättare glasflaska,Friskt & Fruktigt,Frankrike,Sauvignon blanc,Fast sortiment,4,"0114,0211,0217,0228"
9257101,Pino Román Naranjo,Ignacio Pino Román,219.0,750 ml,Glasflaska,Fylligt & Smakrikt,Chile,Muscat d'alexandrie,Tillfälligt sortiment,3,"0114,0151,0237"
9438401,Akaet valle del malpaso,TITEROK-AKAET S.L.,299.0,750 ml,Lättare glasflaska,Fylligt & Smakrikt,Spanien,Malvasía,Tillfälligt sortiment,4,"0114,0151,0214,0237"
9330501,Château Lagrange,Château Lagrange,749.0,750 ml,Glasflaska,,Frankrike,,Tillfälligt sortiment,4,"0114,0151,0207,0237"
9427201,Lismore Estate Reserve Chardonnay,Lismore Estate Vineyards,449.0,750 ml,Glasflaska,,Sydafrika,Chardonnay,Tillfälligt sortiment,3,"0114,0151,0237"
9410501,Amarone di Valpolicella Classico Vini Pietro Clementi,Vini Pietro Clementi,499.0,750 ml,Glasflaska,,Italien,"Corvina, Molinara, Rondinella",Tillfälligt sortiment,5,"0114,0136,0151,0216,0237"
9208001,Kutch McDougall Ranch Pinot Noir,Kutch Wines,669.0,750 ml,Glasflaska,,USA,Pinot noir,Tillfälligt sortiment,3,"0114,0151,0237"
9115502,Essenz Ried Edelgrund Trockenbeerenauslese,Weingut Nittnaus,399.0,375 ml,Glasflaska,Sött,Österrike,,Tillfälligt sortiment,4,"0114,0151,0220,0237"
9114501,Vonarburg Riesling,Cobb Wines,475.0,750 ml,Glasflaska,,USA,Riesling,Tillfälligt sortiment,3,"0114,0151,0237"
9443001,Sandhi Wines Sta Rita Hills Pinot Noir,Sandhi Wines,479.0,750 ml,Glasflaska,,USA,Pinot noir,Tillfälligt sortiment,4,"0114,0136,0151,0237"
9407101,Pino Román Tinto País,Ignacio Pino Román,229.0,750 ml,Glasflaska,Mjukt & Bärigt,Chile,Pais,Tillfälligt sortiment,6,"0114,0140,0143,0151,0214,0237"
9495401,Chablis 1er Cru Montée de Tonnerre Samuel Billaud,Samuel Billaud,769.0,750 ml,Glasflaska,,Frankrike,Chardonnay,Tillfälligt sortiment,4,"0114,0144,0147,0237"
9388301,Chorey Les Beaune Pièce du Chapitre Monopole,Domaine Tollot Beaut et Fils SARL,475.0,750 ml,Glasflaska,,Frankrike,Pinot noir,Tillfälligt sortiment,4,"0114,0143,0151,0237"
9422401,Hudelot Noellat Bourgogne Pinot Noir,Domaine Hudelot-Noellat,599.0,750 ml,Glasflaska,,Frankrike,Pinot noir,Tillfälligt sortiment,5,"0114,0143,0147,0151,0237"
9211601,Ornellaia,Ornellaia e Masseto Società Agricola srl,2209.0,750 ml,Glasflaska,Stramt & Nyanserat,Italien,"Cabernet sauvignon, Merlot, Petit verdot, Cabernet franc",Tillfälligt sortiment,3,"0114,0151,0237"
9586401,Jolie Laide Trousseau Gris,Jolie Laide,379.0,750 ml,Glasflaska,,USA,Trousseau gris,Tillfälligt sortiment,3,"0114,0151,0237"
9393301,L’Assemblage Massoc Frères,Massoc Frères,199.0,750 ml,Glasflaska,,Chile,,Tillfälligt sortiment,4,"0114,0136,0151,0237"
9260201,Aveta Sauvignon Blanc,Stag's Leap Wine Cellars,350.0,750 ml,Glasflaska,,USA,Sauvignon blanc,Tillfälligt sortiment,2,"0114,0151"
9293501,Ver Sacrum Gloria,Ver Sacrum,299.0,750 ml,Lättare glasflaska,Kryddigt & Mustigt,Argentina,Garnacha,Tillfälligt sortiment,4,"0114,0140,0151,0237"
9325901,Luigi Bosca De Sangre Malbec,Leoncio Arizu,185.0,750 ml,Glasflaska,Fruktigt & Smakrikt,Argentina,Malbec,Tillfälligt sortiment,1,0114
9190201,Two Eggs Aligoté Swick Wines,Swick Wines,279.0,750 ml,Glasflaska,,USA,Aligoté,Tillfälligt sortiment,3,"0114,0151,0237"
9428401,Chablis Premier Cru Vaugiraut Domaine Pinson,Domaine Pinson,529.0,750 ml,Glasflaska,,Frankrike,Chardonnay,Tillfälligt sortiment,6,"0114,0143,0147,0150,0172,0237"
9334801,Robert Sinskey POV,Robert Sinskey,451.0,750 ml,Glasflaska,Fruktigt & Smakrikt,USA,"Cabernet franc, Merlot",Tillfälligt sortiment,3,"0114,0151,0237"
9224001,Penfolds St Henri,Penfolds,985.0,750 ml,Glasflaska,,Australien,Shiraz,Tillfälligt sortiment,3,"0114,0140,0216"
9495701,Rewa Chardonnay,Domaine Rewa,329.0,750 ml,Glasflaska,,Nya Zeeland,Chardonnay,Tillfälligt sortiment,3,"0114,0151,0178"
9027001,Wohlmuth Morillon Kalk & Schiefer,WG Wohlmuth,189.0,750 ml,Glasflaska,Friskt & Fruktigt,Österrike,Chardonnay,Tillfälligt sortiment,6,"0114,0138,0140,0179,0202,0215"
9420101,Beaune Premier Cru Clos des Couchereaux Louis Jadot,Louis Jadot,539.0,750 ml,Glasflaska,,Frankrike,Pinot noir,Tillfälligt sortiment,3,"0114,0151,0237"
9383501,Côte de Nuit-Villages Le Vaucrain Domaine Louis Jadot,Domaine Louis Jadot,425.0,750 ml,Glasflaska,,Frankrike,Pinot noir,Tillfälligt sortiment,4,"0114,0151,0179,0237"
9597801,"As Bravas El Cepillo Malbec, Bodega Aleanna",Bodega Aleanna,929.0,750 ml,Glasflaska,,Argentina,Malbec,Tillfälligt sortiment,3,"0114,0151,0237"
9330701,Barolo Bric dël Fiasc Paolo Scavino,Paolo Scavino,1169.0,750 ml,Glasflaska,,Italien,,Tillfälligt sortiment,4,"0114,0211,0215,0237"
9268401,Áster El Espino,Viñedos y Bodegas Aster S.L.,319.0,750 ml,Glasflaska,,Spanien,,Tillfälligt sortiment,4,"0114,0132,0151,0237"
9268301,Barbaresco Gaja,Gaja,2459.0,750 ml,Glasflaska,Stramt & Nyanserat,Italien,Nebbiolo,Tillfälligt sortiment,4,"0114,0151,0225,0237"
9229701,Kutch Falstaff Vineyard Pinot Noir,Kutch Wines,669.0,750 ml,Glasflaska,,USA,Pinot noir,Tillfälligt sortiment,3,"0114,0151,0237"
9513901,Peter Lauer Ayler Kupp Kabinett Fass 8,Weingut Peter Lauer,279.0,750 ml,Lättare glasflaska,Druvigt & Blommigt,Tyskland,Riesling,Tillfälligt sortiment,4,"0114,0150,0151,0220"
9386101,Von Winning Ruppertsberger Reiterpfad Riesling Erste Lage,Von Winning,289.0,750 ml,Glasflaska,Friskt & Fruktigt,Tyskland,Riesling,Tillfälligt sortiment,4,"0114,0151,0237,0238"
9042701,Châteauneuf-du-Pape Domaine Font de Courtedune,Domaine Font de Courtedune,419.0,750 ml,Glasflaska,,Frankrike,,Tillfälligt sortiment,2,"0114,0237"
9359301,Irancy La Grande Côte,Domaine Benoit Cantin,269.0,750 ml,Glasflaska,Kryddigt & Mustigt,Frankrike,"César, Pinot noir",Tillfälligt sortiment,4,"0114,0136,0151,0237"
9442701,Cien Lanzas Cenicientos 4 Monos,4Monos Viticultores,259.0,750 ml,Glasflaska,Kryddigt & Mustigt,Spanien,"Garnacha, Cariñena",Tillfälligt sortiment,4,"0114,0134,0151,0237"
283601,Domaine du Pesquier Gigondas,Domaine du Pesquier,230.0,750 ml,Glasflaska,Kryddigt & Mustigt,Frankrike,"Grenache, Syrah, Mourvèdre",Fast sortiment,2,"0114,0136"
9502701,Haakon/Lenai Vineyard Pinot Noir,Purple Hands,699.0,750 ml,Glasflaska,,USA,Pinot noir,Tillfälligt sortiment,3,"0114,0151,0237"
9249301,Vega Sicilia Unico,Vega Sicilia,4495.0,750 ml,Glasflaska,,Spanien,"Tinto fino, Cabernet sauvignon",Tillfälligt sortiment,3,"0114,0151,0237"
9501101,Old Vine Zinfandel Bogle Vineyards,Bogle Vineyards,189.0,750 ml,Glasflaska,Fruktigt & Smakrikt,USA,Zinfandel,Tillfälligt sortiment,1,0114
9365501,Torbreck Woodcutter's Shiraz,Torbreck Vintners,259.0,750 ml,Glasflaska,Fruktigt & Smakrikt,Australien,Shiraz,Tillfälligt sortiment,3,"0114,0151,0237"
9444901,Weingut Fritz Haag Juffer Sonnenuhr Riesling Auslese,Weingut Fritz Haag,395.0,750 ml,Glasflaska,Friskt & Fruktigt,Tyskland,Riesling,Tillfälligt sortiment,3,"0114,0151,0237"
9258701,Etna Rosso Calderara Sottana BELLA-COLONNA,BELLA-COLONNA,581.0,750 ml,Glasflaska,,Italien,,Tillfälligt sortiment,4,"0114,0151,0171,0237"
9290301,Hirsch San Andreas Fault Pinot Noir,Hirsch Vineyards,849.0,750 ml,Glasflaska,,USA,Pinot noir,Tillfälligt sortiment,3,"0114,0151,0237"
9365001,Châteu Montus Blanc,Alain Brumont,399.0,750 ml,Glasflaska,,Frankrike,"Petit courbu, Petit manseng",Tillfälligt sortiment,3,"0114,0151,0237"
9385801,Von Winning Forster Ungeheuer Riesling Grosses Gewächs,Von Winning,539.0,750 ml,Glasflaska,Friskt & Fruktigt,Tyskland,Riesling,Tillfälligt sortiment,3,"0114,0151,0237"
9479801,La Spia Rosso di Valtellina Nebbiolo,La Spia S.R.L. Società Agricola,179.0,750 ml,Glasflaska,Kryddigt & Mustigt,Italien,Nebbiolo,Tillfälligt sortiment,1,0114
9427101,Giuseppe Quintarelli Amarone della Valpolicella Classico,Giuseppe Quintarelli,3299.0,750 ml,Glasflaska,,Italien,,Tillfälligt sortiment,3,"0114,0151,0211"
9340701,Storm Presqu'ile Vineyard Pinot Noir,Storm Wines,549.0,750 ml,Glasflaska,,USA,Pinot noir,Tillfälligt sortiment,3,"0114,0151,0237"
9213201,Barolo Monprivato Giuseppe Mascarello,Giuseppe Mascarello,2749.0,750 ml,Glasflaska,,Italien,,Tillfälligt sortiment,2,"0114,0211"
9425801,Adelsheim Breaking Ground Pinot Noir,Adelsheim Vineyard,549.0,750 ml,Glasflaska,,USA,Pinot noir,Tillfälligt sortiment,2,"0114,0237"
281501,Chavin Languedoc Blanc,Domaines Pierre Chavin,79.0,750 ml,Lättare glasflaska,Friskt & Fruktigt,Frankrike,"Marsanne, Roussanne, Viognier",Fast sortiment,1,0114
9122201,Ata Rangi Pinot Noir,Ata Rangi,501.0,750 ml,Glasflaska,,Nya Zeeland,Pinot noir,Tillfälligt sortiment,3,"0114,0151,0237"
9294901,La Cayetana Criolla Blanca,La Cayetana / Ver Sacrum,189.0,750 ml,Glasflaska,Fylligt & Smakrikt,Argentina,,Tillfälligt sortiment,2,"0114,0150"
9257801,Etna Rosso San Lorenzo BELLA-COLONNA,BELLA-COLONNA,581.0,750 ml,Glasflaska,,Italien,,Tillfälligt sortiment,3,"0114,0151,0237"
9399601,Trimbach Riesling Grand Cru Geisberg,Trimbach,749.0,750 ml,Glasflaska,,Frankrike,Riesling,Tillfälligt sortiment,3,"0114,0151,0237"
9514101,Tenuta delle Terre Nere Etna Rosso Guardiola,Tenuta delle Terre Nere,549.0,750 ml,Glasflaska,,Italien,,Tillfälligt sortiment,4,"0114,0143,0214,0237"
9511201,Vini Franchetti Contrada S,Vini Franchetti SRL,653.0,750 ml,Glasflaska,,Italien,,Tillfälligt sortiment,3,"0114,0151,0237"
9413601,Campolargo Brut Rosé,Campolargo,259.0,750 ml,Lättare glasflaska,,Portugal,Pinot noir,Tillfälligt sortiment,3,"0114,0151,0237"
9430401,Lötter Van Loggerenberg,Lukas Van Loggerenberg Wines,379.0,750 ml,Glasflaska,,Sydafrika,Cinsault,Tillfälligt sortiment,3,"0114,0151,0237"
9457501,Crystallum Mabalel Pinot Noir,Crystallum Wines,469.0,750 ml,Glasflaska,,Sydafrika,Pinot noir,Tillfälligt sortiment,3,"0114,0151,0237"
9214801,Masseto Ornellaia,Ornellaia e Masseto Società Agricola srl,8595.0,750 ml,Glasflaska,,Italien,,Tillfälligt sortiment,3,"0114,0211,0237"
9302201,Guigal Côte Rôtie La Mouline E.Guigal,E Guigal,4349.0,750 ml,Glasflaska,,Frankrike,,Tillfälligt sortiment,2,"0114,0213"
9342302,Ürziger Würzgarten Riesling Trockenbeerenauslese LGK Alte Reben,Weingut Dr. Hermann,2395.0,375 ml,Glasflaska,Sött,Tyskland,,Tillfälligt sortiment,2,"0114,0237"
9347402,Erdener Treppchen Riesling Trockenbeerenauslese GK,Weingut Dr. Hermann,2395.0,375 ml,Glasflaska,Sött,Tyskland,,Tillfälligt sortiment,2,"0114,0237"
9036501,Marimar Cristina Pinot Noir,Marimar Estate,701.0,750 ml,Glasflaska,,USA,Pinot noir,Tillfälligt sortiment,3,"0114,0136,0151"
9331701,Heitz Cellar Martha’s Vineyard Cabernet Sauvignon,Heitz Wine Cellars,2959.0,750 ml,Glasflaska,,USA,,Tillfälligt sortiment,1,0114
9287701,Würzburger Pfaffenberg Silvaner,Bürgerspital zum Heiligen Geist,220.0,750 ml,Glasflaska,Friskt & Fruktigt,Tyskland,Silvaner,Tillfälligt sortiment,3,"0114,0136,0237"
9352201,Barolo Prapò Paolo Scavino,Paolo Scavino,899.0,750 ml,Glasflaska,,Italien,,Tillfälligt sortiment,3,"0114,0140,0211"
9386601,Château Lafleur-Gazin,Etabilssements Jean-Pierre Mouiex,502.0,750 ml,Glasflaska,,Frankrike,Merlot,Tillfälligt sortiment,2,"0114,0140"
9347501,Cloudy Bay Te Koko,Cloudy Bay,499.0,750 ml,Glasflaska,,Nya Zeeland,Sauvignon blanc,Tillfälligt sortiment,2,"0114,0136"
9372301,Barbaresco Gallina Roagna,Roagna Azienda Agricola I Paglieri S.S,1999.0,750 ml,Glasflaska,,Italien,,Tillfälligt sortiment,2,"0114,0211"
9063601,Barolo Pira Barolo Pira,Roagna Azienda Agricola I Paglieri S.S,1999.0,750 ml,Glasflaska,,Italien,,Tillfälligt sortiment,2,"0114,0237"
9226301,Failla Lola Vineyard Pinot Noir,Failla Wines,569.0,750 ml,Glasflaska,,USA,Pinot noir,Tillfälligt sortiment,2,"0114,0237"
9369901,30.000 Maravedies Bodega Marañones,Alma Carraovejas Distribucion SLU,280.0,750 ml,Lättare glasflaska,Kryddigt & Mustigt,Spanien,,Tillfälligt sortiment,3,"0114,0147,0237"
9016501,Barolo Falletto Vigna le Rocche,Azienda Agricola Falleto,3349.0,750 ml,Glasflaska,,Italien,,Tillfälligt sortiment,2,"0114,0237"
9234501,Etna Bianco Muganazzi GRACI,GRACI,549.0,750 ml,Glasflaska,,Italien,,Tillfälligt sortiment,3,"0114,0151,0237"
9256801,Etna Rosso Arcurìa GRACI,GRACI,549.0,750 ml,Glasflaska,,Italien,,Tillfälligt sortiment,2,"0114,0237"
9394001,Hirsch East Ridge Pinot Noir,Hirsch Vineyards,1179.0,750 ml,Glasflaska,,USA,,Tillfälligt sortiment,1,0114
9421701,Achaval Ferrer Valle de Uco,Achaval Ferrer,299.0,750 ml,Glasflaska,,Argentina,Malbec,Tillfälligt sortiment,2,"0114,0237"
9449001,Trimbach Clos Sainte Hune Riesling,Trimbach,3299.0,750 ml,Glasflaska,,Frankrike,,Tillfälligt sortiment,1,0114
9499301,Vini Franchetti Contrada C,Vini Franchetti SRL,653.0,750 ml,Glasflaska,,Italien,,Tillfälligt sortiment,3,"0114,0147,0237"
9505201,Barolo Monvigliero Vietti,Vietti s.r.l.,2149.0,750 ml,Glasflaska,,Italien,,Tillfälligt sortiment,2,"0114,0237"
9241601,Côte Rôtie La Mouline Guigal,E Guigal,4359.0,750 ml,Glasflaska,,Frankrike,,Tillfälligt sortiment,2,"0114,0211"
9452501,Barolo Cerequio Vietti,Vietti s.r.l.,2149.0,750 ml,Glasflaska,,Italien,,Tillfälligt sortiment,1,0114
9295601,Grounded Cru McLaren Vale Cabernet Shiraz,Grounded Cru,180.0,750 ml,Lättare glasflaska,Fruktigt & Smakrikt,Australien,"Cabernet sauvignon, Shiraz",Tillfälligt sortiment,2,"0114,0225"
9052701,Château L'Eglise Clinet,Ch. l'Eglise Clinet,4268.0,750 ml,Glasflaska,,Frankrike,,Tillfälligt sortiment,2,"0114,0237"
9023401,Barolo Riserva Rocche dell'Annunziata Paolo Scavino,Paolo Scavino,2399.0,750 ml,Glasflaska,,Italien,,Tillfälligt sortiment,2,"0114,0237"
9460801,Barolo Monvigliero Vietti,Vietti s.r.l.,2259.0,750 ml,Glasflaska,,Italien,,Tillfälligt sortiment,1,0114
9584701,Walter Scott Cuvée Ruth,Walter Scott Wines,595.0,750 ml,Glasflaska,,USA,Pinot noir,Tillfälligt sortiment,1,0114
9587801,Seghesio Cortina Zinfandel,Seghesio Family Vineyards,499.0,750 ml,Glasflaska,,USA,Zinfandel,Tillfälligt sortiment,1,0114
9038501,Pingus,Dominio de Pingus,10759.0,750 ml,Glasflaska,,Spanien,,Tillfälligt sortiment,1,0114
9369001,Clos de Vougeot Grand Cru Lucien le Moine,Lucien le Moine,4359.0,750 ml,Glasflaska,,Frankrike,,Tillfälligt sortiment,2,"0114,0237"
9005101,Erdener Treppchen Riesling Trockenbeerenauslese,Weingut Dr. Hermann,2496.0,375 ml,Glasflaska,Sött,Tyskland,,Tillfälligt sortiment,1,0114
9414202,Royal Tokaji Essencia,Royal Tokaji,6157.0,375 ml,Glasflaska,Sött,Ungern,,Tillfälligt sortiment,1,0114
9123101,Barbaresco Asili Falletto di Bruno Giacosa,Azienda Agricola Falleto,2399.0,750 ml,Glasflaska,,Italien,,Tillfälligt sortiment,1,0114
9288701,Massolino Vigna Rionda,Massolino,1749.0,750 ml,Glasflaska,,Italien,,Tillfälligt sortiment,2,"0114,0237"
9368901,Chambertin Clos de Beze Grand Cru Joseph Drouhin,Joseph Drouhin,7999.0,750 ml,Glasflaska,,Frankrike,,Tillfälligt sortiment,1,0114
9452601,Chambertin Clos de Bèze Grand Cru Domaine Pierre Damoy,Domaine Pierre Damoy,8599.0,750 ml,Glasflaska,,Frankrike,,Tillfälligt sortiment,1,0114
9340401,Bonnes-Mares Grand Cru Robert Groffier Père & Fils,Domaine Robert Groffier Père et Fils,8599.0,750 ml,Glasflaska,,Frankrike,,Tillfälligt sortiment,1,0114
9478701,Dominio de Es La Mata,Domino de Es,4244.0,750 ml,Glasflaska,,Spanien,,Tillfälligt sortiment,2,"0114,0237"
9044601,Guix Vermell,Terroir Sense Fronteres,2499.0,750 ml,Glasflaska,,Spanien,,Tillfälligt sortiment,1,0114
9225501,Cottà Sottimano,Sottimano,699.0,750 ml,Glasflaska,,Italien,,Tillfälligt sortiment,1,0114
9066101,Barolo Rocche di Castiglione Roagna,Roagna Azienda Agricola I Paglieri S.S,1999.0,750 ml,Glasflaska,,Italien,,Tillfälligt sortiment,1,0114
9209801,Tua Rita Per Sempre,Tua Rita,2349.0,750 ml,Glasflaska,,Italien,,Tillfälligt sortiment,1,0114
9450101,Giró de Abargues Pepe Mendoza,Pepe Mendoza Casa Agricola,249.0,750 ml,Glasflaska,Fruktigt & Smakrikt,Spanien,,Tillfälligt sortiment,2,"0114,0222"
9469001,Barolo Riserva Monfortino Conterno,Conterno,9999.0,750 ml,Glasflaska,,Italien,,Tillfälligt sortiment,1,0114
9469201,Nebbiolo d'Alba Vigna Arione Conterno,Conterno,2559.0,750 ml,Glasflaska,,Italien,,Tillfälligt sortiment,1,0114
9498201,Cantina Terlan Rarity,Cantina Terlan,1799.0,750 ml,Glasflaska,,Italien,Pinot bianco,Tillfälligt sortiment,1,0114
9121801,Salon Vintage,Champagne Salon,15001.0,750 ml,Glasflaska,Torrt vitt,Frankrike,,Tillfälligt sortiment,1,0114
9472601,Gaja Conteisa Barolo,Gaja,3995.0,750 ml,Glasflaska,,Italien,,Tillfälligt sortiment,1,0114
9326601,Château Latour Paulliac 1er cru classé,Château Latour,8650.0,750 ml,Glasflaska,,Frankrike,,Tillfälligt sortiment,1,0114
9478001,Per Sempre Tua Rita,Tua Rita,2099.0,750 ml,Glasflaska,,Italien,,Tillfälligt sortiment,1,0114
9006301,Bonnes-Mares Grand Cru Domaine Comte Georges de Vogüé,Domaine Comte Georges de Vogüé,7299.0,750 ml,Glasflaska,,Frankrike,,Tillfälligt sortiment,1,0114
9224901,Philip Togni Estate Cabernet Sauvignon,Philip Togni,2479.0,750 ml,Glasflaska,,USA,,Tillfälligt sortiment,2,"0114,0237"
9492501,Barbaresco Gallina Roagna Azienda Agricola I Paglieri,Roagna Azienda Agricola I Paglieri S.S,1999.0,750 ml,Glasflaska,,Italien,,Tillfälligt sortiment,2,"0114,0237"
9053001,Tenuta di Trinoro Vini Franchetti,Vini Franchetti SRL,3699.0,750 ml,Glasflaska,,Italien,,Tillfälligt sortiment,2,"0114,0237"
9126401,Argentiera Scenario Bolgheri,Argentiera,501.0,750 ml,Glasflaska,,Italien,Vermentino,Tillfälligt sortiment,1,0114
9496501,Bonnes Mares Grand Cru Domaine Louis Jadot,Domaine Louis Jadot,5789.0,750 ml,Glasflaska,,Frankrike,,Tillfälligt sortiment,2,"0114,0237"
9029801,Shafer Vineyards Hillside Select,Shafer Vineyards,3999.0,750 ml,Glasflaska,,USA,,Tillfälligt sortiment,2,"0114,0237"
9266601,Musigny Grand Cru Domaine Jacques Frédéric Mugnier,Domaine Jacques-Frédéric Mugnier,21018.0,750 ml,Glasflaska,,Frankrike,,Tillfälligt sortiment,1,0114
9234101,"Brunello di Montalcino Riserva, Conti Costanti",Conti Costanti,1802.0,750 ml,Glasflaska,,Italien,,Tillfälligt sortiment,2,"0114,0237"
9355101,Gaja Sperss Barolo,Gaja,4589.0,750 ml,Glasflaska,,Italien,,Tillfälligt sortiment,1,0114
9213901,Gaja Conteisa Barolo,Gaja,4299.0,750 ml,Glasflaska,,Italien,,Tillfälligt sortiment,1,0114
9353001,Meursault Domaine Arnaud Ente,Arnaud Ente,7300.0,750 ml,Glasflaska,,Frankrike,,Tillfälligt sortiment,1,0114
9288901,Cheval des Andes,Cheval des Andes,999.0,750 ml,Glasflaska,,Argentina,"Cabernet sauvignon, Malbec, Petit verdot",Tillfälligt sortiment,2,"0114,0237"
5863001,Musigny Vieilles Vignes Grand Cru Domaine Comte Georges de Vogüé,Domaine Comtes Georges de Vogue,18628.0,750 ml,Glasflaska,,Frankrike,,Tillfälligt sortiment,1,0114
9040601,Château Ausone,Château Ausone,10785.0,750 ml,Glasflaska,,Frankrike,,Tillfälligt sortiment,1,0114
9123501,"Barolo Vigna Le Rocche Riserva, Bruno Giacosa",Azienda Agricola Falleto,7495.0,750 ml,Glasflaska,,Italien,,Tillfälligt sortiment,1,0114
9123901,Barolo Falletto di Bruno Giacosa,Bruno Giacosa,1999.0,750 ml,Glasflaska,,Italien,,Tillfälligt sortiment,2,"0114,0237"
9124601,Barbaresco Falletto di Bruno Giacosa,Bruno Giacosa,1699.0,750 ml,Glasflaska,,Italien,,Tillfälligt sortiment,2,"0114,0237"
9446801,Bonnes Mares Grand Cru Louis Jadot,Domaine Louis Jadot,4849.0,750 ml,Glasflaska,,Frankrike,,Tillfälligt sortiment,1,0114
9291301,Chambolle-Musigny 1er Cru Les Amoureuses Robert Groffier Père & Fils,Domaine Robert Groffier Père et Fils,8599.0,750 ml,Glasflaska,,Frankrike,,Tillfälligt sortiment,1,0114
9401701,Conterno Nebbiolo d'Alba Vigna Arione,Conterno,2559.0,750 ml,Glasflaska,,Italien,,Tillfälligt sortiment,1,0114
9128201,Château Mouton Rothschild,Château Mouton Rothschild,8199.0,750 ml,Glasflaska,,Frankrike,,Tillfälligt sortiment,2,"0114,0237"
9456406,Opus One,Opus One,12999.0,1500 ml,Glasflaska,,USA,,Tillfälligt sortiment,1,0114
9584401,Côte Rôtie La Mouline E. Guigal,E Guigal,3995.0,750 ml,Glasflaska,,Frankrike,,Tillfälligt sortiment,2,"0114,0237"
9584501,Côte Rôtie La Turque E. Guigal,E Guigal,3995.0,750 ml,Glasflaska,,Frankrike,,Tillfälligt sortiment,2,"0114,0237"
9386701,Chambolle Musigny Premier Cru Les Amoureuses Domaine Comte George de Vogüé,Domaine Comte Georges de Vogüé,9199.0,750 ml,Glasflaska,,Frankrike,,Tillfälligt sortiment,1,0114
9470501,Bonnes-Mares Grand Cru Domaine Comte Georges de Vogüé,Domaine Comte Georges de Vogüé,7599.0,750 ml,Glasflaska,,Frankrike,Pinot noir,Tillfälligt sortiment,1,0114
9585901,Ridge Estate Chardonnay,Ridge Vineyards,795.0,750 ml,Glasflaska,,USA,Chardonnay,Tillfälligt sortiment,1,0114
9364801,Vega Sicilia Reserva Especial,Vega Sicilia,5595.0,750 ml,Glasflaska,,Spanien,,Tillfälligt sortiment,2,"0114,0151"
9587901,Masseto,Ornellaia e Masseto Società Agricola srl,8999.0,750 ml,Glasflaska,,Italien,,Tillfälligt sortiment,1,0114
9411601,Barbaresco Rabajà Falletto,Azienda Agricola Falleto,2549.0,750 ml,Glasflaska,,Italien,,Tillfälligt sortiment,1,0114
9444406,Shafer Vineyards Hillside Select,Shafer Vineyards,7959.0,1500 ml,Glasflaska,,USA,,Tillfälligt sortiment,1,0114
9337901,Dominio del Aguila Canta de Perdiz,Dominio del Aguila,2797.0,750 ml,Glasflaska,,Spanien,,Tillfälligt sortiment,1,0114
9361701,Gaja Costa Russi Barbaresco,Gaja,6195.0,750 ml,Glasflaska,,Italien,,Tillfälligt sortiment,1,0114
9471801,Gaja Sorì San Lorenzo Barbaresco,Gaja,7295.0,750 ml,Glasflaska,,Italien,,Tillfälligt sortiment,1,0114
9472501,Gaja Sorì Tildìn Barbaresco,Gaja,6795.0,750 ml,Glasflaska,,Italien,,Tillfälligt sortiment,1,0114
9476606,Musigny Vieilles Vignes Grand Cru Domaine Comte Georges de Vogüé,Domaine Comte Georges de Vogüé,21499.0,1500 ml,Glasflaska,,Frankrike,,Tillfälligt sortiment,1,0114
9485601,Musigny Vieilles Vignes Grand Cru Domaine Comte Georges de Vogüé,Domaine Comte Georges de Vogüé,10499.0,750 ml,Glasflaska,,Frankrike,,Tillfälligt sortiment,1,0114
9558001,Tim Adams Semillon,Tim Adams Wines,169.0,750 ml,Glasflaska,Fylligt & Smakrikt,Australien,Sémillon,Tillfälligt sortiment,1,0114
9325601,Barbaresco Pajé Vecchie Viti Roagna Azienda Agricola,Roagna Azienda Agricola I Paglieri S.S,4999.0,750 ml,Glasflaska,,Italien,Nebbiolo,Tillfälligt sortiment,1,0114
9405101,Bruno Clair Bonnes Mares Grand Cru,Domaine Bruno Clair,5595.0,750 ml,Glasflaska,,Frankrike,,Tillfälligt sortiment,1,0114
9409301,Bruno Clair Chambertin Clos de Bèze Grand Cru,Domaine Bruno Clair,5595.0,750 ml,Glasflaska,,Frankrike,,Tillfälligt sortiment,1,0114
9475601,Krug Clos du Mesnil,Krug,29999.0,750 ml,Glasflaska,Torrt vitt,Frankrike,,Tillfälligt sortiment,1,0114
9543701,Vega Sicilia Reserva Especial,Vega Sicilia,5495.0,750 ml,Glasflaska,,Spanien,,Tillfälligt sortiment,2,"0114,0237"
9566001,"Heitz Cellar Linda Falls Vineyard, Cabernet Sauvignon",Heitz Wine Cellars,2549.0,750 ml,Glasflaska,,USA,,Tillfälligt sortiment,2,"0114,0237"
9058906,Opus One,Opus One,10999.0,1500 ml,Lättare glasflaska,,USA,,Tillfälligt sortiment,1,0114
9211701,Gaja Sorì Tildìn Barbaresco,Gaja,6795.0,750 ml,Glasflaska,,Italien,,Tillfälligt sortiment,1,0114
9242301,Barolo Conteisa Gaja,Gaja,4189.0,750 ml,Glasflaska,,Italien,,Tillfälligt sortiment,1,0114
9433206,Shafer Vineyards Hillside Select,Shafer Vineyards,8299.0,1500 ml,Glasflaska,,USA,,Tillfälligt sortiment,1,0114
9061801,Colgin Cariad,Colgin,5799.0,750 ml,Glasflaska,,USA,,Tillfälligt sortiment,1,0114
9453009,"Vérité Estate Le Désir, La Muse, La Joie",Vérité Estate,11943.0,3 flaskor à 750ml,Multipack,,USA,,Tillfälligt sortiment,1,0114
9478801,Dominio de Es La Diva,Domino de Es,5561.0,750 ml,Glasflaska,,Spanien,,Tillfälligt sortiment,2,"0114,0151"
9494601,Clos de Vougeot Grand Cru Domaine d'Eugénie,Domaine d'Eugénie,4999.0,750 ml,Glasflaska,,Frankrike,,Tillfälligt sortiment,1,0114
9495901,Cantina Terlan Primo Terlaner I Grande Cuvée,Cantina Terlan,1899.0,750 ml,Glasflaska,,Italien,"Pinot bianco, Chardonnay, Sauvignon blanc",Tillfälligt sortiment,1,0114
9281801,Ashton Hills Piccadilly Valley Pinot Noir,Ashton Hills,250.0,750 ml,Glasflaska,Mjukt & Bärigt,Australien,Pinot noir,Tillfälligt sortiment,1,0114
9403501,Pingus,Dominio de Pingus,9698.0,750 ml,Glasflaska,,Spanien,,Tillfälligt sortiment,1,0114
9544308,Vega Sicilia Double magnum,Vega Sicilia,32495.0,3000 ml,Glasflaska,,Spanien,,Tillfälligt sortiment,1,0114
9232301,Volnay Premier Cru Les Santenots du Milieu Arnaud Ente,Arnaud Ente,6135.0,750 ml,Glasflaska,,Frankrike,,Tillfälligt sortiment,1,0114
9234006,Masseto Ornellaia,Ornellaia e Masseto Società Agricola srl,19991.0,1500 ml,Glasflaska,,Italien,,Tillfälligt sortiment,1,0114
9446901,Château Palmer,Château Palmer,4499.0,750 ml,Glasflaska,,Frankrike,,Tillfälligt sortiment,1,0114
9201901,Pedro Parra Miles,Pedro Parra y Familia,799.0,750 ml,Glasflaska,,Chile,,Tillfälligt sortiment,1,0114
9439101,Montrachet Grand Cru Bouchard Père et Fils,Bouchard Père et Fils,11499.0,750 ml,Glasflaska,,Frankrike,,Tillfälligt sortiment,1,0114
9577201,Barolo Ravera Vietti,Vietti s.r.l.,2259.0,750 ml,Glasflaska,,Italien,,Tillfälligt sortiment,1,0114
9473501,Musigny Blanc Grand Cru Domaine Comte Georges de Vogüé,Domaine Comte Georges de Vogüé,11999.0,750 ml,Glasflaska,,Frankrike,Chardonnay,Tillfälligt sortiment,1,0114
9021201,Richebourg Grand Cru Domaine Jean Grivot,Domaine Jean Grivot,18595.0,750 ml,Glasflaska,,Frankrike,,Tillfälligt sortiment,1,0114
9344101,Barolo Monprivato Riserva Ca’ d’Morissio Giuseppe Mascarello,Giuseppe Mascarello,5699.0,750 ml,Lättare glasflaska,,Italien,,Tillfälligt sortiment,1,0114
9047101,Kapcsándy Grand Vin Cabernet Sauvignon,Kapcsándy Family Winery,6495.0,750 ml,Glasflaska,,USA,,Tillfälligt sortiment,1,0114
9123406,Barbaresco Asili Falletto di Bruno Giacosa,Azienda Agricola Falleto,4849.0,1500 ml,Glasflaska,,Italien,,Tillfälligt sortiment,1,0114
9448701,Chambertin Clos de Bèze Grand Cru Domaine Louis Jadot,Domaine Louis Jadot,4849.0,750 ml,Glasflaska,,Frankrike,,Tillfälligt sortiment,1,0114
9326101,Richmond Grove Watervale Riesling,Pernod Ricard Winemakers Australia,699.0,750 ml,Glasflaska,,Australien,,Tillfälligt sortiment,1,0114
9062301,Chateau Lafleur,Château Lafleur,9999.0,750 ml,Glasflaska,,Frankrike,,Tillfälligt sortiment,1,0114
9127301,Prophet's Rock Home Vineyard Pinot Noir,Prophet's Rock Wines LTD,499.0,750 ml,Glasflaska,,Nya Zeeland,Pinot noir,Tillfälligt sortiment,1,0114
9372001,Château Haut-Marbuzet,Ch. Haut-Marbuzet,466.0,750 ml,Glasflaska,,Frankrike,,Tillfälligt sortiment,1,0114
9241506,Cantina Terlan Quarz Sauvignon Blanc,Cantina Terlan,999.0,1500 ml,Glasflaska,,Italien,Sauvignon blanc,Tillfälligt sortiment,1,0114
9200601,Leitz Assmanshausen Pinot Noir Rosé,Weingut Leitz,189.0,750 ml,Lättare glasflaska,Friskt & Bärigt,Tyskland,Pinot noir,Tillfälligt sortiment,1,0114
9043201,Soldera Case Basse Case Basse di Gianfranco Soldera,Case Basse di Gianfranco Soldera,6299.0,750 ml,Glasflaska,,Italien,,Tillfälligt sortiment,1,0114
9120008,Malbec Argentino Bodega Catena Zapata,Bodega Catena Zapata,3595.0,3000 ml,Glasflaska,,Argentina,,Tillfälligt sortiment,1,0114
9327601,Rupestre Sassella,Azienda Agricola Menegola Walter,279.0,750 ml,Glasflaska,Stramt & Nyanserat,Italien,Nebbiolo,Tillfälligt sortiment,1,0114
9003001,Screaming Eagle Cabernet Sauvignon,Screaming Eagle,49999.0,750 ml,Glasflaska,,USA,,Tillfälligt sortiment,1,0114
9024101,Chambertin Grand Cru Domaine Perrot-Minot,Domaine Perrot-Minot,19900.0,750 ml,Glasflaska,,Frankrike,,Tillfälligt sortiment,1,0114
9335001,Nuits-Saint-Georges 1er Cru La Richemone Ultra Domaine Perrot-Minot,Domaine Perrot-Minot,9495.0,750 ml,Glasflaska,,Frankrike,,Tillfälligt sortiment,1,0114
9383201,Chapelle-Chambertin Grand Cru Domaine Perrot-Minot,Domaine Perrot-Minot,9495.0,750 ml,Glasflaska,,Frankrike,,Tillfälligt sortiment,1,0114
9388401,Chambertin Clos de Bèze Grand Cru Domaine Perrot-Minot,Domaine Perrot-Minot,19900.0,750 ml,Glasflaska,,Frankrike,,Tillfälligt sortiment,1,0114
9388901,Chambolle-Musigny 1er Cru La Combe d'Orveau Ultra Domaine Perrot-Minot,Domaine Perrot-Minot,9495.0,750 ml,Glasflaska,,Frankrike,,Tillfälligt sortiment,1,0114
9284506,Opus One,Opus One,8995.0,1500 ml,Lättare glasflaska,,USA,,Tillfälligt sortiment,1,0114
9497501,Cantina Terlan Quarz Sauvignon Blanc,Cantina Terlan,499.0,750 ml,Glasflaska,,Italien,Sauvignon blanc,Tillfälligt sortiment,1,0114
9498001,Cantina Terlan Quarz Sauvignon Blanc,Cantina Terlan,639.0,750 ml,Glasflaska,,Italien,Sauvignon blanc,Tillfälligt sortiment,1,0114
9054206,Gaja Barbaresco,Gaja,5499.0,1500 ml,Glasflaska,,Italien,,Tillfälligt sortiment,1,0114
9131606,Barolo Falletto Vigna le Rocche,Azienda Agricola Falleto,6695.0,1500 ml,Glasflaska,,Italien,,Tillfälligt sortiment,1,0114
9472906,Gaja Sperss Barolo,Gaja,10495.0,1500 ml,Lättare glasflaska,,Italien,,Tillfälligt sortiment,1,0114
9473801,Barbaresco Crichët Pajé Roagna Azienda Agricola I Paglieri,Roagna Azienda Agricola I Paglieri S.S,15501.0,750 ml,Glasflaska,,Italien,,Tillfälligt sortiment,1,0114
9513106,Il Caberlot Ris Vigna Vincaie,Podere Il Carnasciale - Il Carnasciale s.r.l. società agricola,4559.0,1500 ml,Glasflaska,,Italien,,Tillfälligt sortiment,1,0114
9030501,Barolo Pira Vecchie Viti Roagna Azienda Agricola I Paglieri,Roagna Azienda Agricola I Paglieri S.S,4999.0,750 ml,Glasflaska,,Italien,,Tillfälligt sortiment,1,0114
9278101,Au Bon Climat Sandford & Benedict Chardonnay,Au Bon Climat,489.0,750 ml,Glasflaska,,USA,Chardonnay,Tillfälligt sortiment,1,0114
251601,Saint Clair Vicar's Choice Pinot Gris Bright Light,Saint Clair Family Estate,99.0,750 ml,Lättare glasflaska,Friskt & Fruktigt,Nya Zeeland,Pinot gris,Ordervaror,6,"0114,0143,0178,0215,0226,0228"
2011701,Indomita Gran Reserva Chardonnay Riesling,Viña Indómita,69.0,750 ml,Lättare glasflaska,Friskt & Fruktigt,Chile,"Chardonnay, Riesling",Ordervaror,3,"0114,0237,0238"
7110501,Orangegutang,Weingut Leth,139.0,750 ml,Lättare glasflaska,Fylligt & Smakrikt,Österrike,,Ordervaror,1,0114
7313604,Retsina Malamatina,E Malamatinas,40.0,250 ml,Lättare glasflaska,Fylligt & Smakrikt,Grekland,,Ordervaror,7,"0114,0140,0147,0182,0217,0230,0237"
5453301,André Clouet Chalky Brut,André Clouet,519.0,750 ml,Glasflaska,Torrt vitt,Frankrike,,Ordervaror,7,"0114,0151,0174,0210,0211,0220,0238"
9555001,Barolo Rocche di Castiglione,Vietti s.r.l.,2149.0,750 ml,Glasflaska,,Italien,Nebbiolo,Ordervaror,1,0114
7774102,Clotilde Davenne Cremant de Bourgogne Extra Brut,Clotilde Davenne,129.0,375 ml,Glasflaska,Torrt vitt,Frankrike,,Ordervaror,6,"0114,0151,0171,0213,0215,0228"
7238601,Chambertin Grand Cru Domaine Trapet,Domaine Trapet,8499.0,750 ml,Glasflaska,,Frankrike,Pinot noir,Ordervaror,1,0114
7170101,Villa Tinta Cabernet Sauvignon,Vinhol Oksamytnoe LTD,121.0,750 ml,Glasflaska,Fruktigt & Smakrikt,Ukraina,Cabernet sauvignon,Ordervaror,3,"0114,0216,0235"
7278106,Clarendelle Bordeaux Clarence Dillon,Clarence Dillon Wines,415.0,1500 ml,Glasflaska,Fruktigt & Smakrikt,Frankrike,"Merlot, Cabernet sauvignon, Cabernet franc",Ordervaror,3,"0114,0215,0237"
9029201,Wildmakers Brisas Orange,Permavis SpA Wildmakers,179.0,750 ml,Lättare glasflaska,Druvigt & Blommigt,Chile,,Ordervaror,3,"0114,0138,0201"
230601,Vidal-Fleury Saint-Joseph,Vidal-Fleury,280.0,750 ml,Glasflaska,Kryddigt & Mustigt,Frankrike,Syrah,Ordervaror,2,"0114,0221"
9257901,Musigny Vieilles Vignes Grand Cru Domaine Comte Georges de Vogüé,Domaine Comtes Georges de Vogue,9499.0,750 ml,Glasflaska,,Frankrike,Pinot noir,Ordervaror,2,"0114,0237"
5740401,Three Finger Jack Chardonnay,3 Finger Jack Cellars,69.0,750 ml,Glasflaska,Fylligt & Smakrikt,USA,Chardonnay,Ordervaror,1,0114
5751201,High On Love Pink Bubbles Prosecco Extra Brut,Antonio Facchin & Figli,241.0,750 ml,Glasflaska,Rosé,Italien,"Glera, Pinot nero",Ordervaror,1,0114
200401,Cannonau di Sardegna Riserva,Tenuta Sella & Mosca,169.0,750 ml,Lättare glasflaska,Stramt & Nyanserat,Italien,Cannonau,Ordervaror,1,0114
760202,Louis Roederer Collection 247,Louis Roederer,325.0,375 ml,Glasflaska,Torrt vitt,Frankrike,"Chardonnay, Pinot meunier, Pinot noir",Ordervaror,1,0114
7407601,Champagne Deutz Hommage à William Deutz La Cote Glaciere,Champagne Deutz,1399.0,750 ml,Glasflaska,Torrt vitt,Frankrike,Pinot noir,Ordervaror,1,0114
7942801,Doctor Grosses Gewächs Weingüter Wegeler,Weingüter Wegeler,879.0,750 ml,Glasflaska,,Tyskland,Riesling,Ordervaror,1,0114
7945601,Schloss Johannisberg Goldlack Riesling Trocken,Schloss Johannisberg,2499.0,750 ml,Glasflaska,,Tyskland,Riesling,Ordervaror,1,0114
5051001,Les Légendes R Bordeaux,Les Domaines Barons de Rothschild Lafite,179.0,750 ml,Glasflaska,Fruktigt & Smakrikt,Frankrike,,Ordervaror,1,0114
5730501,Cap Maritime Pinot Noir,Boekenhoutskloof Winery (Pty) Ltd,399.0,750 ml,Glasflaska,,Sydafrika,Pinot noir,Ordervaror,1,0114
9461501,Chambolle-Musigny Premier Cru Domaine Comte Georges de Vogüé,Domaine Comte Georges de Vogüé,4399.0,750 ml,Glasflaska,,Frankrike,Pinot noir,Ordervaror,1,0114
7033901,Rolly Gassmann Riesling de Rorschwihr Sélection de Grains Nobles,Rolly Gassmann,1203.0,750 ml,Glasflaska,,Frankrike,Riesling,Ordervaror,1,0114
8262301,Cloudy Bay Sauvignon Blanc,Cloudy Bay,299.0,750 ml,Glasflaska,Friskt & Fruktigt,Nya Zeeland,,Ordervaror,1,0114
258801,Picpoul de Pinet Villa Blanche,Calmel & Joseph,129.0,750 ml,Lättare glasflaska,Friskt & Fruktigt,Frankrike,,Ordervaror,1,0114
9407306,Château Latour,Château Latour,15599.0,1500 ml,Glasflaska,,Frankrike,,Ordervaror,1,0114
641901,Jacob's Creek Grenache Shiraz,Vinarchy,95.0,750 ml,Lättare glasflaska,,Australien,,Ordervaror,1,0114
9570301,Kanonkop Estate Pinotage,Kanonkop Estate,399.0,750 ml,Glasflaska,,Sydafrika,Pinotage,Ordervaror,1,0114
219201,Laetitia Estate Pinot Noir,Laetitia Winery,179.0,750 ml,Glasflaska,Kryddigt & Mustigt,USA,Pinot noir,Ordervaror,1,0114
796001,Champagne Charles Ellner Grande Réserve,Charles Ellner,349.0,750 ml,Glasflaska,Torrt vitt,Frankrike,"Chardonnay, Pinot noir",Ordervaror,1,0114
549101,La Dame de Malescot,Chateau Malescot St Exupery,374.0,750 ml,Glasflaska,Stramt & Nyanserat,Frankrike,"Cabernet franc, Cabernet sauvignon, Merlot",Ordervaror,1,0114
8730609,Veuve Clicquot Brut,Veuve Clicquot,9469.0,6000 ml,Glasflaska,Torrt vitt,Frankrike,,Ordervaror,1,0114
7050401,Cuvée Celeste Chardonnay,Fields Wine Company AB,89.0,750 ml,Lättare glasflaska,Friskt & Fruktigt,Frankrike,Chardonnay,Fast sortiment,11,"0132,0148,0168,0178,0180,0209,0211,0217,0226,0228,0239"
9551206,Barolo Cicala Poderi Aldo Conterno,Poderi Aldo Conterno,3995.0,1500 ml,Glasflaska,,Italien,,Tillfälligt sortiment,1,0132
7777001,Lucia De Maio Bianco,Cantine di Verona s.c.a.,99.0,750 ml,Lättare glasflaska,Lätt & Avrundat,Italien,,Ordervaror,16,"0132,0133,0151,0163,0171,0178,0180,0211,0215,0217,0221,0223,0231,0232,0238,0239"
7313701,Art of the Refill Grüner Veltliner,Peter Mertes,99.0,750 ml,Lättare glasflaska,Friskt & Fruktigt,Österrike,Grüner veltliner,Ordervaror,17,"0132,0133,0134,0137,0143,0144,0165,0167,0168,0170,0171,0172,0174,0177,0223,0224,0237"
7525001,Buccia Sicilia,Cantine Ermes Soc. Coop Agr.,99.0,750 ml,Lättare glasflaska,Fruktigt & Smakrikt,Italien,Nero d'avola,Ordervaror,7,"0132,0163,0165,0168,0170,0171,0174"
5652301,Guldkula Brut Resérve,Champagne Guldkula,299.0,750 ml,Glasflaska,Torrt vitt,Frankrike,,Ordervaror,2,"0132,0201"
9432601,Corton-Charlemagne Grand Cru Bouchard Père et Fils,Bouchard Père et Fils,2599.0,750 ml,Glasflaska,,Frankrike,,Ordervaror,1,0132
7143701,Château Picque Caillou,Château Picque-Caillou,219.0,750 ml,Glasflaska,,Frankrike,,Ordervaror,1,0132
7965101,Finca Valpiedra Reserva,Finca Valpiedra,279.0,750 ml,Glasflaska,,Spanien,,Ordervaror,1,0132
7062901,Rabl Riesling Langenlois,Weingut Rabl,165.0,750 ml,Glasflaska,,Österrike,,Ordervaror,1,0132
7206101,Lucia De Maio Ripasso Valpolicella,Cantine di Verona s.c.a.,129.0,750 ml,Glasflaska,Fruktigt & Smakrikt,Italien,"Corvina, Rondinella, Corvinone",Fast sortiment,25,"0133,0150,0151,0167,0168,0173,0175,0176,0177,0178,0179,0205,0206,0209,0214,0217,0221,0228,0229,0230,0235,0236,0237,0238,0239"
9026702,Banyuls Rimage Vin doux naturel,Domaine du Traginer,284.0,500 ml,Glasflaska,Sött,Frankrike,,Tillfälligt sortiment,14,"0133,0136,0137,0143,0145,0167,0172,0202,0213,0217,0220,0226,0232,0238"
9112801,Susucaru Rosato,Azienda Agricola Frank Cornelissen,270.0,750 ml,Lättare glasflaska,Fruktigt & Smakrikt,Italien,,Tillfälligt sortiment,9,"0133,0140,0143,0163,0177,0179,0210,0228,0237"
9424701,Chateau Clerc Milon,Chateau Clerc Milon,840.0,750 ml,Glasflaska,,Frankrike,,Tillfälligt sortiment,2,"0133,0165"
7498601,Sassa Toscana,Iconic Wines,99.0,750 ml,Lättare glasflaska,Fruktigt & Smakrikt,Italien,,Ordervaror,8,"0133,0135,0204,0206,0217,0221,0230,0232"
7557101,Boca Mar Alvarinho Casa Santos Lima,Casa Santos Lima,109.0,750 ml,Lättare glasflaska,Friskt & Fruktigt,Portugal,Alvarinho,Ordervaror,6,"0133,0151,0201,0206,0213,0215"
7325101,Monferrato Nebbiolo,San Silvestro,119.0,750 ml,Lättare glasflaska,Kryddigt & Mustigt,Italien,Nebbiolo,Ordervaror,7,"0133,0137,0213,0215,0220,0224,0237"
7611601,Pour Toi Pinot Noir,Bibendum AB,100.0,750 ml,Lättare glasflaska,Kryddigt & Mustigt,Frankrike,Pinot noir,Ordervaror,1,0133
7903301,Fruitière Vinicole D’Arbois Crémant du Jura Brut,Fruitiere Vinicole D'Arbois,199.0,750 ml,Glasflaska,Torrt vitt,Frankrike,"Chardonnay, Pinot noir",Ordervaror,3,"0133,0144,0232"
238601,Masi Modello Trevenezie,Masi,99.0,750 ml,Lättare glasflaska,Mjukt & Bärigt,Italien,"Merlot, Raboso, Refosco",Fast sortiment,23,"0134,0135,0150,0168,0174,0176,0177,0178,0182,0206,0208,0209,0210,0214,0217,0218,0219,0222,0225,0226,0228,0229,0232"
5851601,Exire Negroamaro Primitivo,Spring Wine & Spirits,119.0,750 ml,Lättare glasflaska,Kryddigt & Mustigt,Italien,"Negroamaro, Primitivo",Fast sortiment,11,"0134,0178,0209,0213,0215,0217,0226,0228,0232,0237,0238"
602401,Alto Pina Reserva,Vinko,99.0,750 ml,Lättare glasflaska,Fruktigt & Smakrikt,Portugal,"Aragonez, Castelão, Touriga naçional",Fast sortiment,7,"0134,0174,0178,0209,0217,0226,0228"
288501,Euphoria Rosé,Amyntas Winery,59.0,750 ml,Lättare glasflaska,Friskt & Bärigt,Grekland,Xynomavro,Fast sortiment,1,0134
5364801,Biondi-Santi Brunello di Montalcino Riserva,Biondi Santi International,5499.0,750 ml,Glasflaska,,Italien,,Tillfälligt sortiment,1,0134
9271601,Roccolo del Durlo Soave Classico,Azienda Agricola Le Battistelle,232.0,750 ml,Lättare glasflaska,Fylligt & Smakrikt,Italien,Garganega,Tillfälligt sortiment,1,0134
9248901,Ridge Vineyards Grenache Blanc Paso Robles,Ridge Vineyards,395.0,750 ml,Glasflaska,,USA,Grenache blanc,Tillfälligt sortiment,1,0134
7574901,Signed By Sauvignon Blanc,Anora Group PLC,95.0,1000 ml,Lättare glasflaska,Friskt & Fruktigt,Tyskland,Sauvignon blanc,Ordervaror,39,"0134,0135,0144,0147,0148,0151,0163,0167,0170,0171,0172,0175,0176,0177,0178,0179,0180,0182,0201,0205,0206,0210,0213,0215,0217,0218,0219,0220,0221,0223,0225,0228,0229,0230,0231,0235,0237,0238,0239"
9031401,Slightly Pinot Noir,Scheid Family Wines,49.0,750 ml,Lättare glasflaska,Mjukt & Bärigt,USA,Pinot noir,Ordervaror,13,"0134,0150,0151,0173,0175,0182,0202,0204,0219,0225,0230,0235,0237"
7293301,Barolo Riserva Le Colline,Le Colline SrL,249.0,750 ml,Lättare glasflaska,Kryddigt & Mustigt,Italien,,Ordervaror,23,"0134,0137,0151,0163,0165,0171,0172,0173,0174,0178,0202,0206,0209,0210,0211,0216,0217,0223,0225,0230,0237,0238,0239"
627515,Vistamar Paìs,Viña Vistamar,24.0,250 ml,Burk,Mjukt & Bärigt,Chile,Pais,Ordervaror,2,"0134,0229"
7814301,Ricossa Campolibero Barbaresco Organic,Ricossa SRL,199.0,750 ml,Glasflaska,Stramt & Nyanserat,Italien,Nebbiolo,Ordervaror,3,"0134,0167,0179"
7327101,Les Douces Collines Organic St Nicolas de Bourgueil,SAS GV&FXB - Complices de Loire,169.0,750 ml,Glasflaska,,Frankrike,Cabernet franc,Ordervaror,1,0134
235801,Matilda Nieves Mencía,Bodegas Rectoral de Amandi S.A.U.,59.0,750 ml,Lättare glasflaska,Fruktigt & Smakrikt,Spanien,Mencía,Ordervaror,2,"0134,0177"
771901,Charles Mignon Brut Premium Reserve,Champagne Charles Mignon,349.0,750 ml,Glasflaska,Torrt vitt,Frankrike,,Ordervaror,3,"0134,0145,0232"
8209001,Moschofilero Boutari,Boutari,169.0,750 ml,Glasflaska,,Grekland,,Ordervaror,1,0134
7356601,Gilloria Spumante Brut,Nelex Beverage AB,79.0,750 ml,Glasflaska,Torrt vitt,Italien,,Fast sortiment,39,"0135,0140,0148,0150,0151,0168,0177,0178,0179,0182,0201,0204,0205,0206,0208,0209,0210,0211,0212,0213,0214,0215,0217,0218,0219,0220,0222,0223,0225,0226,0227,0228,0229,0231,0232,0234,0235,0236,0239"
277201,Leva Riesling Müller-Thurgau Organic,Weinkontor Westhofen,89.0,750 ml,Lättare glasflaska,Friskt & Fruktigt,Tyskland,"Müller-thurgau, Riesling",Fast sortiment,30,"0135,0148,0150,0168,0177,0178,0182,0205,0206,0208,0209,0210,0211,0213,0214,0217,0218,0219,0222,0223,0225,0226,0227,0228,0229,0232,0234,0235,0236,0239"
625701,Kloster Eberbach Riesling Spätlese,Kloster Eberbach,169.0,750 ml,Lättare glasflaska,Druvigt & Blommigt,Tyskland,Riesling,Fast sortiment,27,"0135,0148,0150,0168,0177,0178,0182,0205,0206,0208,0209,0210,0214,0217,0218,0219,0222,0223,0225,0226,0227,0228,0229,0234,0235,0236,0239"
5028501,Marastoni Valpolicella Ripasso Superiore,Fields Wine Company AB,109.0,750 ml,Glasflaska,Kryddigt & Mustigt,Italien,,Fast sortiment,28,"0135,0148,0150,0168,0177,0178,0179,0182,0205,0206,0208,0209,0210,0214,0217,0218,0219,0222,0223,0225,0226,0227,0228,0229,0234,0235,0236,0239"
7548801,Grandicone Appassimento,Vini Bella Terra,109.0,1000 ml,Lättare glasflaska,Kryddigt & Mustigt,Italien,,Fast sortiment,27,"0135,0148,0150,0168,0177,0178,0182,0205,0206,0208,0209,0210,0214,0217,0218,0219,0222,0223,0225,0226,0227,0228,0229,0234,0235,0236,0239"
513501,Moselland Riesling Kabinett,Moselland,87.0,750 ml,Lättare glasflaska,Druvigt & Blommigt,Tyskland,Riesling,Fast sortiment,29,"0135,0148,0150,0168,0177,0178,0182,0205,0206,0208,0209,0210,0214,0217,0218,0219,0222,0223,0225,0226,0227,0228,0229,0232,0234,0235,0236,0237,0239"
770401,Gran Passione Organic Gold Release,ViniMundi,99.0,750 ml,Glasflaska,Halvtorrt vitt,Italien,,Fast sortiment,26,"0135,0148,0150,0168,0177,0178,0179,0182,0205,0206,0208,0209,0210,0214,0217,0218,0219,0222,0223,0225,0226,0228,0229,0234,0235,0236"
7208401,Doppio Passo Prosecco Frizzante,Casa Vinicola Botter,115.0,750 ml,Glasflaska,Torrt vitt,Italien,Glera,Fast sortiment,29,"0135,0148,0150,0151,0168,0175,0177,0178,0182,0202,0205,0206,0208,0209,0210,0214,0217,0218,0219,0222,0223,0225,0226,0227,0228,0229,0234,0235,0236"
8658201,Pazzione Rosé by Pernilla Wahlgren,ViniMundi,99.0,750 ml,Glasflaska,Fruktigt & Smakrikt,Spanien,,Fast sortiment,27,"0135,0148,0150,0168,0177,0178,0182,0205,0206,0208,0209,0210,0214,0217,0218,0219,0222,0223,0225,0226,0227,0228,0229,0234,0235,0236,0239"
432501,Ricossa Moscato,Cuvage Srl,109.0,750 ml,Glasflaska,Sött,Italien,,Fast sortiment,27,"0135,0148,0150,0168,0177,0178,0182,0205,0206,0208,0209,0210,0214,0217,0218,0219,0222,0223,0225,0226,0227,0228,0229,0234,0235,0236,0239"
604504,Black Tower Fruity White,Reh Kendermann,37.0,250 ml,Lättare glasflaska,Druvigt & Blommigt,Tyskland,Rivaner,Fast sortiment,27,"0135,0148,0150,0168,0175,0177,0178,0182,0205,0206,0208,0209,0210,0214,0217,0218,0219,0222,0223,0225,0226,0228,0229,0234,0235,0236,0239"
668501,Viña Maipo Carmenère,Viña Maipo SpA,69.0,750 ml,Lättare glasflaska,Fruktigt & Smakrikt,Chile,"Carmenère, Cabernet sauvignon",Fast sortiment,23,"0135,0148,0150,0168,0177,0178,0182,0206,0208,0209,0210,0214,0217,0218,0219,0220,0222,0225,0226,0228,0229,0232,0234"
5246501,Lyv Rosé,Jeanjean,125.0,750 ml,Glasflaska,Friskt & Bärigt,Frankrike,"Cinsault, Grenache, Syrah",Fast sortiment,26,"0135,0148,0150,0168,0177,0178,0182,0205,0206,0208,0209,0210,0211,0214,0217,0218,0219,0220,0222,0223,0225,0226,0229,0234,0235,0236"
705501,KWV Chardonnay,KWV,99.0,750 ml,Lättare glasflaska,Friskt & Fruktigt,Sydafrika,Chardonnay,Fast sortiment,20,"0135,0150,0168,0177,0178,0182,0206,0208,0209,0210,0214,0217,0218,0219,0222,0225,0226,0228,0229,0234"
284901,This is the Idiot Pinot Noir Rosé,Weingut Karl Pfaffmann,119.0,750 ml,Lättare glasflaska,Fruktigt & Smakrikt,Tyskland,Pinot noir,Fast sortiment,19,"0135,0150,0168,0177,0178,0182,0206,0208,0209,0214,0217,0218,0219,0222,0225,0226,0228,0229,0235"
7029701,Cantina Zaccagnini Dal Tralcetto Pecorino,Ciccio Zaccagnini,99.0,750 ml,Lättare glasflaska,Friskt & Fruktigt,Italien,Pecorino,Fast sortiment,26,"0135,0148,0150,0168,0177,0178,0182,0202,0205,0206,0208,0209,0210,0214,0217,0218,0219,0222,0223,0225,0226,0228,0229,0234,0235,0236"
7472901,Château Morillon Cuvée Jardin Royal Organic,Icon Wines,169.0,750 ml,Glasflaska,Stramt & Nyanserat,Frankrike,Merlot,Fast sortiment,27,"0135,0140,0143,0148,0150,0168,0177,0178,0182,0205,0206,0208,0209,0210,0214,0215,0217,0219,0222,0223,0225,0226,0228,0229,0234,0235,0236"
7668001,Ruby Zin Laila Bagge,Anora Group PLC,114.0,750 ml,Lättare glasflaska,Mjukt & Bärigt,USA,"Ruby cabernet, Zinfandel",Fast sortiment,20,"0135,0150,0168,0177,0178,0182,0206,0208,0209,0210,0214,0217,0218,0219,0222,0225,0226,0228,0229,0230"
5845101,Palacio de Caterina Tempranillo,Hammeken Cellars,99.0,1000 ml,Lättare glasflaska,Fruktigt & Smakrikt,Spanien,Tempranillo,Fast sortiment,18,"0135,0150,0168,0177,0178,0182,0206,0208,0209,0214,0217,0218,0219,0222,0225,0226,0228,0229"
5761201,Black Tower Riesling Club Edition,Reh Kendermann GmbH Weinkellerei,95.0,750 ml,Glasflaska,Friskt & Fruktigt,Tyskland,Riesling,Fast sortiment,22,"0135,0148,0150,0168,0177,0178,0182,0206,0208,0209,0210,0214,0217,0218,0219,0222,0223,0225,0226,0228,0229,0234"
208201,Pink Hill Rosé Bubbly,Forever Wine,89.0,750 ml,Lättare glasflaska,Fruktigt & Smakrikt,Portugal,"Touriga naçional, Espadeiro",Fast sortiment,23,"0135,0150,0151,0168,0177,0178,0182,0201,0206,0208,0209,0210,0211,0214,0217,0218,0219,0222,0225,0226,0228,0229,0234"
7615301,Sorelle Blanc de Blancs,Nelex Beverage AB,79.0,750 ml,Glasflaska,Torrt vitt,Italien,,Fast sortiment,27,"0135,0140,0150,0168,0175,0176,0177,0178,0179,0182,0202,0206,0208,0209,0210,0214,0217,0218,0219,0221,0222,0225,0226,0228,0229,0237,0238"
217501,Voilà Grande Cuvée Brut,Törley Pezsgopincészet,85.0,750 ml,Lättare glasflaska,Torrt vitt,Ungern,"Rhine riesling, Grüner veltliner, Furmint, Cserszegi füszeres, Olaszrizling",Fast sortiment,21,"0135,0148,0150,0168,0176,0177,0178,0182,0205,0206,0208,0209,0217,0219,0223,0226,0227,0228,0229,0234,0236"
7789401,Veronia Appassimento,Globus Wine A/S,97.0,1000 ml,Lättare glasflaska,Kryddigt & Mustigt,Italien,,Fast sortiment,23,"0135,0148,0150,0168,0177,0178,0182,0202,0206,0208,0209,0210,0214,0217,0218,0219,0222,0223,0225,0226,0228,0229,0234"
5669001,Gött Rött By Per Andersson,Winemarket Nordic AB,99.0,750 ml,Glasflaska,Fruktigt & Smakrikt,Italien,Montepulciano,Fast sortiment,21,"0135,0150,0168,0177,0178,0182,0206,0208,0209,0210,0214,0217,0218,0219,0222,0225,0226,0228,0229,0232,0234"
241401,Tr3 Apor Riesling och Gewürztraminer,Enjoy Wine & Spirits,85.0,750 ml,Lättare glasflaska,Druvigt & Blommigt,Ungern,"Riesling, Gewürztraminer",Fast sortiment,21,"0135,0150,0168,0171,0177,0178,0182,0206,0208,0209,0210,0214,0217,0218,0219,0222,0223,0225,0226,0228,0229"
7157601,Montrose Rosé,Domaine Montrose,99.0,750 ml,Glasflaska,Friskt & Bärigt,Frankrike,,Fast sortiment,19,"0135,0150,0168,0177,0178,0182,0206,0208,0209,0210,0214,0217,0218,0219,0222,0225,0226,0228,0229"
7946101,Lisa 1503 White organic,Carovin AB,105.0,1000 ml,Lättare glasflaska,Friskt & Fruktigt,Italien,"Catarratto, Chardonnay",Fast sortiment,19,"0135,0150,0168,0172,0177,0178,0182,0206,0208,0209,0214,0217,0218,0219,0222,0225,0226,0228,0229"
7570701,Castelmare Amarone della Valpolicella Classico,Cantina Valpolicella Negrar,199.0,750 ml,Glasflaska,Kryddigt & Mustigt,Italien,,Fast sortiment,20,"0135,0150,0168,0177,0178,0182,0206,0208,0209,0210,0214,0217,0218,0219,0222,0225,0226,0228,0229,0234"
7249201,Escada Touriga Nacional,DFJ Vinhos,99.0,750 ml,Glasflaska,Fruktigt & Smakrikt,Portugal,Touriga naçional,Fast sortiment,20,"0135,0150,0168,0177,0178,0182,0206,0208,0209,0210,0214,0217,0218,0219,0222,0225,0226,0228,0229,0234"
5304901,La Scoperta Barbera d´Asti,Cantine Pirovano,105.0,1000 ml,Glasflaska,Fruktigt & Smakrikt,Italien,Barbera,Fast sortiment,21,"0135,0150,0168,0177,0178,0182,0206,0208,0209,0210,0214,0217,0218,0219,0222,0225,0226,0228,0229,0232,0237"
5039301,Falu Rödvin Grand Vin,JBF,99.0,1000 ml,Lättare glasflaska,Fruktigt & Smakrikt,Frankrike,"Cabernet sauvignon, Carignan, Merlot",Fast sortiment,20,"0135,0150,0168,0177,0178,0182,0206,0208,0209,0210,0214,0217,0218,0219,0220,0222,0225,0226,0228,0229"
242801,The Big Zin Zinfandel Old Vines,ViniMundi,89.0,750 ml,Glasflaska,Fruktigt & Smakrikt,Italien,Zinfandel,Fast sortiment,21,"0135,0150,0168,0177,0178,0182,0206,0208,0209,0210,0214,0217,0218,0219,0220,0222,0225,0226,0228,0229,0232"
7630802,1909 Righetti Ripasso,Luigi Righetti,89.0,375 ml,Glasflaska,Kryddigt & Mustigt,Italien,"Corvina, Rondinella, Molinara",Fast sortiment,19,"0135,0150,0168,0177,0178,0182,0206,0208,0209,0210,0214,0217,0218,0219,0222,0225,0226,0228,0229"
7977901,Prego Grande,Cantine Settesoli,99.0,1000 ml,Glasflaska,Fruktigt & Smakrikt,Italien,,Fast sortiment,19,"0135,0150,0168,0177,0178,0182,0206,0208,0209,0214,0217,0218,0219,0222,0225,0226,0228,0229,0232"
7063501,Amarone della Valpolicella ai Colli Vivaldi,Vivaldi Wines,249.0,750 ml,Glasflaska,Kryddigt & Mustigt,Italien,,Fast sortiment,18,"0135,0150,0168,0177,0178,0182,0206,0208,0209,0214,0217,0218,0219,0222,0225,0226,0228,0229"
5256801,Casteloro Valpolicella Ripasso Organic,Fields Wine Company AB,129.0,750 ml,Glasflaska,Kryddigt & Mustigt,Italien,,Fast sortiment,19,"0135,0150,0168,0177,0178,0182,0206,0208,0209,0210,0214,0217,0218,0219,0222,0225,0226,0228,0229"
7478901,Farmers Market Organic,Winepartners Nordic AB,89.0,750 ml,Lättare glasflaska,Kryddigt & Mustigt,Italien,,Fast sortiment,18,"0135,0150,0168,0177,0178,0182,0206,0208,0209,0214,0217,0218,0219,0222,0225,0226,0228,0229"
7582101,Il Capolavoro Piemonte Rosso,Globus Wine,80.0,750 ml,Lättare glasflaska,Fruktigt & Smakrikt,Italien,"Barbera, Nebbiolo, Dolcetto",Fast sortiment,20,"0135,0140,0150,0168,0177,0178,0182,0206,0208,0209,0210,0214,0217,0218,0219,0222,0225,0226,0228,0229"
7070501,Valpolicella Ripasso Mezzo Monte,Antiche Terre Venete,159.0,750 ml,Glasflaska,Kryddigt & Mustigt,Italien,"Corvina, Rondinella, Corvinone",Fast sortiment,18,"0135,0150,0168,0177,0178,0182,0206,0208,0209,0214,0217,0218,0219,0222,0225,0226,0228,0229"
304001,Tenuta Vignega Valpolicella Ripasso Superiore,Azienda Agricola Bettili Cristiana,159.0,750 ml,Glasflaska,Kryddigt & Mustigt,Italien,"Corvina, Molinara, Rondinella, Oseleta",Fast sortiment,18,"0135,0150,0168,0177,0178,0182,0206,0208,0209,0214,0217,0218,0219,0222,0225,0226,0228,0229"
7796101,Marastoni Sangiovese Merlot,Fields Wine Company AB,89.0,750 ml,Lättare glasflaska,Kryddigt & Mustigt,Italien,"Merlot, Sangiovese",Fast sortiment,19,"0135,0150,0168,0177,0178,0182,0206,0208,0209,0210,0214,0217,0218,0219,0222,0225,0226,0228,0229"
764901,Chapel Hill Blanc de Blancs Chardonnay,Balatonboglár Winery,79.0,750 ml,Lättare glasflaska,Torrt vitt,Ungern,Chardonnay,Fast sortiment,19,"0135,0147,0148,0150,0151,0171,0177,0178,0182,0206,0208,0214,0217,0219,0225,0226,0228,0229,0231"
5328801,Luna di Mezzanotte Barolo,Nigab,209.0,750 ml,Glasflaska,Stramt & Nyanserat,Italien,Nebbiolo,Fast sortiment,9,"0135,0151,0168,0208,0214,0217,0222,0228,0229"
9247001,Malleolus Emilio Moro,Emilio Moro,379.0,750 ml,Glasflaska,Stramt & Nyanserat,Spanien,Tempranillo,Tillfälligt sortiment,6,"0135,0147,0173,0202,0213,0232"
3157401,Skepparps Grand Prix Rosé,Skepparps Vingård,200.0,750 ml,Lättare glasflaska,Fruktigt & Smakrikt,Sverige,"Rondo, Solaris, Cabernet cortis",Tillfälligt sortiment,2,"0135,0150"
9291001,Pink Punk Chichateau,Chichateau Doo,159.0,750 ml,Glasflaska,Friskt & Bärigt,Serbien,"Cabernet franc, Merlot, Cabernet sauvignon",Tillfälligt sortiment,1,0135
9457601,Mas de Daumas Gassac Blanc,Mas de Daumas Gassac,649.0,750 ml,Glasflaska,Fylligt & Smakrikt,Frankrike,,Tillfälligt sortiment,2,"0135,0175"
7627101,ROCK Appassimento,Oenoforos,99.0,750 ml,Glasflaska,Fruktigt & Smakrikt,Italien,,Ordervaror,17,"0135,0177,0178,0201,0206,0209,0210,0219,0221,0222,0223,0226,0228,0229,0235,0236,0239"
7027001,Drama Queen Blanc de Blancs,ViniMundi,79.0,750 ml,Glasflaska,,Italien,,Ordervaror,22,"0135,0148,0151,0163,0167,0171,0177,0178,0201,0206,0209,0210,0211,0216,0217,0221,0225,0228,0229,0230,0231,0239"
7182801,Sorelle Prosecco,Nelex Beverage AB,89.0,750 ml,Glasflaska,Torrt vitt,Italien,Glera,Ordervaror,19,"0135,0151,0178,0179,0180,0206,0209,0210,0215,0217,0218,0221,0225,0229,0230,0231,0232,0238,0239"
7795101,Casa Marzoni Prosecco Organic,Casa Marzoni,99.0,750 ml,Glasflaska,Torrt vitt,Italien,,Ordervaror,20,"0135,0137,0148,0171,0172,0177,0179,0201,0202,0206,0210,0211,0213,0215,0218,0228,0231,0232,0237,0238"
7279501,Berså Bianco,The Wine & Spirit Collective,99.0,750 ml,Lättare glasflaska,Friskt & Fruktigt,Italien,"Trebbiano, Catarratto, Chardonnay",Ordervaror,14,"0135,0147,0151,0171,0174,0180,0211,0217,0219,0223,0228,0229,0230,0239"
7668701,Black Lava Bold Vibrant Warm,Collis Heritage S.p.A.,109.0,750 ml,Lättare glasflaska,Fruktigt & Smakrikt,Italien,,Ordervaror,13,"0135,0171,0180,0206,0210,0211,0213,0217,0218,0223,0229,0237,0239"
7125801,This is The Bitch Rosé,Enjoy Wine & Spirits,99.0,750 ml,Lättare glasflaska,Friskt & Bärigt,Frankrike,,Ordervaror,4,"0135,0147,0168,0238"
7658901,Zanetti Salento,Casa dei Mercanti,129.0,750 ml,Lättare glasflaska,Kryddigt & Mustigt,Italien,,Ordervaror,5,"0135,0151,0177,0223,0237"
7090501,Nebbiolo Le Colline,Le Colline Srl,115.0,750 ml,Lättare glasflaska,Kryddigt & Mustigt,Italien,Nebbiolo,Ordervaror,5,"0135,0172,0179,0201,0238"
5941101,N Nero d’Avola Organic Assuli,Assuli,140.0,750 ml,Glasflaska,,Italien,Nero d'avola,Ordervaror,1,0135
7912201,Phonetics Riesling,Solera Sweden AB,99.0,750 ml,Lättare glasflaska,,Tyskland,Riesling,Ordervaror,2,"0135,0174"
7629401,Château Angelus Tempo d'Angelus,Château Angelus,329.0,750 ml,Glasflaska,,Frankrike,,Ordervaror,3,"0135,0136,0232"
5991801,Ca'Viola Barbera d'Alba Brichet,Azienda Agricola Ca´Viola,269.0,750 ml,Glasflaska,,Italien,Barbera,Ordervaror,1,0135
7064602,Planet Romeiko,Manousakis Winery,318.0,375 ml,Glasflaska,Sött,Grekland,,Ordervaror,1,0135
239101,Collevite Falerio Pecorino,Collevite,99.0,750 ml,Lättare glasflaska,Friskt & Fruktigt,Italien,Pecorino,Fast sortiment,8,"0136,0178,0180,0206,0209,0217,0226,0228"
9264706,Gassier Côtes de Provence,Gassier,299.0,1500 ml,Glasflaska,Friskt & Bärigt,Frankrike,"Cinsault, Grenache, Syrah, Vermentino",Tillfälligt sortiment,3,"0136,0137,0165"
9222101,Tokaj-Hétszolo Pezsgo Brut,Tokaj-Hétszolo,249.0,750 ml,Glasflaska,Torrt vitt,Ungern,Furmint,Tillfälligt sortiment,8,"0136,0140,0143,0147,0150,0151,0172,0237"
9018501,Wachenheimer Gerümpel Premier Cru Dr. Bürklin-Wolf,Dr Bürklin-Wolf,399.0,750 ml,Glasflaska,,Tyskland,Riesling,Tillfälligt sortiment,2,"0136,0151"
9266101,Benanti Etna Rosato,Benanti Viticoltori,199.0,750 ml,Glasflaska,Fruktigt & Smakrikt,Italien,Nerello mascalese,Tillfälligt sortiment,4,"0136,0140,0150,0210"
9299701,Gran Caus Rosat,Can Rafols dels Caus,269.0,750 ml,Glasflaska,Fruktigt & Smakrikt,Spanien,Merlot,Tillfälligt sortiment,1,0136
9010601,Pouilly-Fuissé Premier Cru Vers Cras Domaine Cordier,Domaine Cordier,499.0,750 ml,Glasflaska,Fylligt & Smakrikt,Frankrike,Chardonnay,Tillfälligt sortiment,1,0136
9359001,La Bodegaza Garnacha Blanca,Vinos Lopez,199.0,750 ml,Lättare glasflaska,Friskt & Fruktigt,Spanien,Garnacha blanca,Tillfälligt sortiment,2,"0136,0219"
9362801,Pio Cesare Barolo,Pio Cesare,649.0,750 ml,Glasflaska,Stramt & Nyanserat,Italien,Nebbiolo,Tillfälligt sortiment,6,"0136,0143,0147,0151,0211,0237"
9390701,Wehlener Sonnenuhr Kabinett Joh Jos Prüm,Joh. Jos. Prüm,499.0,750 ml,Glasflaska,,Tyskland,Riesling,Tillfälligt sortiment,4,"0136,0143,0215,0237"
9345401,Godeval Cepas Vellas,Bodegas Godeval,249.0,750 ml,Glasflaska,Friskt & Fruktigt,Spanien,Godello,Tillfälligt sortiment,2,"0136,0215"
9056901,Cascina Luisin Barbaresco Asili,Cascina Luisin,449.0,750 ml,Glasflaska,Stramt & Nyanserat,Italien,Nebbiolo,Tillfälligt sortiment,6,"0136,0143,0147,0214,0222,0237"
9061306,Gosset Grand Millésime,Champagne Gosset,1899.0,1500 ml,Glasflaska,Torrt vitt,Frankrike,"Chardonnay, Pinot noir",Tillfälligt sortiment,3,"0136,0151,0237"
9412801,Friedrich Becker Schweigen Chardonnay,Friedrich Becker,299.0,750 ml,Glasflaska,Fylligt & Smakrikt,Tyskland,Chardonnay,Tillfälligt sortiment,3,"0136,0143,0151"
9351401,Keep On Punching Baby Bandito,Testalonga Banditskloof,190.0,750 ml,Glasflaska,Friskt & Fruktigt,Sydafrika,Chenin blanc,Tillfälligt sortiment,3,"0136,0140,0202"
9202001,Kutch Bohan Vineyard Pinot Noir,Kutch Wines,579.0,750 ml,Glasflaska,,USA,Pinot noir,Tillfälligt sortiment,2,"0136,0237"
9233201,L'Avion Stolpman Vineyards,Stolpman Vineyards,499.0,750 ml,Glasflaska,Fylligt & Smakrikt,USA,Roussanne,Tillfälligt sortiment,3,"0136,0140,0151"
9015201,Domaine du Pélican Savagnin Ouillé,Domaine du Pélican,419.0,750 ml,Lättare glasflaska,,Frankrike,Savagnin,Tillfälligt sortiment,1,0136
9054301,Fürst Bürgstadter Spätburgunder,Weingut Rudolf Fürst,359.0,750 ml,Glasflaska,,Tyskland,Spätburgunder,Tillfälligt sortiment,2,"0136,0151"
9574702,Kechribari Retsina S. Kechri & Co.,S. Kechri & Co. Winery - Distillery,95.0,500 ml,Glasflaska,Fylligt & Smakrikt,Grekland,,Tillfälligt sortiment,3,"0136,0147,0211"
9437401,Atlántico El Paraguas,Bodegas El Paraguas,299.0,750 ml,Glasflaska,Friskt & Fruktigt,Spanien,"Treixadura, Godello, Albariño",Tillfälligt sortiment,3,"0136,0147,0222"
9211001,Baal,Domaine de Baal,289.0,750 ml,Glasflaska,,Libanon,,Tillfälligt sortiment,1,0136
9420201,Hogan Mirror for the Sun Cabernet Franc,Hogan Wines,349.0,750 ml,Glasflaska,,Sydafrika,Cabernet franc,Tillfälligt sortiment,2,"0136,0151"
7401501,Meinklang Prosa,Meinklang,119.0,750 ml,Glasflaska,Fruktigt & Smakrikt,Österrike,"Pinot noir, Zweigelt, Blaufränkisch, Sankt laurent",Ordervaror,5,"0136,0207,0230,0231,0237"
2030601,Château Pont de Brion,Molinari,189.0,750 ml,Glasflaska,Fylligt & Smakrikt,Frankrike,"Sauvignon blanc, Sémillon",Ordervaror,4,"0136,0171,0215,0228"
7206601,Domaine Colombo La Belle de Mai Saint Péray,Jean-Luc Colombo,179.0,750 ml,Glasflaska,,Frankrike,,Ordervaror,1,0136
772306,Diebolt-Vallois Prestige Extra Brut,Diebolt-Vallois,1249.0,1500 ml,Glasflaska,Torrt vitt,Frankrike,,Ordervaror,1,0136
7317101,Bodega Dorado,Bodegas Corcel,129.0,750 ml,Lättare glasflaska,Kryddigt & Mustigt,Spanien,Tempranillo,Fast sortiment,10,"0137,0178,0206,0209,0215,0217,0222,0226,0228,0229"
9472301,Côte-Rôtie La Turque E.Guigal,E Guigal,4395.0,750 ml,Glasflaska,,Frankrike,,Tillfälligt sortiment,2,"0137,0151"
9487401,Côte-Rôtie La Landonne E.Guigal,E Guigal,4395.0,750 ml,Glasflaska,,Frankrike,,Tillfälligt sortiment,1,0137
3003201,Åhus Solaris EQ,Åhus Vingård,256.0,750 ml,Glasflaska,Fylligt & Smakrikt,Sverige,Solaris,Lokalt & Småskaligt,1,0137
2014401,Duval-Leroy Organic Brut,Duval-Leroy,459.0,750 ml,Glasflaska,Torrt vitt,Frankrike,"Chardonnay, Pinot noir",Ordervaror,8,"0137,0150,0182,0204,0208,0214,0225,0232"
7125201,Scheuermann Rosé de Soda,Scheuermann,170.0,750 ml,Glasflaska,Rosé,Tyskland,"Merlot, Pinot noir",Ordervaror,6,"0137,0151,0163,0165,0171,0174"
7392501,Lapis Luna Chardonnay,Lapis Luna Wines,169.0,750 ml,Glasflaska,Friskt & Fruktigt,USA,,Ordervaror,1,0137
9245101,Tartemain Brut,Domaine du Tartemain,160.0,750 ml,Glasflaska,Torrt vitt,Frankrike,Chenin blanc,Tillfälligt sortiment,1,0138
9007801,Château de Campuget Syrah Grenache 1753,Château de Campuget,149.0,750 ml,Glasflaska,Kryddigt & Mustigt,Frankrike,"Grenache, Syrah",Tillfälligt sortiment,3,"0138,0177,0215"
9305601,Madame de Beaucaillou Château Ducru-Beaucaillou,Château Ducru-Beaucaillou,299.0,750 ml,Glasflaska,,Frankrike,,Tillfälligt sortiment,2,"0138,0171"
9056201,Certo Pinot Noir,Good Season,99.0,750 ml,Glasflaska,Mjukt & Bärigt,Moldavien,Pinot noir,Tillfälligt sortiment,2,"0138,0237"
1301814,Toi Toi Marlborough Pinot Noir,Marlborough Wine Limited,39.0,250 ml,Burk,Mjukt & Bärigt,Nya Zeeland,Pinot noir,Ordervaror,3,"0138,0229,0234"
5309201,Beaujolais Villages Combe aux Jacques,Maison Louis Jadot,169.0,750 ml,Glasflaska,,Frankrike,Gamay,Ordervaror,1,0138
7255601,Lucia De Maio Rosato Organic,Cantine di Verona s.c.a.,99.0,750 ml,Glasflaska,Fruktigt & Smakrikt,Italien,Corvina veronese,Fast sortiment,7,"0140,0147,0148,0176,0202,0217,0230"
754715,Bubbelburk Brut,Quarisa Wines,69.0,375 ml,Burk,Torrt vitt,Australien,Glera,Fast sortiment,5,"0140,0174,0204,0211,0237"
9051101,Volnay Premier Cru Clos de Chênes Antonin Guyon,Antonin Guyon,829.0,750 ml,Glasflaska,,Frankrike,Pinot noir,Tillfälligt sortiment,4,"0140,0151,0213,0215"
9318501,Love you Bunches Sangiovese,Stolpman Vineyards,249.0,750 ml,Glasflaska,Mjukt & Bärigt,USA,Sangiovese,Tillfälligt sortiment,6,"0140,0151,0165,0172,0178,0237"
9290401,Eguren Ugarte Crianza Blanco,Eguren Ugarte,149.0,750 ml,Glasflaska,Fylligt & Smakrikt,Spanien,"Sauvignon blanc, Tempranillo blanco",Tillfälligt sortiment,1,0140
9394801,Ürziger Würzgarten Auslese Golden Capsule,Weingut Markus Molitor,759.0,750 ml,Glasflaska,Sött,Tyskland,,Tillfälligt sortiment,3,"0140,0213,0237"
9366601,Barolo Monvigliero Paolo Scavino,Paolo Scavino,899.0,750 ml,Glasflaska,,Italien,,Tillfälligt sortiment,2,"0140,0211"
9042401,Zidarich Teran,Azienda Agricola Zidarich,349.0,750 ml,Glasflaska,,Italien,,Tillfälligt sortiment,2,"0140,0237"
9124301,Snowden Brothers Vineyard Cabernet Sauvignon,Snowden Vineyards,1077.0,750 ml,Glasflaska,,USA,,Tillfälligt sortiment,1,0140
9333201,Couly-Dutheil Clos de l'Olive,Couly-Dutheil,299.0,750 ml,Glasflaska,Fruktigt & Smakrikt,Frankrike,Cabernet franc,Tillfälligt sortiment,2,"0140,0179"
9316401,Las Pizarras Chardonnay,Viña Errazuriz S.A,801.0,750 ml,Glasflaska,,Chile,Chardonnay,Tillfälligt sortiment,2,"0140,0237"
9417901,I Sodi di San Niccolo Castellare di Castellina,Castellare di Castellina,799.0,750 ml,Glasflaska,,Italien,,Tillfälligt sortiment,2,"0140,0151"
9323701,Rosso di Montalcino Ciacci Piccolomini,Ciacci Piccolomini,229.0,750 ml,Glasflaska,Kryddigt & Mustigt,Italien,Sangiovese,Tillfälligt sortiment,1,0140
9232401,Mullineux Granite Syrah,Mullineux & Leeu Family Wines,849.0,750 ml,Glasflaska,,Sydafrika,Syrah,Tillfälligt sortiment,1,0140
2246701,Piccini Collezione Oro Chianti Organic,Tenute Piccini,109.0,750 ml,Lättare glasflaska,Mjukt & Bärigt,Italien,Sangiovese,Ordervaror,5,"0140,0174,0211,0213,0238"
5829001,Pitch Algarve Reserva,Casa Santos Lima - Companhia das Vinhas S.A.,89.0,750 ml,Lättare glasflaska,Fruktigt & Smakrikt,Portugal,"Syrah, Touriga naçional, Alicante bouschet",Ordervaror,5,"0140,0176,0180,0213,0228"
7489001,P.Lex Langhe Nebbiolo,Cantina Terre del Barolo,145.0,750 ml,Glasflaska,Kryddigt & Mustigt,Italien,Nebbiolo,Ordervaror,2,"0140,0217"
515001,Four Cousins Crisp White,Van Loveren Vineyards,89.0,750 ml,Lättare glasflaska,Friskt & Fruktigt,Sydafrika,"Colombard, Chenin blanc",Fast sortiment,12,"0143,0176,0178,0201,0206,0209,0215,0217,0226,0227,0228,0229"
537201,Peacock,WG Herxheim am Berg,79.0,750 ml,Glasflaska,Friskt & Fruktigt,Tyskland,"Kerner, Rivaner",Fast sortiment,6,"0143,0178,0209,0217,0226,0228"
7859301,Don't Tell Gary Shiraz,McPherson Wines,129.0,750 ml,Glasflaska,Kryddigt & Mustigt,Australien,Shiraz,Fast sortiment,3,"0143,0217,0228"
793901,Clairette de Die Organic,Jaillance,109.0,750 ml,Glasflaska,Sött,Frankrike,,Fast sortiment,1,0143
9033601,Bruant AA Brut Nature Celler De Les Aus,Alta Alella,249.0,750 ml,Glasflaska,,Spanien,Pansa blanca,Tillfälligt sortiment,1,0143
9279401,Espera Nat Cool,Rodrigo Martins Consulting,230.0,1000 ml,Lättare glasflaska,,Portugal,Castelão,Tillfälligt sortiment,3,"0143,0151,0237"
9314901,Vini Franchetti Contrada Guardiola,Vini Franchetti SRL,653.0,750 ml,Glasflaska,,Italien,,Tillfälligt sortiment,3,"0143,0151,0237"
9129501,Emrich-Schönleber Riesling Sekt Brut,Emrich-Schönleber,259.0,750 ml,Glasflaska,Torrt vitt,Tyskland,Riesling,Tillfälligt sortiment,2,"0143,0150"
9412101,Barolo Mosconi Piero Benevelli,Piero Benevelli,499.0,750 ml,Glasflaska,,Italien,,Tillfälligt sortiment,2,"0143,0222"
9243101,Etna Rosso Pignatuni BELLA-COLONNA,BELLA-COLONNA,481.0,750 ml,Glasflaska,,Italien,,Tillfälligt sortiment,2,"0143,0237"
9126101,Weingut Müller Kremstal Ried Leiten Riesling,Weingut Müller,249.0,750 ml,Lättare glasflaska,Friskt & Fruktigt,Österrike,Riesling,Tillfälligt sortiment,1,0143
757801,Patriarche Organic Brut,G. Kriter & Co,79.0,750 ml,Lättare glasflaska,Torrt vitt,Frankrike,"Chardonnay, Grenache blanc",Ordervaror,1,0143
9367306,Von Winning MarMar Riesling,Von Winning,2139.0,1500 ml,Glasflaska,,Tyskland,Riesling,Tillfälligt sortiment,1,0144
9598401,Weingut Dönnhoff Hermannshöhle Riesling Trocken Grosses Gewächs,Weingut Dönnhoff,799.0,750 ml,Lättare glasflaska,Friskt & Fruktigt,Tyskland,Riesling,Tillfälligt sortiment,2,"0144,0207"
7759806,Win Win Riesling,Von Winning,315.0,1500 ml,Glasflaska,,Tyskland,Riesling,Ordervaror,1,0144
9387601,Pita Pet-Nat,António Lopes Ribeiro Wines Lda,199.0,750 ml,Lättare glasflaska,,Portugal,,Tillfälligt sortiment,1,0145
9346601,Rosso di Montalcino Pian Dell´Orino,Pian dell' Orino,849.0,750 ml,Glasflaska,,Italien,,Tillfälligt sortiment,4,"0147,0151,0175,0237"
9307401,Beaune Bressandes Premier Cru Albert Morot,Albert Morot,649.0,750 ml,Glasflaska,,Frankrike,Pinot noir,Tillfälligt sortiment,1,0147
9346701,Château d'Issan,Château d'Issan,729.0,750 ml,Glasflaska,,Frankrike,"Cabernet sauvignon, Merlot",Tillfälligt sortiment,4,"0147,0151,0213,0237"
9047501,Château Lagrange,Château Lagrange,699.0,750 ml,Glasflaska,Stramt & Nyanserat,Frankrike,"Cabernet sauvignon, Merlot, Petit verdot",Tillfälligt sortiment,5,"0147,0171,0172,0174,0238"
9341601,La Dame de Montrose Château Montrose,Château Montrose,699.0,750 ml,Glasflaska,,Frankrike,"Merlot, Cabernet sauvignon, Petit verdot, Cabernet franc",Tillfälligt sortiment,2,"0147,0237"
9449101,Pegaso Barrancos de Pizarra,De Pegaso - Telmo Rodriguez,395.0,750 ml,Glasflaska,Kryddigt & Mustigt,Spanien,Garnacha,Tillfälligt sortiment,1,0147
9554401,Volnay Olivier Leflaive,Olivier Leflaive,759.0,750 ml,Glasflaska,,Frankrike,Pinot noir,Tillfälligt sortiment,2,"0147,0151"
9255401,Sadie Family Wines Columella,The Sadie Family Wines,1089.0,750 ml,Lättare glasflaska,,Sydafrika,,Tillfälligt sortiment,2,"0147,0237"
9122502,Volare del Flor Per Se,Per Se,699.0,375 ml,Lättare glasflaska,,Argentina,,Tillfälligt sortiment,2,"0147,0151"
9306501,Weingut Dr. Hermann Kinheimer Hubertuslay Riesling Kabinett,Weingut Dr. Hermann,221.0,750 ml,Glasflaska,Druvigt & Blommigt,Tyskland,Riesling,Tillfälligt sortiment,1,0147
9449701,Branco de Sta. Cruz Telmo Rodriguez,Telmo Rodriguez,349.0,750 ml,Glasflaska,Fylligt & Smakrikt,Spanien,"Dona branca, Palomino, Treixadura, Godello",Tillfälligt sortiment,1,0147
9015801,Reina De Los Deseos,Uvas Felices,929.0,750 ml,Glasflaska,,Spanien,,Tillfälligt sortiment,1,0147
9532201,Barolo Gavarini Chiniera Elio Grasso,Azienda Agricola Elio Grasso,1149.0,750 ml,Glasflaska,,Italien,,Tillfälligt sortiment,1,0147
9261201,Clos Alkio Cava Brut Nature,Clos Alkio,349.0,750 ml,Glasflaska,Torrt vitt,Spanien,"Parellada, Xarel-lo",Tillfälligt sortiment,1,0147
7947401,Appassinero Appassimento,Globus Wine,91.0,1000 ml,Lättare glasflaska,Kryddigt & Mustigt,Italien,,Ordervaror,13,"0147,0175,0177,0178,0180,0201,0210,0211,0213,0215,0216,0225,0228"
7467701,Castelcaia Riserva,Oenoforos AB,79.0,750 ml,Lättare glasflaska,,Italien,,Ordervaror,6,"0147,0178,0209,0217,0226,0228"
7531601,Heitz Cabernet Sauvignon,Heitz Wine Cellars,1225.0,750 ml,Glasflaska,Fruktigt & Smakrikt,USA,Cabernet sauvignon,Ordervaror,1,0147
5781901,Bila-Haut Chrysopee Rouge,M.Chapoutier,499.0,750 ml,Glasflaska,,Frankrike,,Ordervaror,1,0147
5916801,Morgan Bay Cellars Chardonnay,Rutherford Wine Company,199.0,750 ml,Glasflaska,,USA,,Ordervaror,1,0147
7455201,Barbera d'Asti Bricco dell'Uccellone,Braida,899.0,750 ml,Glasflaska,,Italien,Barbera,Ordervaror,1,0147
7230101,Touraine Blanc Sauvignon Blanc,Domaine de La Chaise,131.0,750 ml,Lättare glasflaska,,Frankrike,Sauvignon blanc,Ordervaror,1,0147
7116601,Barbaresco Castello di Neive Santo Stefano,Castello di Neive,589.0,750 ml,Glasflaska,,Italien,Nebbiolo,Ordervaror,1,0147
7408001,Mandrarossa Frappato,Cantine Settesoli,149.0,750 ml,Lättare glasflaska,,Italien,,Ordervaror,1,0147
731901,Törley Gála Sec,Hungarovin,79.0,750 ml,Lättare glasflaska,Halvtorrt vitt,Ungern,"Fendant, Grüner veltliner, Riesling, Zenit",Ordervaror,1,0148
205701,Sangre de Toro Organic Garnacha,Miguel Torres SA,80.0,750 ml,Lättare glasflaska,Fruktigt & Smakrikt,Spanien,Garnacha,Fast sortiment,9,"0150,0168,0178,0182,0209,0214,0217,0226,0228"
456701,Casillero del Diablo Merlot,Concha y Toro,89.0,750 ml,Lättare glasflaska,Fruktigt & Smakrikt,Chile,Merlot,Fast sortiment,10,"0150,0175,0178,0209,0211,0216,0217,0222,0226,0228"
7862501,Poggio Nero,Vini Bella Terra,119.0,750 ml,Glasflaska,Fruktigt & Smakrikt,Italien,,Fast sortiment,12,"0150,0178,0182,0206,0208,0209,0217,0218,0222,0226,0228,0229"
9485201,Otronia Rugientes 45 Bodega Argento,Bodega Argento S.A,289.0,750 ml,Glasflaska,,Argentina,Pinot noir,Tillfälligt sortiment,1,0150
9027101,Tenuta Licinia Montepolli,Tenuta Licinia,329.0,750 ml,Glasflaska,Fruktigt & Smakrikt,Italien,"Merlot, Petit verdot, Cabernet sauvignon, Cabernet franc",Tillfälligt sortiment,1,0150
9494101,Bodegas Campestral Le Rosé Pét-Nat Ancestral,Bodegas Campestral,199.0,750 ml,Glasflaska,Rosé,Spanien,,Tillfälligt sortiment,1,0150
7849801,Amarone della Valpolicella Classico Campo del Titari Riserva,Luigi Brunelli,792.0,750 ml,Glasflaska,Kryddigt & Mustigt,Italien,"Corvina, Molinara, Rondinella",Fast sortiment,3,"0150,0217,0228"
9125701,Mâcon Vergisson La Roche Domaine Barraud,Domaine Barraud,259.0,750 ml,Glasflaska,,Frankrike,Chardonnay,Tillfälligt sortiment,1,0150
5380201,Don Simon Nature Chardonnay,J Garcia Carrión,70.0,750 ml,Lättare glasflaska,Friskt & Fruktigt,Spanien,Chardonnay,Fast sortiment,3,"0150,0217,0228"
9124102,Tignanello Marchesi Antinori,Marchesi Antinori,679.0,375 ml,Glasflaska,,Italien,"Cabernet sauvignon, Sangiovese",Tillfälligt sortiment,4,"0150,0151,0213,0237"
9303401,Littorai Les Larmes Pinot Noir,Littorai,849.0,750 ml,Glasflaska,,USA,Pinot noir,Tillfälligt sortiment,2,"0150,0151"
9264901,Sokol Blosser Bluebird Cuvée Brut Sparkling,Sokol Blosser Winery,289.0,750 ml,Glasflaska,Torrt vitt,USA,,Tillfälligt sortiment,1,0150
9311201,Macán Benjamin de Rothschild Vega Sicilia,Bodegas Benjamin de Rothschild Vega Sicilia,795.0,750 ml,Glasflaska,,Spanien,Tempranillo,Tillfälligt sortiment,1,0150
9417401,Barolo Vigna La Delizia Lazzarito Fontanafredda,Fontanafredda,799.0,750 ml,Glasflaska,,Italien,Nebbiolo,Tillfälligt sortiment,1,0150
9396501,Gabriëlskloof Elodie Old Vine Chenin Blanc,Gabrielskloof,299.0,750 ml,Glasflaska,,Sydafrika,Chenin blanc,Tillfälligt sortiment,2,"0150,0222"
9293601,Raats Old Vine Chenin Blanc,Raats Family Wines,249.0,750 ml,Glasflaska,Friskt & Fruktigt,Sydafrika,Chenin blanc,Tillfälligt sortiment,1,0150
9349701,Epochè Muni Daniele Piccinin,Muni Daniele Piccinin,249.0,750 ml,Glasflaska,Torrt vitt,Italien,Durello,Tillfälligt sortiment,1,0150
9340601,Domaine de la Janasse Vieilles Vignes,Domaine de la Janasse,899.0,750 ml,Lättare glasflaska,,Frankrike,,Tillfälligt sortiment,1,0150
9386201,Storm John Sebastiano Vineyard Pinot Noir,Storm Wines,649.0,750 ml,Glasflaska,,USA,Pinot noir,Tillfälligt sortiment,1,0150
9051001,Clos des Papes Rouge,Paul Avril,889.0,750 ml,Glasflaska,,Frankrike,Grenache,Tillfälligt sortiment,1,0150
7614201,Massetti Sangiovese,Fields Wine Company AB,89.0,1000 ml,Lättare glasflaska,Fruktigt & Smakrikt,Italien,Sangiovese,Ordervaror,9,"0150,0177,0182,0208,0215,0219,0222,0226,0228"
7281301,Groiss Grüner Veltliner Weinviertel,Weingut Ingrid Groiss,189.0,750 ml,Glasflaska,,Österrike,Grüner veltliner,Ordervaror,1,0150
7573201,Pieropan Amarone,Pieropan,579.0,750 ml,Lättare glasflaska,,Italien,"Corvina, Croatina, Rondinella",Ordervaror,1,0150
5582101,Kershaw G.P.S. Lower Duivenhoks River Chardonnay,Richard Kershaw Wines,499.0,750 ml,Glasflaska,,Sydafrika,,Ordervaror,1,0150
216001,Diamant,Anora Group PLC,104.0,750 ml,Glasflaska,Sött,Cypern,,Fast sortiment,16,"0151,0168,0177,0178,0206,0208,0209,0210,0217,0219,0222,0225,0226,0228,0229,0237"
5026006,Hola MZ Cava by Måns Zelmerlöw,Barcelona Brands S.L,242.0,1500 ml,Glasflaska,Torrt vitt,Spanien,"Macabeo, Parellada, Xarel-lo",Fast sortiment,9,"0151,0178,0206,0209,0217,0222,0226,0228,0229"
203101,Cricova 1952 Brut Alb,Cricova S.A,88.0,750 ml,Lättare glasflaska,Torrt vitt,Moldavien,,Fast sortiment,8,"0151,0178,0209,0211,0217,0226,0228,0232"
7378701,Crémant de Bourgogne Grande Réserve Brut Rosé,Fields Wine Company AB,129.0,750 ml,Glasflaska,Rosé,Frankrike,,Fast sortiment,6,"0151,0179,0201,0217,0228,0237"
9024001,Ried Welles Sauvignon Blanc,Weingut Lackner-Tinnacher,491.0,750 ml,Glasflaska,,Österrike,Sauvignon blanc,Tillfälligt sortiment,3,"0151,0225,0237"
9344001,Condrieu La Doriane E. Guigal,E Guigal,995.0,750 ml,Glasflaska,,Frankrike,Viognier,Tillfälligt sortiment,3,"0151,0215,0237"
9023801,Beaune Premier Cru Clos du Roi Vignes Tawse,Domaine Marchand-Tawse,579.0,750 ml,Glasflaska,,Frankrike,Pinot noir,Tillfälligt sortiment,2,"0151,0237"
9014501,Gevrey Chambertin Cuvée Ronde Vignes Tawse,Domaine Marchand-Tawse,649.0,750 ml,Glasflaska,,Frankrike,Pinot noir,Tillfälligt sortiment,1,0151
3296001,Björkeröd Kullabergs Vingård,Kullabergs Vingård,172.0,750 ml,Glasflaska,Mjukt & Bärigt,EU,,Lokalt & Småskaligt,1,0151
3283401,Calypso Rosé Flädie Vingård,Flädie Vingård och Vinproduktion,272.0,750 ml,Lättare glasflaska,Fruktigt & Smakrikt,Sverige,,Lokalt & Småskaligt,2,"0151,0174"
9252701,Angelita del Challao,Dominio del Challao,280.0,750 ml,Glasflaska,Fruktigt & Smakrikt,Spanien,"Tempranillo, Viura, Garnacha, Garnacha blanca, Graciano",Tillfälligt sortiment,1,0151
9371301,Pedro Parra Hub,Pedro Parra y Familia,439.0,750 ml,Glasflaska,,Chile,Cinsault,Tillfälligt sortiment,3,"0151,0178,0237"
9271101,Tinta Negra Dos Villões Dos Profetas,Villoes Dos Profetas,299.0,750 ml,Glasflaska,,Portugal,,Tillfälligt sortiment,2,"0151,0237"
9393901,Continuum,Continuum Estate,2897.0,750 ml,Glasflaska,,USA,"Cabernet sauvignon, Cabernet franc, Merlot, Petit verdot",Tillfälligt sortiment,2,"0151,0237"
9394901,Erdener Treppchen Auslese Gold Capsule,Weingut Markus Molitor,759.0,750 ml,Glasflaska,Sött,Tyskland,,Tillfälligt sortiment,2,"0151,0237"
9218801,Clos Floridène Blanc,Denis Dubourdieu,220.0,750 ml,Glasflaska,,Frankrike,"Muscadelle, Sauvignon blanc, Sémillon",Tillfälligt sortiment,2,"0151,0237"
9295301,Kutch Mindego Ridge Vineyard Pinot Noir,Kutch Wines,669.0,750 ml,Glasflaska,,USA,Pinot noir,Tillfälligt sortiment,1,0151
9455001,Timo Mayer Chardonnay,Timo Mayer,559.0,750 ml,Glasflaska,,Australien,Chardonnay,Tillfälligt sortiment,2,"0151,0177"
9455101,Anteo Podere Sante Marie,Podere Sante Marie,799.0,750 ml,Glasflaska,,Italien,Sangiovese,Tillfälligt sortiment,2,"0151,0163"
9528801,Vertiente de las Ánimas Las Pedreras Viñedos y Vinos,Las Pedreras Viñedos y Vinos,399.0,750 ml,Lättare glasflaska,,Spanien,,Tillfälligt sortiment,1,0151
9298201,Etna Bianco Superiore Frontebosco Maugeri,Maugeri Paola,459.0,750 ml,Lättare glasflaska,,Italien,,Tillfälligt sortiment,1,0151
9304501,Etna Bianco Superiore Frontemare Maugeri,Maugeri Paola,459.0,750 ml,Lättare glasflaska,,Italien,Carricante,Tillfälligt sortiment,1,0151
9248101,Philipponnat Clos des Goisses,Philipponnat,3239.0,750 ml,Glasflaska,Torrt vitt,Frankrike,,Tillfälligt sortiment,2,"0151,0215"
9255801,Beaune Clos Saint-Landry Premier Cru Bouchard Père et Fils,Bouchard Père et Fils,899.0,750 ml,Glasflaska,,Frankrike,Chardonnay,Tillfälligt sortiment,1,0151
9394601,Zeltinger Himmelreich Auslese*** golden capsule,Weingut Markus Molitor,759.0,750 ml,Glasflaska,,Tyskland,,Tillfälligt sortiment,1,0151
9014101,Shafer Vineyards Relentless,Shafer Vineyards,1049.0,750 ml,Glasflaska,,USA,"Syrah, Petite sirah",Tillfälligt sortiment,1,0151
9401601,André Jacquart Blanc de Blancs Grand Cru Extra Brut,Champagne ANDRE JACQUART,549.0,750 ml,Lättare glasflaska,Torrt vitt,Frankrike,Chardonnay,Tillfälligt sortiment,1,0151
9491001,Vini Franchetti Contrada Feudo di Mezzo,Vini Franchetti SRL,653.0,750 ml,Glasflaska,,Italien,,Tillfälligt sortiment,2,"0151,0237"
9449601,Côte-Rôtie La Reynarde E.Guigal,E Guigal,4495.0,750 ml,Glasflaska,,Frankrike,,Tillfälligt sortiment,1,0151
9450601,Côte-Rôtie La Mouline E. Guigal,E Guigal,4395.0,750 ml,Glasflaska,,Frankrike,,Tillfälligt sortiment,1,0151
9400801,Karasí Zorah Wines,Zorah Wines LLC,279.0,750 ml,Glasflaska,Fruktigt & Smakrikt,Armenien,Areni noir,Tillfälligt sortiment,1,0151
9271501,San Leonardo Tenuta San Leonardo,Tenuta San Leonardo,949.0,750 ml,Glasflaska,,Italien,,Tillfälligt sortiment,1,0151
9330201,Bass Phillip Estate Pinot Noir,Bass Phillip Wines,1029.0,750 ml,Glasflaska,,Australien,,Tillfälligt sortiment,1,0151
9460301,Gallica Cabernet Sauvignon Oakville Ranch Vineyard,Gallica Wine,1699.0,750 ml,Glasflaska,,USA,Cabernet sauvignon,Tillfälligt sortiment,1,0151
9509001,Vin Jaune Arbois Savagnin Vieilles Vignes,Domaine Amélie Guillot,599.0,620 ml,Glasflaska,Fylligt & Smakrikt,Frankrike,Savagnin,Tillfälligt sortiment,2,"0151,0176"
9005801,Barolo Vignarionda Riserva,Poderi e Cantine Oddero,2699.0,750 ml,Glasflaska,,Italien,,Tillfälligt sortiment,1,0151
9454201,Timo Mayer Syrah,Timo Mayer,559.0,750 ml,Glasflaska,,Australien,Syrah,Tillfälligt sortiment,2,"0151,0177"
9455201,Rosso di Montalcino Podere Sante Marie,Podere Sante Marie,429.0,750 ml,Glasflaska,,Italien,,Tillfälligt sortiment,1,0151
9375301,Barolo San Rocco Azelia,Azelia,829.0,750 ml,Glasflaska,,Italien,,Tillfälligt sortiment,1,0151
9392201,Barolo Margheria Azelia,Azelia,829.0,750 ml,Glasflaska,,Italien,,Tillfälligt sortiment,1,0151
9537201,Cristom Eola-Amity Hills Chardonnay,Cristom Vineyards,399.0,750 ml,Glasflaska,,USA,Chardonnay,Tillfälligt sortiment,1,0151
9539301,Fleur de Miraval Rosé Fleur de Miraval,Fleur de Miraval,3290.0,750 ml,Glasflaska,Rosé,Frankrike,,Tillfälligt sortiment,1,0151
9562101,Barolo Riserva Cerequio Michele Chiarlo,Michele Chiarlo,1566.0,750 ml,Glasflaska,,Italien,Nebbiolo,Tillfälligt sortiment,1,0151
9363201,Borgogno Barolo Riserva Giacomo Borgogno & Figli,Giacomo Borgogno & Figli,3999.0,750 ml,Glasflaska,,Italien,,Tillfälligt sortiment,1,0151
9042601,Barolo Vignarionda Riserva,Poderi e Cantine Oddero,2899.0,750 ml,Glasflaska,,Italien,,Tillfälligt sortiment,1,0151
9053601,Barolo Bussia Vigna Mondoca Riserva,Poderi e Cantine Oddero,1839.0,750 ml,Glasflaska,,Italien,,Tillfälligt sortiment,1,0151
9583701,Charlemagne Grand Cru Domaine Bonneau du Martray,Domaine Bonneau du Martray,6999.0,750 ml,Glasflaska,,Frankrike,Chardonnay,Tillfälligt sortiment,1,0151
7652401,Cuvee Eloise Rosé,Anora Sweden AB,99.0,1000 ml,Lättare glasflaska,Fruktigt & Smakrikt,Frankrike,,Ordervaror,5,"0151,0178,0206,0211,0213"
274501,Zephyr Pinot Gris,The Coterie,79.0,750 ml,Lättare glasflaska,Friskt & Fruktigt,Nya Zeeland,Pinot gris,Ordervaror,1,0151
7239701,Amarone della Valpolicella Marastoni,Fields Wine Company AB,189.0,750 ml,Glasflaska,Kryddigt & Mustigt,Italien,,Ordervaror,8,"0151,0178,0209,0217,0221,0225,0229,0230"
7496001,Viva Valentina Rosé,Iconic Wines,99.0,750 ml,Lättare glasflaska,Fruktigt & Smakrikt,Italien,,Ordervaror,3,"0151,0182,0226"
7304601,Cuvée Castelo Blanc De Blancs Brut,ViniMundi,79.0,750 ml,Glasflaska,Torrt vitt,Spanien,,Ordervaror,6,"0151,0172,0211,0215,0226,0237"
7746801,Viva Valentina Blanc de Blancs,Iconic Wines,99.0,750 ml,Glasflaska,Torrt vitt,Italien,,Ordervaror,2,"0151,0235"
7392101,Espresso Rosso Organic Wine,Enjoy Wine & Spirits,99.0,750 ml,Glasflaska,Kryddigt & Mustigt,Italien,,Ordervaror,3,"0151,0165,0221"
7645601,Casa Vinironia Bold & Striking Chardonnay,Casa Vinironia,99.0,1000 ml,Lättare glasflaska,Friskt & Fruktigt,Italien,Chardonnay,Ordervaror,1,0151
7166201,Chianti Castelsina,Cantina Senesi Aretini,89.0,750 ml,Glasflaska,Kryddigt & Mustigt,Italien,Sangiovese,Ordervaror,2,"0151,0217"
7868901,Phonetics Pinot Noir,Solera Sweden AB,99.0,750 ml,Lättare glasflaska,Kryddigt & Mustigt,Frankrike,,Ordervaror,3,"0151,0174,0231"
7489601,Xenysel Pie Franco,Viñedos Y Bodegas Xenysel,130.0,750 ml,Glasflaska,,Spanien,Monastrell,Ordervaror,1,0151
747006,Loxarel A Pèl Classic Penedes Brut Nature Reserva,Loxarel,299.0,1500 ml,Glasflaska,,Spanien,"Xarel-lo, Macabeo, Chardonnay",Ordervaror,1,0151
7145801,Bagordi Gran Reserva,Bodegas Bagordi S.L.,379.0,750 ml,Glasflaska,,Spanien,"Tempranillo, Graciano",Ordervaror,1,0151
7357301,Don Simon Seleccion Brut,J Garcia Carrión,70.0,750 ml,Lättare glasflaska,Torrt vitt,Spanien,,Ordervaror,1,0151
7052106,The Butcher Pinot Noir,Schwarz,349.0,1500 ml,Glasflaska,Kryddigt & Mustigt,Österrike,Pinot noir,Ordervaror,1,0151
5880201,Nero Frizzante,Rallo SpA soc. Agr,162.0,750 ml,Glasflaska,Mjukt & Bärigt,Italien,Nero d'avola,Ordervaror,5,"0151,0165,0171,0174,0237"
222701,Fournier Pouilly-Fumé Les Deux Cailloux,Fournier Père & Fils,249.0,750 ml,Glasflaska,Friskt & Fruktigt,Frankrike,Sauvignon blanc,Ordervaror,2,"0151,0211"
7579601,Maison de Chêne Chardonnay,Globus Wine,84.0,750 ml,Glasflaska,Friskt & Fruktigt,Frankrike,Chardonnay,Ordervaror,1,0151
7491301,Krone Borealis Cuvée Brut,Twee Jonge Gezellen Estate,159.0,750 ml,Glasflaska,Torrt vitt,Sydafrika,"Chardonnay, Pinot noir",Ordervaror,1,0151
7351601,Barolo Terlo Vigna Costa Grimaldi,Poderi Luigi Einaudi,519.0,750 ml,Glasflaska,,Italien,Nebbiolo,Ordervaror,1,0151
7989301,Inama Vin Soave,INAMA,169.0,750 ml,Lättare glasflaska,,Italien,,Ordervaror,1,0151
5785101,St Antonin Plan de Dieu Côtes-du-Rhône Villages,Vignobles Sabon,200.0,750 ml,Lättare glasflaska,,Frankrike,,Ordervaror,1,0151
7543201,Zonnebloem Cinsault,Distell Bergkelder,115.0,750 ml,Glasflaska,Mjukt & Bärigt,Sydafrika,Cinsault,Ordervaror,1,0151
7379406,Gemma Barolo Premium WIne Selection,Premium Wine Selektion,399.0,1500 ml,Lättare glasflaska,,Italien,Nebbiolo,Ordervaror,1,0151
9532801,Chassagne-Montrachet Premier Cru Morgeot Fontaine-Gagnard,Domaine Fontaine-Gagnard,897.0,750 ml,Glasflaska,,Frankrike,,Tillfälligt sortiment,1,0163
9446301,Produttori del Barbaresco,Produttori del Barbaresco,399.0,750 ml,Glasflaska,Stramt & Nyanserat,Italien,Nebbiolo,Tillfälligt sortiment,1,0163
7756901,Haggan Cava,Water Sisters,159.0,750 ml,Glasflaska,Torrt vitt,Spanien,"Macabeo, Parellada, Xarel-lo",Ordervaror,6,"0163,0170,0171,0176,0202,0217"
7336901,Foot of Africa Chardonnay,Kleine Zalze,49.0,1000 ml,Lättare glasflaska,Fylligt & Smakrikt,Sydafrika,Chardonnay,Ordervaror,2,"0163,0238"
5347201,Tenuta della Famiglia Cecchi - Val delle Rose Morellino di Scansano Riserva Poggio al Leone,Val delle Rose /Tenuta della Famiglia Cecchi,279.0,750 ml,Glasflaska,,Italien,"Sangiovese, Cabernet sauvignon",Ordervaror,1,0163
7938101,Coeur de Bordeaux Blanc de Noirs Brut,Enjoy Wine & Spirits,120.0,750 ml,Lättare glasflaska,Torrt vitt,Frankrike,,Ordervaror,1,0163
7623301,Villaro & Flores Cava Brut,Fields Wine Company AB,87.0,750 ml,Glasflaska,Torrt vitt,Spanien,,Fast sortiment,5,"0165,0209,0217,0228,0232"
9045501,Avondale Qvevri Red,Avondale,169.0,750 ml,Lättare glasflaska,Fruktigt & Smakrikt,Sydafrika,"Grenache, Mourvèdre, Syrah",Tillfälligt sortiment,1,0165
9376701,Barolo Villero Brovia,Brovia,1195.0,750 ml,Glasflaska,,Italien,,Tillfälligt sortiment,1,0165
7183301,Les Eretes Brut Nature Corpinnat,Viader Vineyards,232.0,750 ml,Lättare glasflaska,Torrt vitt,Spanien,"Xarel-lo, Macabeo",Ordervaror,1,0165
7738601,Mas Comtal Brut Nature Reserva,Mas Comtal,201.0,750 ml,Lättare glasflaska,Torrt vitt,Spanien,Xarel-lo,Ordervaror,1,0165
231701,Beaujolais Villages Marc Dudet,Marc Dudet,129.0,750 ml,Glasflaska,Mjukt & Bärigt,Frankrike,Gamay,Ordervaror,2,"0165,0177"
7523001,Pico Maccario Lavignone Barbera d'Asti,Pico Maccario,149.0,750 ml,Glasflaska,Fruktigt & Smakrikt,Italien,Barbera,Ordervaror,1,0165
5992101,Bodega Brut,Domaine du Tartemain,176.0,750 ml,Glasflaska,Torrt vitt,Frankrike,Chenin blanc,Ordervaror,1,0165
7144001,Bodegas Cinco Leguas Sl Maldicion Tinto Fino,Bodegas Cinco Leguas Sl,170.0,750 ml,Lättare glasflaska,,Spanien,,Ordervaror,1,0165
5673501,Selezione de Piera Onedis Ribolla Gialla Spumante Brut,Gruppo Martellozzo,89.0,750 ml,Glasflaska,Torrt vitt,Italien,,Ordervaror,1,0165
9034901,Sobrero Moscato d´Asti,AZ AGR SOBRERO FRANCESCO,179.0,750 ml,Glasflaska,Sött,Italien,,Tillfälligt sortiment,1,0167
7679901,Sagace Sicilia Rosso,Sagace,149.0,750 ml,Lättare glasflaska,Fruktigt & Smakrikt,Italien,Nero d'avola,Ordervaror,3,"0167,0172,0174"
7606601,Château de la Vieille Chapelle,Château de la Vieille Chapelle,219.0,750 ml,Glasflaska,Fruktigt & Smakrikt,Frankrike,"Merlot, Cabernet franc",Ordervaror,1,0167
7860601,Blossom Fury Riesling,Novel Wines,179.0,750 ml,Glasflaska,,USA,Riesling,Ordervaror,4,"0167,0179,0180,0237"
2015701,Acrobat Chardonnay,Foley Estate,180.0,750 ml,Lättare glasflaska,Friskt & Fruktigt,USA,Chardonnay,Ordervaror,3,"0170,0180,0209"
7415401,Chinon Le Pressoir,Domaine Grosbois,179.0,750 ml,Lättare glasflaska,Fruktigt & Smakrikt,Frankrike,Cabernet franc,Ordervaror,3,"0170,0171,0180"
7016801,Domino Chianti,CANTINA SOCIALE COLLI FIORENTINI,141.0,750 ml,Lättare glasflaska,Stramt & Nyanserat,Italien,Sangiovese,Ordervaror,1,0170
7897701,Crozes-Hermitage E.Guigal,E Guigal,259.0,750 ml,Glasflaska,,Frankrike,,Ordervaror,1,0170
9211201,Château Malescasse Cru Bourgeois Exceptionnel,Chateau Malescasse,299.0,750 ml,Glasflaska,Fruktigt & Smakrikt,Frankrike,"Merlot, Cabernet sauvignon, Petit verdot",Tillfälligt sortiment,4,"0171,0178,0221,0230"
9035208,Sadie Family Wines Columella,The Sadie Family Wines,4419.0,3000 ml,Glasflaska,,Sydafrika,,Tillfälligt sortiment,1,0171
208401,Strangely South Pinot Grigio,Vinarchy,89.0,750 ml,Glasflaska,Friskt & Fruktigt,Australien,Pinot grigio,Fast sortiment,1,0171
5203201,Sköna Hönan Riesling,Anora Group PLC,89.0,1000 ml,Lättare glasflaska,Friskt & Fruktigt,Moldavien,Riesling,Ordervaror,17,"0171,0177,0178,0180,0206,0209,0210,0219,0225,0227,0228,0229,0230,0231,0235,0238,0239"
760301,Simonsig Kaapse Vonkel Brut,Simonsig Estate,199.0,750 ml,Glasflaska,Torrt vitt,Sydafrika,,Ordervaror,1,0171
7211601,As Sortes Rafael Palacios,Rafael Palacios,627.0,750 ml,Glasflaska,,Spanien,Godello,Ordervaror,1,0171
7169201,De Martino Legado Carmenere,Santa Teresa,193.0,750 ml,Glasflaska,,Chile,Carmenère,Ordervaror,1,0171
7989901,Vinos Valtuille La Telleria,Vinos Valtuille,159.0,750 ml,Glasflaska,,Spanien,Mencía,Ordervaror,1,0171
236414,Le Meilleur Pinot Noir,Oenoforos,49.0,250 ml,Burk,Mjukt & Bärigt,Frankrike,Pinot noir,Fast sortiment,13,"0172,0175,0180,0182,0207,0208,0210,0211,0218,0219,0225,0226,0237"
9498301,Langhe Nebbiolo Alberto Ballarin,Alberto Ballarin,199.0,750 ml,Lättare glasflaska,Kryddigt & Mustigt,Italien,Nebbiolo,Tillfälligt sortiment,1,0172
7231901,Bergkloster Lebendig Frisch,Bergkloster Winery,170.0,750 ml,Glasflaska,Friskt & Fruktigt,Tyskland,"Pinot blanc, Riesling",Ordervaror,2,"0172,0174"
5316701,Petra Hebo,Az Ca Moretti,249.0,750 ml,Glasflaska,,Italien,"Cabernet sauvignon, Merlot, Sangiovese",Ordervaror,1,0172
202501,Colline Novaresi Nebbiolo Madonna dell’Uva,Madonna dell’Uva,111.0,750 ml,Glasflaska,,Italien,Nebbiolo,Ordervaror,1,0172
9272901,Stefan Meyer Löss Spätburgunder,Weingut Stefan Meyer,160.0,750 ml,Glasflaska,Mjukt & Bärigt,Tyskland,Spätburgunder,Tillfälligt sortiment,2,"0173,0176"
9240101,Carlevana Winery Rara Neagra Raritet,Carlevana Winery,135.0,750 ml,Lättare glasflaska,Kryddigt & Mustigt,Moldavien,Rara neagra,Tillfälligt sortiment,1,0173
9601301,Barbera d'Alba Superiore Luigi Pira,Luigi Pira,250.0,750 ml,Glasflaska,Fruktigt & Smakrikt,Italien,Barbera,Tillfälligt sortiment,1,0173
7220401,Finca Biniagual Verán,Finca Biniagual,240.0,750 ml,Glasflaska,Kryddigt & Mustigt,Spanien,"Syrah, Manto negro, Cabernet sauvignon, Merlot",Ordervaror,1,0173
7147801,Rabl Grüner Veltliner Langenlois,Weingut Rabl,165.0,750 ml,Glasflaska,,Österrike,,Ordervaror,1,0173
3372401,Rubin Hällåkra Vingård,Hällåkra Vingård,261.0,750 ml,Glasflaska,Fruktigt & Smakrikt,Sverige,"Rondo, Léon millot, Regent",Lokalt & Småskaligt,1,0174
3138902,Solvik Kullabergs Vingård,Kullabergs Vingård,251.0,375 ml,Glasflaska,Sött,Sverige,,Lokalt & Småskaligt,1,0174
3528001,Skepparps Vingård Grand Prix +15°C rött,Skepparps Vingård,242.0,750 ml,Lättare glasflaska,Mjukt & Bärigt,Sverige,"Rondo, Cabernet cortis",Lokalt & Småskaligt,1,0174
9502401,Kim Crawford Marlborough Rosé,Kim Crawford Wines,179.0,750 ml,Lättare glasflaska,Friskt & Bärigt,Nya Zeeland,,Tillfälligt sortiment,1,0174
9498601,Hervé Dubois Millesime Grand Cru Blanc de Blanc,Hervé Dubois,429.0,750 ml,Glasflaska,Torrt vitt,Frankrike,Chardonnay,Tillfälligt sortiment,1,0174
5598201,Francis Ford Coppola Director's Cut Chardonnay,Francis Ford Coppola Winery,290.0,750 ml,Glasflaska,,USA,Chardonnay,Ordervaror,1,0174
7689606,Carl Jan Röd Bordeaux,"Chateau de Cerons, SAS Xavier et Caroline Perromat Domaines",396.0,1500 ml,Glasflaska,,Frankrike,"Merlot, Cabernet sauvignon",Ordervaror,1,0174
231201,Cecchi Toscana Sangiovese,Cecchi,95.0,750 ml,Lättare glasflaska,Mjukt & Bärigt,Italien,Sangiovese,Fast sortiment,7,"0175,0177,0204,0209,0210,0216,0224"
9181401,Pouilly Fuissé Premier Cru Sur la Roche Domaine Barraud,Domaine Barraud,459.0,750 ml,Glasflaska,,Frankrike,Chardonnay,Tillfälligt sortiment,1,0175
9035301,Nikolaihof Hefeabzug Grüner Veltliner,Nikolaihof,280.0,750 ml,Glasflaska,,Österrike,Grüner veltliner,Tillfälligt sortiment,2,"0175,0230"
9203601,Schwarz Rot,Schwarz Weine,399.0,750 ml,Glasflaska,,Österrike,Zweigelt,Tillfälligt sortiment,2,"0175,0237"
9133101,Mission Reserve Syrah,Mission Estate Winery,201.0,750 ml,Lättare glasflaska,Kryddigt & Mustigt,Nya Zeeland,Syrah,Tillfälligt sortiment,2,"0175,0208"
9599901,Vigneto di Popoli Trebbiano d'Abruzzo,Valle Reale SRL Societa Agricola,349.0,750 ml,Glasflaska,Fylligt & Smakrikt,Italien,Trebbiano,Tillfälligt sortiment,1,0175
9513801,Burn Cottage Moonlight Race Pinot Noir,Sauvage Family Vineyard,399.0,750 ml,Glasflaska,,Nya Zeeland,Pinot noir,Tillfälligt sortiment,2,"0175,0237"
9296801,Susana Balbo Signature White Blend,Susana Balbo Wines,179.0,750 ml,Glasflaska,Friskt & Fruktigt,Argentina,"Torrontés, Sauvignon blanc, Sémillon",Tillfälligt sortiment,1,0175
9118201,Château Soutard,Châteu Soutard,418.0,750 ml,Glasflaska,,Frankrike,"Cabernet franc, Cabernet sauvignon, Malbec, Merlot",Tillfälligt sortiment,1,0175
7975601,Grace Rosé,Global Wines Sweden AB,149.0,750 ml,Glasflaska,Fruktigt & Smakrikt,Frankrike,,Ordervaror,4,"0175,0179,0237,0238"
7113301,Riedlin Pet Nat Spätburgunder,Weingut Markus Riedlin,299.0,750 ml,Lättare glasflaska,Torrt vitt,Tyskland,Pinot noir,Ordervaror,1,0175
7127101,Taurasi Riserva Cantina Sanpaolo,Claudio Quarta Vignaiolo,349.0,750 ml,Glasflaska,,Italien,,Ordervaror,1,0175
9401401,Domaene Gobelsburg Rosé,Schloss Gobelsburg,149.0,750 ml,Lättare glasflaska,Friskt & Bärigt,Österrike,Zweigelt,Tillfälligt sortiment,2,"0176,0217"
9224201,Muga,Bodegas Muga,129.0,750 ml,Glasflaska,Friskt & Bärigt,Spanien,"Garnacha, Viura",Tillfälligt sortiment,1,0176
7345001,Soalheiro Granit,Soalheiro,179.0,750 ml,Glasflaska,Friskt & Fruktigt,Portugal,Alvarinho,Ordervaror,1,0176
7939701,Domaine des Tourelles Red,Domaine des Tourelles,139.0,750 ml,Glasflaska,,Libanon,"Cabernet sauvignon, Syrah, Cinsault, Carignan",Ordervaror,1,0176
7338601,Pure Riesling Trocken,Gut Hermannsberg,219.0,750 ml,Glasflaska,,Tyskland,,Ordervaror,1,0176
7963501,ERNST ekologiska Toscana,Domaine Wines,99.0,750 ml,Glasflaska,Fruktigt & Smakrikt,Italien,"Merlot, Sangiovese",Fast sortiment,12,"0177,0178,0182,0208,0209,0214,0217,0219,0222,0225,0226,0228"
7978401,Silent Shade Pinot Noir,Spring Wine & Spirits AB,129.0,750 ml,Lättare glasflaska,Kryddigt & Mustigt,Italien,Pinot nero,Fast sortiment,4,"0177,0217,0222,0228"
9516001,Medici Ermete Concerto Lambrusco Reggiano,Medici Ermete & Figli,159.0,750 ml,Glasflaska,Mjukt & Bärigt,Italien,Lambrusco salamino,Tillfälligt sortiment,2,"0177,0237"
9240501,Diego Conterno Barolo,Diego Conterno,349.0,750 ml,Glasflaska,Stramt & Nyanserat,Italien,Nebbiolo,Tillfälligt sortiment,1,0177
9420901,Barolo Cerequio Michele Chiarlo,Michele Chiarlo,798.0,750 ml,Glasflaska,,Italien,Nebbiolo,Tillfälligt sortiment,1,0177
9238801,Thorn-Clarke Sandpiper Barossa Shiraz,Thorn-Clarke Wines,129.0,750 ml,Glasflaska,Fruktigt & Smakrikt,Australien,Shiraz,Tillfälligt sortiment,1,0177
9062901,Château Rahoul Vignobles Dourthe,Vignobles Dourthe,201.0,750 ml,Glasflaska,Fylligt & Smakrikt,Frankrike,"Sémillon, Sauvignon blanc",Tillfälligt sortiment,1,0177
7270201,Laroche Petit Chablis,Laroche,169.0,750 ml,Glasflaska,Friskt & Fruktigt,Frankrike,Chardonnay,Ordervaror,5,"0177,0178,0214,0217,0222"
7004801,Bourgogne Blanc 'Le Vendangeur Masqué',Domaine Alice et Olivier De Moor,459.0,750 ml,Glasflaska,,Frankrike,,Ordervaror,1,0177
208101,Novas Gran Reserva Chardonnay,Viñedos Emiliana,99.0,750 ml,Lättare glasflaska,Fylligt & Smakrikt,Chile,Chardonnay,Fast sortiment,9,"0178,0206,0209,0217,0218,0222,0226,0228,0229"
7865901,ERNST ekologiska Sauvignon Blanc Chardonnay,Domaine Wines,99.0,750 ml,Lättare glasflaska,Friskt & Fruktigt,Frankrike,"Sauvignon blanc, Chardonnay",Fast sortiment,8,"0178,0206,0209,0217,0222,0226,0228,0229"
1161101,Savanha Tercet,Spier Wines,79.0,750 ml,Lättare glasflaska,Friskt & Fruktigt,Sydafrika,"Chenin blanc, Sauvignon blanc, Viognier",Fast sortiment,8,"0178,0206,0209,0217,0222,0226,0228,0229"
2011401,Sauvignon.com Diemersdal Wine Estate,Diemersdal,99.0,750 ml,Lättare glasflaska,Friskt & Fruktigt,Sydafrika,Sauvignon blanc,Fast sortiment,6,"0178,0206,0209,0217,0226,0228"
7855401,Casa Marzoni Appassimento Bianco,Casa Marzoni,99.0,750 ml,Glasflaska,Fylligt & Smakrikt,Italien,"Malvasia bianca, Trebbiano",Fast sortiment,8,"0178,0206,0209,0217,0222,0226,0228,0229"
2003714,Can of Zin,Jacuzzi Family Vineyards,79.0,375 ml,Burk,Fruktigt & Smakrikt,USA,"Zinfandel, Mourvèdre",Fast sortiment,6,"0178,0209,0217,0222,0226,0228"
1241801,Inycon Chardonnay,Cantine Settesoli,89.0,750 ml,Lättare glasflaska,Friskt & Fruktigt,Italien,Chardonnay,Fast sortiment,8,"0178,0204,0206,0209,0217,0226,0228,0229"
7297201,Falling Feather Ruby Cabernet,Anora Group PLC,102.0,750 ml,Lättare glasflaska,Fruktigt & Smakrikt,USA,Ruby cabernet,Fast sortiment,10,"0178,0182,0206,0208,0209,0217,0222,0226,0228,0235"
5966401,GW :s Riesling,Gamla Stans Vinhandel,119.0,750 ml,Glasflaska,Friskt & Fruktigt,Tyskland,Riesling,Fast sortiment,7,"0178,0206,0209,0217,0222,0226,0228"
3214501,Zenato Amarone della Valpolicella Classico,Zenato,549.0,750 ml,Glasflaska,Kryddigt & Mustigt,Italien,,Fast sortiment,11,"0178,0179,0201,0206,0209,0216,0217,0226,0228,0229,0239"
2013101,Solo Vino Tempranillo Organic,Dominio de Punctum,99.0,750 ml,Lättare glasflaska,Fruktigt & Smakrikt,Spanien,Tempranillo,Fast sortiment,8,"0178,0205,0209,0217,0222,0226,0228,0234"
7541601,Barone Montalto Passivento,Barone Montalto,109.0,750 ml,Lättare glasflaska,Fruktigt & Smakrikt,Italien,Nero d'avola,Fast sortiment,6,"0178,0209,0217,0222,0226,0228"
7237501,P.Lex Pinot Noir,Icon Wines,109.0,750 ml,Glasflaska,Kryddigt & Mustigt,Italien,Pinot noir,Fast sortiment,8,"0178,0209,0217,0223,0226,0228,0234,0237"
7589101,Gremillet Cuvée Biologique Brut,Champagne J-M Gremillet,479.0,750 ml,Glasflaska,Torrt vitt,Frankrike,"Chardonnay, Pinot noir",Fast sortiment,6,"0178,0209,0217,0222,0226,0228"
2030301,Tommasi Le Lusuri Biancolago,Tommasi Viticoltori,99.0,750 ml,Lättare glasflaska,Druvigt & Blommigt,Italien,"Garganega, Chardonnay",Fast sortiment,6,"0178,0206,0209,0217,0226,0228"
7848401,Lunadoro Pagliareto Vino Nobile di Montepulciano,Soc. Agr.Lunadoro S.r.l.,229.0,750 ml,Glasflaska,Kryddigt & Mustigt,Italien,Sangiovese,Fast sortiment,6,"0178,0206,0209,0217,0226,0228"
7921401,Casa Sant'Orsola Prosecco Millesimato,Fratelli Martini Secondo Luigi,115.0,750 ml,Glasflaska,Torrt vitt,Italien,,Fast sortiment,6,"0178,0209,0217,0225,0226,0228"
269801,Gött Vitt by Per Andersson,Peter Mertes,89.0,750 ml,Glasflaska,Friskt & Fruktigt,Tyskland,Riesling,Fast sortiment,6,"0178,0207,0209,0217,0226,0228"
260501,Bitchy Blend,Molnár Borház Pincészet,79.0,750 ml,Glasflaska,Druvigt & Blommigt,Ungern,"Irsai olivér, Ezerjó, Cserszegi füszeres, Olaszrizling",Fast sortiment,8,"0178,0206,0208,0209,0217,0226,0228,0230"
5127201,Saint Louis Chardonnay,Giertz Vinimport,99.0,1000 ml,Lättare glasflaska,Friskt & Fruktigt,Frankrike,Chardonnay,Fast sortiment,7,"0178,0209,0217,0226,0228,0232,0235"
7282801,Tre Marchetti Amarone Della Valpolicella,Carovin AB,199.0,750 ml,Glasflaska,Kryddigt & Mustigt,Italien,,Fast sortiment,6,"0178,0209,0217,0222,0226,0228"
275401,Barbera d'Asti Terre S.R.L.,Terre SRL,119.0,750 ml,Lättare glasflaska,Fruktigt & Smakrikt,Italien,Barbera,Fast sortiment,6,"0178,0206,0209,0217,0226,0228"
5285601,Rossetto Appassimento,Urban Wines,139.0,750 ml,Glasflaska,Fruktigt & Smakrikt,Italien,,Fast sortiment,6,"0178,0208,0209,0217,0226,0228"
7677801,Zupreme Zinfandel,Brandpartners AB,89.0,750 ml,Glasflaska,Mjukt & Bärigt,USA,Zinfandel,Fast sortiment,5,"0178,0209,0217,0226,0228"
2013601,19 Crimes Shiraz,19 Crimes,99.0,750 ml,Glasflaska,Fruktigt & Smakrikt,Australien,Shiraz,Fast sortiment,5,"0178,0209,0217,0226,0228"
262001,La Revedere Merlot,Anora Group PLC,90.0,750 ml,Glasflaska,Fruktigt & Smakrikt,Rumänien,Merlot,Fast sortiment,5,"0178,0209,0217,0226,0228"
2235002,Tommasi Amarone della Valpolicella Classico,Tommasi Viticoltori,199.0,375 ml,Glasflaska,Kryddigt & Mustigt,Italien,"Corvina veronese, Rondinella, Corvinone, Oseleta",Fast sortiment,5,"0178,0209,0217,0226,0228"
246701,Ruida Domo Valdepeñas Reserva,Arenal Wines S.L.,89.0,750 ml,Lättare glasflaska,Kryddigt & Mustigt,Spanien,Tempranillo,Fast sortiment,4,"0178,0217,0228,0236"
9608101,Bründlmayer Zweigelt Rosé,Weingut Bründlmayer,150.0,750 ml,Lättare glasflaska,Friskt & Bärigt,Österrike,Zweigelt,Tillfälligt sortiment,1,0178
9016601,Moscato d'Asti G.D. Vajra,G.D. Vajra,149.0,750 ml,Glasflaska,Sött,Italien,,Tillfälligt sortiment,2,"0178,0229"
9526701,Puszta Libre,Claus Preisinger,181.0,750 ml,Glasflaska,Mjukt & Bärigt,Österrike,"St-laurent, Zweigelt",Tillfälligt sortiment,1,0178
9022301,Terroir Sense Fronteres Negre,Terroir Sense Fronteres,199.0,750 ml,Glasflaska,Fruktigt & Smakrikt,Spanien,Garnacha,Tillfälligt sortiment,2,"0178,0222"
9362901,Tabali Talinay Pinot Noir,Viña Tabali,269.0,750 ml,Glasflaska,,Chile,Pinot noir,Tillfälligt sortiment,1,0178
9035101,G.D. Vajra Rosabella Rosato,G.D. Vajra,139.0,750 ml,Glasflaska,Fruktigt & Smakrikt,Italien,"Nebbiolo, Barbera, Dolcetto",Tillfälligt sortiment,2,"0178,0237"
9440401,Crémant de Savoie Brut Nature,André et Michel Quenard,199.0,750 ml,Glasflaska,Torrt vitt,Frankrike,Jacquère,Tillfälligt sortiment,1,0178
9275201,Kung Fu PetNat Rosé,RICCITELLI WINE COMPANY S.A.,229.0,750 ml,Glasflaska,,Argentina,"Malbec, Pinot noir",Tillfälligt sortiment,1,0178
9303601,Boschkloof Syrah,Boschkloof Wines,199.0,750 ml,Glasflaska,Kryddigt & Mustigt,Sydafrika,Syrah,Tillfälligt sortiment,1,0178
9462001,Mas Champart Causse du Bousquet,Mas Champart,229.0,750 ml,Lättare glasflaska,Kryddigt & Mustigt,Frankrike,,Tillfälligt sortiment,1,0178
7742201,Soprano Pinot Noir,Casa Vinironia,94.0,750 ml,Lättare glasflaska,Mjukt & Bärigt,Italien,Pinot noir,Ordervaror,4,"0178,0209,0217,0221"
8525801,Gustave Lorentz Pinot Gris Réserve,Gustave Lorentz,139.0,750 ml,Glasflaska,,Frankrike,Pinot gris,Ordervaror,1,0178
9234701,Tahbilk The Tower Sangiovese,Tahbilk,79.0,750 ml,Lättare glasflaska,Fruktigt & Smakrikt,Australien,"Sangiovese, Shiraz",Ordervaror,1,0178
3222901,Fonterutoli,Marchesi Mazzei,229.0,750 ml,Glasflaska,,Italien,"Sangiovese, Malvasia nera, Merlot, Colorino",Ordervaror,1,0178
5178601,Tiara Douro Niepoort Vinhos,Niepoort Vinhos,329.0,750 ml,Glasflaska,,Portugal,,Ordervaror,1,0178
7357601,Aveleda Alvarinho,Aveleda,119.0,750 ml,Lättare glasflaska,,Portugal,Alvarinho,Ordervaror,1,0178
219501,Rkatsiteli Qvevri,Askaneli Brother Ltd,131.0,750 ml,Glasflaska,Fylligt & Smakrikt,Georgien,Rkatsiteli,Ordervaror,1,0178
7709101,Mistinguett Brut,Masia Vallformosa,149.0,750 ml,Glasflaska,Torrt vitt,Spanien,,Ordervaror,1,0178
9264601,Gorges Vignobles Günther-Chéreau,Vignobles Günther-Chéreau,249.0,750 ml,Glasflaska,,Frankrike,Melon de bourgogne,Tillfälligt sortiment,1,0179
9480601,Philipponnat Blanc de Blancs,Philipponnat,869.0,750 ml,Glasflaska,Torrt vitt,Frankrike,Chardonnay,Tillfälligt sortiment,1,0179
9125301,Mehringer Alte Reben Riesling,Weingut Nik Weis,219.0,750 ml,Glasflaska,Friskt & Fruktigt,Tyskland,Riesling,Tillfälligt sortiment,1,0179
3979102,Angeline Reserve Pinot Noir,Angeline Winery,140.0,375 ml,Glasflaska,Kryddigt & Mustigt,USA,Pinot noir,Tillfälligt sortiment,2,"0179,0237"
2018701,Steininger Steinhaus Riesling,Weingut Steininger,219.0,750 ml,Glasflaska,Friskt & Fruktigt,Österrike,Riesling,Ordervaror,5,"0179,0211,0232,0237,0238"
9441502,Tenuta Trerose Vin Santo di Montepulciano,Angelini Wines & Estates,269.0,375 ml,Glasflaska,Sött,Italien,,Tillfälligt sortiment,4,"0180,0221,0230,0231"
7729301,Aldieri Primitivo,Cantina Sociale Cooperativa di Copertino SCA,69.0,750 ml,Glasflaska,Kryddigt & Mustigt,Italien,Primitivo,Ordervaror,1,0180
244001,Mamete Prevostini Marena Sassella,Mamete Prevostini,290.0,750 ml,Glasflaska,Stramt & Nyanserat,Italien,Nebbiolo,Ordervaror,1,0180
5534401,Laetitia Estate Chardonnay,Laetitia Winery,199.0,750 ml,Glasflaska,,USA,Chardonnay,Ordervaror,1,0180
284701,Kleine Zalze Pinotage,Kleine Zalze,119.0,750 ml,Glasflaska,Fruktigt & Smakrikt,Sydafrika,Pinotage,Fast sortiment,5,"0182,0208,0217,0228,0237"
236901,Café Culture Coffe Mocha Pinotage,KWV,105.0,750 ml,Lättare glasflaska,Fruktigt & Smakrikt,Sydafrika,Pinotage,Ordervaror,4,"0182,0208,0222,0238"
7519901,Passo Grande Appassimento,Globus Wine,79.0,750 ml,Lättare glasflaska,Kryddigt & Mustigt,Italien,,Ordervaror,5,"0182,0208,0218,0219,0234"
5334301,Don Simon Nature Cabernet Sauvignon,J Garcia Carrión,70.0,750 ml,Lättare glasflaska,Fruktigt & Smakrikt,Spanien,,Ordervaror,1,0182
7068901,Nero D'Avola Sicilia Danese,Danese Cantina,125.0,750 ml,Glasflaska,,Italien,Nero d'avola,Ordervaror,1,0182
9363101,Domaine Vetriccie Rosé,CAVE D’ALERIA,150.0,750 ml,Glasflaska,Friskt & Bärigt,Frankrike,,Tillfälligt sortiment,1,0201
9019601,Domaine de la Janasse Terre d'Argile,Domaine de la Janasse,216.0,750 ml,Lättare glasflaska,Kryddigt & Mustigt,Frankrike,"Carignan, Grenache, Mourvèdre, Syrah",Tillfälligt sortiment,1,0201
7076504,JP Chenet ICE Sparkling,Les Grands Chais de France,49.0,200 ml,Glasflaska,Halvtorrt vitt,Frankrike,,Ordervaror,1,0201
2005214,Alto Molino Chardonnay,Artel inc,46.0,250 ml,Burk,Friskt & Fruktigt,Argentina,Chardonnay,Fast sortiment,5,"0202,0222,0224,0226,0237"
9303201,Henri Cruchon En Roman Grand Cru Chasselas,Domaine Henri Cruchon,299.0,750 ml,Glasflaska,,Schweiz,Chasselas,Tillfälligt sortiment,2,"0202,0230"
9240401,Bourgogne Aligoté Albus,Domaine Roux,199.0,750 ml,Glasflaska,Fylligt & Smakrikt,Frankrike,Aligoté,Tillfälligt sortiment,1,0202
9405301,Wente Vineyards Coastal Selection Chardonnay,Wente Family Estates,199.0,750 ml,Lättare glasflaska,Fylligt & Smakrikt,USA,"Chardonnay, Gewürztraminer",Tillfälligt sortiment,1,0202
9504101,Côtes-du-Rhône Villages Séguret La Ferme du Mont,La Ferme du Mont,150.0,750 ml,Glasflaska,Kryddigt & Mustigt,Frankrike,,Tillfälligt sortiment,1,0202
9313701,Louro do Bolo Godello,Rafael Palacios,250.0,750 ml,Glasflaska,Fylligt & Smakrikt,Spanien,Godello,Tillfälligt sortiment,1,0202
658101,Cameleon Malbec,Domaine Bousquet,59.0,750 ml,Lättare glasflaska,Fruktigt & Smakrikt,Argentina,Malbec,Ordervaror,1,0202
7094001,Salt & Pepper Pinot Noir Rosé,Providential Wines & Spirits AB,99.0,750 ml,Lättare glasflaska,,Frankrike,Pinot noir,Ordervaror,1,0202
203401,Castelgufo Verdicchio dei Castelli di Jesi,ViniMundi,59.0,750 ml,Lättare glasflaska,Fylligt & Smakrikt,Italien,Verdicchio,Ordervaror,1,0202
220214,Starrs Reach Grenache,Starrs Reach,39.0,250 ml,Burk,Mjukt & Bärigt,Australien,Grenache,Fast sortiment,2,"0204,0208"
7465901,The Wanted Zin Zinfandel Old Vines,Orion Wines,95.0,750 ml,Lättare glasflaska,Fruktigt & Smakrikt,Italien,Zinfandel,Fast sortiment,2,"0204,0208"
227001,Hattingley Valley Classic Reserve,Hattingley Valley,359.0,750 ml,Glasflaska,Torrt vitt,Storbritannien,,Ordervaror,1,0204
5100801,Miss Li Herz aus Porzellan White,Solera Sweden AB,79.0,750 ml,Glasflaska,Friskt & Fruktigt,Tyskland,"Riesling, Chardonnay, Sauvignon blanc",Fast sortiment,4,"0206,0217,0228,0229"
3344901,Johanna Lännabruk,Länna Bruk Dryckeshandel,139.0,750 ml,Glasflaska,Kryddigt & Mustigt,EU,"Cabernet sauvignon, Merlot, Syrah",Lokalt & Småskaligt,3,"0206,0218,0236"
9498501,Brother's Mark Cabernet Sauvignon,Pedroncelli,199.0,750 ml,Lättare glasflaska,Fruktigt & Smakrikt,USA,Cabernet sauvignon,Tillfälligt sortiment,2,"0206,0216"
7304501,MZ Chardonnay By Måns Zelmerlöw,Barcelona Brands S.L,69.0,750 ml,Lättare glasflaska,Friskt & Fruktigt,Frankrike,Chardonnay,Ordervaror,2,"0206,0209"
5481101,Remelluri Reserva,Remelluri,349.0,750 ml,Glasflaska,,Spanien,"Tempranillo, Garnacha, Graciano",Ordervaror,2,"0206,0228"
9370001,Umathum Rosa,Weingut Umathum,179.0,750 ml,Glasflaska,Fruktigt & Smakrikt,Österrike,"Blaufränkisch, Zweigelt, Sankt laurent",Tillfälligt sortiment,2,"0207,0216"
9055801,Vincent Joudart Special Club,Vincent Joudart,549.0,750 ml,Glasflaska,Torrt vitt,Frankrike,"Pinot meunier, Chardonnay, Pinot noir",Tillfälligt sortiment,1,0207
9396401,Amour de Deutz,Champagne Deutz,2150.0,750 ml,Glasflaska,Torrt vitt,Frankrike,,Tillfälligt sortiment,1,0207
7695801,Confidence de Bastor Lamontagne Terres Bordelaises,Terres Bordelaises,199.0,750 ml,Glasflaska,Fylligt & Smakrikt,Frankrike,"Sauvignon gris, Sauvignon blanc, Sémillon",Ordervaror,1,0207
268201,Hope Pinot Grigio,Trentham Estate,99.0,750 ml,Lättare glasflaska,Friskt & Fruktigt,Australien,Pinot grigio,Ordervaror,1,0207
9001901,Ricossa Monferrato Nebbiolo,Ricossa SRL,119.0,750 ml,Glasflaska,Kryddigt & Mustigt,Italien,Nebbiolo,Tillfälligt sortiment,1,0208
226815,Mancura Guardián Cinsault,Vina Fray Leon,38.0,250 ml,Burk,Fruktigt & Smakrikt,Chile,,Ordervaror,2,"0208,0226"
660301,Casillero del Diablo Reserva Pinot Noir,Concha y Toro,89.0,750 ml,Lättare glasflaska,Mjukt & Bärigt,Chile,Pinot noir,Ordervaror,2,"0208,0222"
247301,Glenelly Estate Glass Collection Syrah,Glenelly Estate,149.0,750 ml,Lättare glasflaska,Fruktigt & Smakrikt,Sydafrika,Syrah,Ordervaror,1,0208
203904,Wine Urban Park Rosso biologico,Terre Cevico Soc. Coop. Agr.,49.0,250 ml,Burk,Mjukt & Bärigt,Italien,,Ordervaror,2,"0208,0225"
5806515,Pablo y Walter Malbec,Boutinot,46.0,250 ml,Burk,Fruktigt & Smakrikt,Argentina,Malbec,Ordervaror,1,0208
245701,Idle Lane Chardonnay,Mr. Riggs Wine Co,179.0,750 ml,Lättare glasflaska,Fylligt & Smakrikt,Australien,Chardonnay,Ordervaror,1,0208
7340602,Weingut Bründlmayer Grüner Veltliner Alte Reben Auslese,Weingut Bründlmayer,200.0,375 ml,Glasflaska,Sött,Österrike,,Ordervaror,1,0208
2012601,Los Haroldos Reserva Chardonnay,Bodega Los Haroldos,109.0,750 ml,Lättare glasflaska,Fylligt & Smakrikt,Argentina,Chardonnay,Ordervaror,2,"0208,0232"
7350901,Leif Mannerström Côtes du Rhône,The Company of Urban wines And Other Liquids Sweden AB,99.0,750 ml,Lättare glasflaska,Kryddigt & Mustigt,Frankrike,,Fast sortiment,3,"0209,0217,0228"
7073901,Gurrieri Nero d´Avola,Azienda Agricola Battaglia Graziella,309.0,750 ml,Glasflaska,,Italien,Nero d'avola,Ordervaror,1,0209
7302801,Castelmondo Amarone della Valpolicella,Winepartners Nordic AB,199.0,750 ml,Glasflaska,,Italien,,Ordervaror,1,0209
9260501,Barolo Bussia Dardi Le Rose Poderi Colla,Poderi Colla,499.0,750 ml,Glasflaska,Stramt & Nyanserat,Italien,Nebbiolo,Tillfälligt sortiment,1,0210
7995201,Gazela Vinho Verde Rosé,Sogrape Vinhos,79.0,750 ml,Lättare glasflaska,Friskt & Bärigt,Portugal,,Ordervaror,3,"0210,0226,0237"
9517001,Montepulciano d'Abruzzo Valle Reale,Valle Reale SRL Societa Agricola,189.0,750 ml,Glasflaska,Fruktigt & Smakrikt,Italien,Montepulciano,Tillfälligt sortiment,3,"0211,0222,0238"
3496001,Vingården i Klagshamn Vega,Vingården i Klagshamn,289.0,750 ml,Glasflaska,Kryddigt & Mustigt,Sverige,,Lokalt & Småskaligt,1,0211
3301301,Ljungbyholms Vingård Lervik XXVI,Ljungbyholms Vingård,399.0,750 ml,Lättare glasflaska,Fruktigt & Smakrikt,Sverige,"Rondo, Cabernet cortis",Lokalt & Småskaligt,1,0211
9228001,Penfolds RWT,Penfolds,1349.0,750 ml,Glasflaska,,Australien,Shiraz,Tillfälligt sortiment,1,0211
3305701,Högberga s.c.a.m.p,Högberga Vinfabrik,201.0,750 ml,Glasflaska,Kryddigt & Mustigt,EU,,Lokalt & Småskaligt,1,0211
9577101,Barolo Rocche di Castiglione Vietti,Vietti s.r.l.,2259.0,750 ml,Glasflaska,,Italien,,Tillfälligt sortiment,1,0211
9567801,Ode Amphora,ODE Winery,399.0,750 ml,Glasflaska,,Portugal,Alicante bouschet,Tillfälligt sortiment,2,"0211,0237"
9444301,Pieve Santa Restituta Rennina Brunello di Montalcino,Pieve Santa Restituta,1795.0,750 ml,Glasflaska,,Italien,,Tillfälligt sortiment,1,0211
3210101,Högberga Clairet,Högberga Vinfabrik,155.0,750 ml,Glasflaska,Mjukt & Bärigt,EU,,Lokalt & Småskaligt,1,0211
3239701,Högberga Merlot,Högberga Vinfabrik,204.0,750 ml,Glasflaska,Fruktigt & Smakrikt,EU,Merlot,Lokalt & Småskaligt,1,0211
275601,Christina Orange,Weingut Franz Netzl,199.0,750 ml,Lättare glasflaska,Fylligt & Smakrikt,Österrike,"Chardonnay, Sauvignon blanc, Welschriesling",Ordervaror,4,"0211,0215,0217,0228"
7552801,Salt & Pepper Pinot Noir Reserve,Providential Wines & Spirits AB,99.0,750 ml,Lättare glasflaska,Kryddigt & Mustigt,Frankrike,Pinot noir,Ordervaror,2,"0211,0238"
7560901,Le Bijou de Sophie Valrose Rosé,Bijou Wine,159.0,750 ml,Lättare glasflaska,,Frankrike,"Cinsault, Grenache, Syrah, Caladoc",Ordervaror,1,0211
7901201,Le Bijou de Sophie Valrose Sauvigon Blanc,Bijou Wine,159.0,750 ml,Glasflaska,,Frankrike,Sauvignon blanc,Ordervaror,1,0211
7292001,Le Bijou de Sophie Valrose Pinot noir,Bijou Wine,159.0,750 ml,Lättare glasflaska,,Frankrike,Pinot noir,Ordervaror,1,0211
760001,Louis Roederer Carte Blanche,Louis Roederer,595.0,750 ml,Glasflaska,Halvtorrt vitt,Frankrike,"Chardonnay, Pinot noir, Pinot meunier",Ordervaror,1,0211
7795801,Edel Grüner Veltliner,Solera Sweden AB,99.0,1000 ml,Lättare glasflaska,Friskt & Fruktigt,Österrike,Grüner veltliner,Ordervaror,1,0211
2280301,il Nostro Grecanico,Nordic Sea Winery,89.0,750 ml,Lättare glasflaska,Friskt & Fruktigt,Italien,,Fast sortiment,5,"0213,0215,0217,0228,0232"
7468301,Château Vieira Bordeaux Supérieur,Société Viticole de France,109.0,750 ml,Lättare glasflaska,Kryddigt & Mustigt,Frankrike,,Fast sortiment,3,"0213,0217,0228"
9405901,Dominio del Aguila Canta de Perdiz,Dominio del Aguila,2502.0,750 ml,Glasflaska,,Spanien,,Tillfälligt sortiment,1,0213
9417301,Terres Dorées Beaujolais L'Ancien,Terres Dorées,189.0,750 ml,Lättare glasflaska,Mjukt & Bärigt,Frankrike,Gamay,Tillfälligt sortiment,2,"0213,0237"
9367601,DuMOL Wester Reach Russian River Valley Pinot Noir,Dumol,899.0,750 ml,Glasflaska,,USA,Pinot noir,Tillfälligt sortiment,2,"0213,0237"
9531301,Chassagne Montrachet Premier Cru En Virondo Marc Morey,Marc Morey,988.0,750 ml,Glasflaska,,Frankrike,,Tillfälligt sortiment,1,0213
9575901,Chateau la Conseillante,SC des Heritiers Nicolas,3623.0,750 ml,Glasflaska,,Frankrike,"Merlot, Cabernet franc",Tillfälligt sortiment,2,"0213,0220"
9251801,Brunello di Montalcino Riserva Vignaferrovia Marchesi Antinori,Marchesi Antinori,1150.0,750 ml,Glasflaska,,Italien,,Tillfälligt sortiment,1,0213
9032401,Brunello di Montalcino Vecchievigne Siro Pacenti,Siro Pacenti,1149.0,750 ml,Glasflaska,,Italien,,Tillfälligt sortiment,1,0213
9542501,Allegrini Amarone della Valpolicella Classico,Allegrini,799.0,750 ml,Glasflaska,Kryddigt & Mustigt,Italien,"Corvina, Corvinone, Oseleta, Rondinella",Tillfälligt sortiment,1,0213
9348501,Gevrey-Chambertin Justice des Seuvrées Domaine Perrot-Minot,Domaine Perrot-Minot,2496.0,750 ml,Glasflaska,,Frankrike,,Tillfälligt sortiment,1,0213
9321101,Barolo Gavarini Chiniera Elio Grasso,Azienda Agricola Elio Grasso,963.0,750 ml,Glasflaska,,Italien,,Tillfälligt sortiment,1,0213
9360901,Barolo Ginestra Casa Maté Elio Grasso,Azienda Agricola Elio Grasso,963.0,750 ml,Glasflaska,,Italien,,Tillfälligt sortiment,1,0213
7192701,Bella Mistala Cava Organic Brut,Cavas Marevia,120.0,750 ml,Glasflaska,,Spanien,,Ordervaror,1,0213
9131501,Wynns Coonawarra Estate John Riddoch,Wynns Coonawarra Estate,899.0,750 ml,Glasflaska,,Australien,,Ordervaror,1,0213
7190601,Faiveley Bourgogne Pinot Noir,Domaine Faiveley,329.0,750 ml,Glasflaska,,Frankrike,Pinot noir,Ordervaror,1,0213
7784101,André Legrand Brut,Winepartners Nordic AB,269.0,750 ml,Lättare glasflaska,Torrt vitt,Frankrike,"Chardonnay, Pinot noir",Ordervaror,1,0213
9544501,Benanti Etna Rosso,Benanti,219.0,750 ml,Glasflaska,Kryddigt & Mustigt,Italien,"Nerello cappuccio, Nerello mascalese",Tillfälligt sortiment,2,"0214,0219"
9352401,Sancerre Mainbré Domaine de Pré Semelé,Domaine de Pré Semelé Julien & Clément Raimbault,269.0,750 ml,Glasflaska,Friskt & Fruktigt,Frankrike,Sauvignon blanc,Tillfälligt sortiment,2,"0215,0228"
9322401,Herència Altés La Tarentina Rosé,De Haan Altés,139.0,750 ml,Glasflaska,Friskt & Bärigt,Spanien,Garnatxa peluda,Tillfälligt sortiment,1,0215
9488001,Lindes de Remelluri Labastida,REMELLURI,199.0,750 ml,Glasflaska,Fruktigt & Smakrikt,Spanien,,Tillfälligt sortiment,1,0215
7413001,Augustus Microvinificacions Garnatxa Negra,Cellers Avgvstvs Forvm,346.0,750 ml,Glasflaska,,Spanien,Garnatxa negra,Ordervaror,1,0215
9290214,Meinklang Knusprig Grüner Veltliner,Djuce YesWeCan SL,71.0,250 ml,Burk,Friskt & Fruktigt,Österrike,Grüner veltliner,Tillfälligt sortiment,1,0216
9376001,Fournier Sancerre Rosé Les Belles Vignes,Fournier Père & Fils,199.0,750 ml,Glasflaska,Friskt & Bärigt,Frankrike,Pinot noir,Tillfälligt sortiment,1,0216
7518901,Bolla Prosecco Extra Dry,Gruppo Italiano Vini,109.0,750 ml,Glasflaska,Torrt vitt,Italien,Glera,Ordervaror,2,"0216,0239"
256702,Dandelion Vineyards Lion’s Roar of the Barossa Cabernet Sauvignon,Dandelion Vineyards,89.0,375 ml,Glasflaska,Fruktigt & Smakrikt,Australien,Cabernet sauvignon,Ordervaror,2,"0216,0232"
7383201,Fritz Haag Juffer Riesling Trocken VDP Grosse Lage Grand Cru,Weingut Fritz Haag,395.0,750 ml,Glasflaska,,Tyskland,Riesling,Ordervaror,1,0216
7603301,Villa Mirage Côtes du Rhône,Spring Wine & Spirits,79.0,750 ml,Lättare glasflaska,Kryddigt & Mustigt,Frankrike,,Ordervaror,1,0216
7932601,Juffer Riesling Kabinett,Fritz Haag,255.0,750 ml,Glasflaska,,Tyskland,Riesling,Ordervaror,1,0216
271501,Leva Chardonnay Misket Dimiat & Muscat,Vinex Slavyantsi,79.0,750 ml,Lättare glasflaska,Druvigt & Blommigt,Bulgarien,"Chardonnay, Dimiat, Muscat",Fast sortiment,3,"0217,0228,0229"
260014,Cycles Gladiator Pinot Noir,Wine Hooligans,79.0,375 ml,Burk,Kryddigt & Mustigt,USA,Pinot noir,Fast sortiment,2,"0217,0238"
5711401,Tareq Taylor Crémant de Loire,Gratien & Meyer,155.0,750 ml,Glasflaska,Torrt vitt,Frankrike,,Fast sortiment,2,"0217,0228"
503301,Berså Terra Alta,Contemporary Wines AB,139.0,750 ml,Glasflaska,Fruktigt & Smakrikt,Spanien,Garnacha,Fast sortiment,4,"0217,0222,0223,0228"
277401,Greystone Wines Nor'wester Pinot Noir,Greystone Wines,119.0,750 ml,Glasflaska,Kryddigt & Mustigt,Nya Zeeland,Pinot noir,Fast sortiment,3,"0217,0228,0237"
640501,Graševina Kutjevo,Kutjevo,99.0,750 ml,Glasflaska,Friskt & Fruktigt,Kroatien,Graševina,Fast sortiment,2,"0217,0228"
2011801,Caminante de los Mundos Malbec,Jasmine Monet,59.0,750 ml,Lättare glasflaska,Fruktigt & Smakrikt,Argentina,Malbec,Fast sortiment,2,"0217,0228"
7989201,Pasqua Desire Lush & Zin Primitivo Puglia,Pasqua Vigneti e Cantine SpA,119.0,750 ml,Lättare glasflaska,Fruktigt & Smakrikt,Italien,Primitivo,Fast sortiment,2,"0217,0228"
7330801,P.Lex Reserva Sexto Sentido,Icon Wines,119.0,750 ml,Lättare glasflaska,Kryddigt & Mustigt,Portugal,"Aragonez, Trincadeira, Alicante bouschet",Fast sortiment,2,"0217,0228"
9222801,Poggio al Leone Morellino di Scansano Riserva,Tenuta della Famiglia Cecchi,169.0,750 ml,Lättare glasflaska,Kryddigt & Mustigt,Italien,"Sangiovese, Cabernet sauvignon",Tillfälligt sortiment,2,"0217,0230"
9354702,Chianti Classico Castello di Meleto,Castello di Meleto,90.0,375 ml,Glasflaska,Kryddigt & Mustigt,Italien,"Sangiovese, Merlot",Tillfälligt sortiment,1,0217
290301,Chapel Hill Riesling Sauvignon Blanc,Balatonboglár Winery,79.0,750 ml,Lättare glasflaska,Druvigt & Blommigt,Ungern,"Riesling, Sauvignon blanc",Fast sortiment,2,"0217,0228"
2008601,Mezzacorona Müller-Thurgau,Mezzacorona,99.0,750 ml,Lättare glasflaska,Friskt & Fruktigt,Italien,Müller-thurgau,Fast sortiment,2,"0217,0228"
1643404,Jacob's Creek Semillon Chardonnay,Orlando,39.0,187 ml,Lättare glasflaska,Friskt & Fruktigt,Australien,,Fast sortiment,2,"0217,0228"
714302,Chablis Saint Martin,Domaine Laroche,100.0,375 ml,Glasflaska,Friskt & Fruktigt,Frankrike,Chardonnay,Fast sortiment,2,"0217,0228"
9130201,Simonnet-Febvre Brut Cuvée S,Simonnet-Febvre,209.0,750 ml,Glasflaska,Torrt vitt,Frankrike,Chardonnay,Tillfälligt sortiment,1,0217
9261501,Montagny Premier Cru Domaine Jean-Marc Boillot,Jean-Marc Boillot,369.0,750 ml,Glasflaska,Fylligt & Smakrikt,Frankrike,Chardonnay,Tillfälligt sortiment,1,0217
9486901,Finca Montote Reserva,Finca Montote,189.0,750 ml,Glasflaska,Kryddigt & Mustigt,Spanien,Tempranillo,Tillfälligt sortiment,1,0217
253601,Crazy Cat Red Blend,Boland Vineyard International Pty Ltd,59.0,750 ml,Lättare glasflaska,Fruktigt & Smakrikt,Sydafrika,"Grenache, Pinotage, Syrah",Ordervaror,1,0217
5975601,Villa Moncigale Coteaux d’Aix-en-Provence Rosé,Moncigale,159.0,750 ml,Glasflaska,Friskt & Bärigt,Frankrike,"Cinsault, Grenache, Syrah, Cabernet sauvignon",Ordervaror,2,"0217,0218"
5377201,Karl Fredrik Prosecco Brut Rosé,Montagner Vini e Spumanti,129.0,750 ml,Glasflaska,Rosé,Italien,,Ordervaror,1,0217
7503001,Ruby Pinot Noir Laila Bagge,Anora Group PLC,97.0,750 ml,Lättare glasflaska,Mjukt & Bärigt,Italien,Pinot noir,Ordervaror,2,"0217,0226"
219101,Ritmo Latino Brut,Viña Tarapacá,69.0,750 ml,Glasflaska,Torrt vitt,Chile,Moscatel,Ordervaror,2,"0217,0232"
2238801,Krugscher Hof Pinot Noir,Weingut Krug'scher Hof,149.0,750 ml,Lättare glasflaska,Kryddigt & Mustigt,Tyskland,Pinot noir,Ordervaror,2,"0218,0237"
7261001,Nespolino Sangiovese Merlot,Poderi dal Nespoli,109.0,750 ml,Glasflaska,,Italien,,Ordervaror,1,0218
3319701,Bäckbrus J. Friberg Vineri,Jesper Friberg,321.0,750 ml,Glasflaska,Torrt vitt,Sverige,,Lokalt & Småskaligt,1,0219
7009501,Villa Puccini Chianti,Castellani Spa,119.0,750 ml,Glasflaska,Kryddigt & Mustigt,Italien,,Ordervaror,1,0219
7071701,Brunello di Montalcino La Gudiola,Azienda Agricola Cordella Maddalena,239.0,750 ml,Glasflaska,,Italien,Sangiovese grosso,Ordervaror,1,0220
764904,Chapel Hill Blanc de Blancs Chardonnay,Balatonboglár Winery,39.0,200 ml,Lättare glasflaska,Torrt vitt,Ungern,Chardonnay,Ordervaror,1,0220
274802,Disznókö Tokaji Late Harvest,Disznoko,179.0,500 ml,Glasflaska,Sött,Ungern,,Ordervaror,1,0220
9261601,"Menetou-Salon ""Morogues"" Rosé",Pellé,199.0,750 ml,Glasflaska,,Frankrike,Pinot noir,Tillfälligt sortiment,1,0221
9131001,Txomin Etxaniz Rosado,Etxaniz Txakolina,161.0,750 ml,Glasflaska,Friskt & Bärigt,Spanien,"Hondarrabi zuri, Hondarrabi beltza",Tillfälligt sortiment,1,0221
9322301,Gaston Chiquet Blanc de Blancs d'Aÿ,Gaston Chiquet,499.0,750 ml,Glasflaska,Torrt vitt,Frankrike,Chardonnay,Tillfälligt sortiment,2,"0221,0237"
1647601,McPherson Shiraz,McPherson Wines,109.0,750 ml,Glasflaska,,Australien,,Ordervaror,1,0221
9352901,Tenuta Belguardo Marchesi Mazzei,Marchesi Mazzei,299.0,750 ml,Glasflaska,Fruktigt & Smakrikt,Italien,"Cabernet sauvignon, Cabernet franc",Tillfälligt sortiment,1,0222
9123601,Timorasso Riserva Pio Cesare,Pio Cesare,479.0,750 ml,Glasflaska,,Italien,,Tillfälligt sortiment,1,0222
9210301,Stirm Calcite,Stirm Wine Company,229.0,750 ml,Glasflaska,Friskt & Fruktigt,USA,"Riesling, Chardonnay, Chenin blanc",Tillfälligt sortiment,1,0222
9293201,Pezga Branco,Aconchego da Aldeia,219.0,750 ml,Glasflaska,,Portugal,,Tillfälligt sortiment,1,0222
219601,Le Sablou Bergerac,Grands Chais de Saint Laurent,79.0,750 ml,Lättare glasflaska,Fruktigt & Smakrikt,Frankrike,"Merlot, Cabernet sauvignon, Malbec, Cabernet franc",Ordervaror,3,"0222,0226,0232"
2011301,1+1=3 Merlot Cabernet Sauvignon Ecológico,1+1=3 U Mes U Fan Tres S.L.,99.0,750 ml,Lättare glasflaska,Fruktigt & Smakrikt,Spanien,"Cabernet sauvignon, Merlot",Ordervaror,2,"0222,0226"
9502501,Sybille Kuntz Riesling Qualitätswein trocken,Weingut Sybille Kuntz,229.0,750 ml,Glasflaska,Friskt & Fruktigt,Tyskland,Riesling,Tillfälligt sortiment,1,0223
9309501,Les Claux Domaine Raymond Usseglio & Fils,Domaine Raymond Usseglio & Fils,190.0,750 ml,Glasflaska,Kryddigt & Mustigt,Frankrike,"Cinsault, Grenache, Mourvèdre, Syrah",Tillfälligt sortiment,1,0225
9225301,Arnaud Lambert Saumur Blanc Brézé Midi,Arnaud Lambert,199.0,750 ml,Glasflaska,Friskt & Fruktigt,Frankrike,Chenin blanc,Tillfälligt sortiment,1,0225
2003615,Eòlic Brut Nature,Molí Parellada,39.0,200 ml,Burk,Torrt vitt,Spanien,"Macabeo, Xarel-lo",Fast sortiment,1,0226
9279801,Château de Rouanne Vinsobres,Château de Saint Cosme,179.0,750 ml,Lättare glasflaska,Kryddigt & Mustigt,Frankrike,"Grenache, Syrah, Mourvèdre",Tillfälligt sortiment,1,0226
9213801,Punto Final Naranjo,Bodega Renacer,180.0,750 ml,Glasflaska,Fylligt & Smakrikt,Argentina,Chardonnay,Tillfälligt sortiment,2,"0226,0227"
9323601,Craggy Range Te Muna Sauvignon Blanc,Craggy Range,199.0,750 ml,Glasflaska,Friskt & Fruktigt,Nya Zeeland,Sauvignon blanc,Tillfälligt sortiment,1,0226
9039701,Rust en Vrede Estate Vineyards Cabernet Sauvignon,Rust en Vrede Estate,249.0,750 ml,Glasflaska,Fruktigt & Smakrikt,Sydafrika,Cabernet sauvignon,Tillfälligt sortiment,1,0226
8041901,Heartwood Organic Wine Zinfandel,Icon Wines,99.0,750 ml,Glasflaska,Fruktigt & Smakrikt,Italien,Zinfandel,Ordervaror,2,"0226,0228"
7419901,Mademoiselle,Haritatos Vineyard,286.0,750 ml,Glasflaska,,Grekland,Mavrodaphne,Ordervaror,1,0226
7397801,La Cuvée Maison Bonjour Rosé,Vins Biecher,99.0,1000 ml,Lättare glasflaska,Friskt & Bärigt,Frankrike,,Ordervaror,1,0226
7421201,Naoussa Boutari,Boutari,189.0,750 ml,Glasflaska,,Grekland,,Ordervaror,1,0226
7426401,Pezoules Merlot Xinomavro,Mare Magnum,109.0,750 ml,Glasflaska,,Grekland,"Merlot, Xynomavro",Ordervaror,1,0226
9390001,Scarpa Verduno Pelaverga,Scarpa,219.0,750 ml,Glasflaska,Mjukt & Bärigt,Italien,Pelaverga,Tillfälligt sortiment,1,0227
7912501,Ecoltura Valpolicella,Domaine Wines,119.0,750 ml,Lättare glasflaska,Kryddigt & Mustigt,Italien,,Ordervaror,1,0228
5664301,Altero Toscana,Morningstar Brands AB,79.0,750 ml,Lättare glasflaska,Kryddigt & Mustigt,Italien,"Canaiolo nero, Sangiovese",Ordervaror,2,"0228,0232"
775104,Henkell Trocken,Henkell,39.0,200 ml,Glasflaska,Torrt vitt,Tyskland,,Ordervaror,1,0228
7598935,Underground Red Blended By UWSTHLM,Strange Estate AB,36.0,250 ml,Burk,,EU,,Ordervaror,1,0229
5426401,Humo Blanco Edition Limitada Chardonnay,Hacienda Araucano S.A,169.0,750 ml,Lättare glasflaska,,Chile,Chardonnay,Ordervaror,1,0229
7519201,Cossetti Gelsomora Barbera d'Asti,Cosseti Clemente & Figli,159.0,750 ml,Lättare glasflaska,,Italien,Barbera,Ordervaror,1,0229
7034701,Rioja Santiago Reserva,Marques de la Concordia Family of Wines,105.0,750 ml,Lättare glasflaska,Kryddigt & Mustigt,Spanien,"Tempranillo, Garnacha",Ordervaror,1,0229
274401,Carodorum Issos,Carmen Rodríguez Méndez,149.0,750 ml,Glasflaska,,Spanien,Tinta de toro,Ordervaror,1,0229
234502,Masi Costasera Amarone Classico,Masi,289.0,375 ml,Glasflaska,,Italien,"Corvina, Molinara, Rondinella",Ordervaror,1,0229
7808701,Château Ksara Cabernet Sauvignon,Château Ksara,239.0,750 ml,Glasflaska,,Libanon,,Ordervaror,1,0229
9593401,Santorini Assyrtiko Santo Wines,Santo Wines,301.0,750 ml,Glasflaska,Fylligt & Smakrikt,Grekland,Assyrtiko,Tillfälligt sortiment,1,0230
9036601,Paracombe Sauvignon Blanc,Paracombe Premium Wines,165.0,750 ml,Glasflaska,Friskt & Fruktigt,Australien,Sauvignon blanc,Tillfälligt sortiment,1,0230
9424401,Chassagne-Montrachet 1er Cru Abbaye de Morgeot Olivier Leflaive,Olivier Leflaive,1979.0,750 ml,Glasflaska,,Frankrike,,Tillfälligt sortiment,1,0230
9327401,Langhe Nebbiolo Trediberri,Trediberri,199.0,750 ml,Glasflaska,Fruktigt & Smakrikt,Italien,Nebbiolo,Tillfälligt sortiment,1,0230
9443401,Puligny-Montrachet 1er Cru Folatières Olivier Leflaive,Olivier Leflaive,2899.0,750 ml,Glasflaska,,Frankrike,,Tillfälligt sortiment,1,0230
9285101,Chablis Grand Cru Les Blanchot Domaine Laroche,Domaine Laroche,799.0,750 ml,Glasflaska,,Frankrike,,Tillfälligt sortiment,1,0230
7916701,Tommolo Organic Montepulciano,Chiusa Grande,105.0,750 ml,Glasflaska,Kryddigt & Mustigt,Italien,,Ordervaror,1,0231
751901,Bio Riesling,United Drinks Europe BV,64.0,750 ml,Lättare glasflaska,Halvtorrt vitt,Tyskland,Riesling,Ordervaror,1,0232
279401,Bikandi Ecologico Crianza,Viña Olabarri,119.0,750 ml,Lättare glasflaska,Fruktigt & Smakrikt,Spanien,Tempranillo,Ordervaror,1,0232
240401,Altos de José Ignacio Albariño,Bodega Brisas,139.0,750 ml,Lättare glasflaska,Friskt & Fruktigt,Uruguay,Albariño,Ordervaror,1,0232
200201,Tesoro Chardonnay,Bodegas Trapiche,79.0,750 ml,Lättare glasflaska,Fylligt & Smakrikt,Argentina,Chardonnay,Ordervaror,1,0232
2013001,Tumuñan Cabernet Sauvignon Syrah,William Patrick Evelyn,149.0,750 ml,Lättare glasflaska,Fruktigt & Smakrikt,Chile,"Cabernet sauvignon, Syrah",Ordervaror,1,0232
2307201,Casalforte Corvina Veronese,Collis Heritage S.p.A.,99.0,750 ml,Lättare glasflaska,Kryddigt & Mustigt,Italien,Corvina,Ordervaror,1,0232
350102,Chateau Ste Michelle Indian Wells Cabernet Sauvignon,Chateau Ste Michelle,69.0,375 ml,Glasflaska,Fruktigt & Smakrikt,USA,"Cabernet sauvignon, Syrah",Ordervaror,1,0232
7734801,André Jacquart Vertus Experiance Extra Brut  Premier Cru Blanc de Blancs,André Jacquart,399.0,750 ml,Glasflaska,Torrt vitt,Frankrike,,Ordervaror,1,0232
5825901,Colledila Chianti Classico,Ricasoli,649.0,750 ml,Glasflaska,,Italien,,Ordervaror,1,0232
9335501,Hentley Farm The Marl Shiraz,Hentley Farm Wines,129.0,750 ml,Lättare glasflaska,Fruktigt & Smakrikt,Australien,Shiraz,Tillfälligt sortiment,1,0234
7658001,Maple & Ash Chardonnay,Oenoforos AB,79.0,750 ml,Glasflaska,,USA,,Ordervaror,1,0234
7674601,Ingrosso Primitivo,Spring Wine & Spirits,99.0,750 ml,Glasflaska,Fruktigt & Smakrikt,Italien,Primitivo,Ordervaror,1,0235
5541201,Rånäs Slott Ricossa Piemonte Barbera,Ricossa SRL,139.0,750 ml,Glasflaska,Fruktigt & Smakrikt,Italien,Barbera,Ordervaror,1,0236
3687401,Fistful of Love Wine Mechanics,Wine Mechanics,230.0,750 ml,Glasflaska,Fruktigt & Smakrikt,EU,,Lokalt & Småskaligt,1,0237
3633101,She's like the wind Wine Mechanics,Wine Mechanics,375.0,750 ml,Glasflaska,Torrt vitt,EU,Riesling,Lokalt & Småskaligt,1,0237
9380201,Château Gruaud Larose,Château Gruaud Larose,940.0,750 ml,Glasflaska,,Frankrike,,Tillfälligt sortiment,1,0237
9271201,Raventós i Blanc De Nit,Raventós i Blanc,199.0,750 ml,Glasflaska,Rosé,Spanien,"Macabeo, Parellada, Xarel-lo",Tillfälligt sortiment,1,0237
9243601,I Fabbri Chianti Classico Lamole,I Fabbri,209.0,750 ml,Lättare glasflaska,Mjukt & Bärigt,Italien,Sangiovese,Tillfälligt sortiment,1,0237
9363501,Flaccianello della Pieve Fontodi,Fontodi,1149.0,750 ml,Glasflaska,,Italien,,Tillfälligt sortiment,1,0237
9123301,Artuke La Condenada Bodegas y Viñedos Artuke,Bodegas Y Viñedos Artuke,979.0,750 ml,Glasflaska,,Spanien,,Tillfälligt sortiment,1,0237
9347901,Massifitti Suavia,Suavia,179.0,750 ml,Glasflaska,Friskt & Fruktigt,Italien,Trebbiano,Tillfälligt sortiment,1,0237
3864101,Lokalproducerat EU-vin Wine Mechanics,Wine Mechanics,326.0,750 ml,Glasflaska,Friskt & Fruktigt,EU,"Furmint, Riesling",Lokalt & Småskaligt,1,0237
9454101,Barolo Brunate Ceretto,Ceretto,1269.0,750 ml,Glasflaska,,Italien,,Tillfälligt sortiment,1,0237
9044401,Casa Castillo Pie Franco,Casa Castillo,1497.0,750 ml,Lättare glasflaska,,Spanien,,Tillfälligt sortiment,1,0237
9048301,Sasso di Fata Tenuta Licinia,Tenuta Licinia,600.0,750 ml,Glasflaska,,Italien,,Tillfälligt sortiment,1,0237
3621301,Wine Mechanics Akonoba Syrah,Wine Mechanics,395.0,750 ml,Glasflaska,Fruktigt & Smakrikt,EU,Syrah,Lokalt & Småskaligt,1,0237
9302301,Las Gravas Casa Castillo,Casa Castillo,599.0,750 ml,Lättare glasflaska,,Spanien,"Monastrell, Garnacha",Tillfälligt sortiment,1,0237
9514601,Fundamentalista Manchuela Finca Sandoval,Finca Sandoval,180.0,750 ml,Glasflaska,Fruktigt & Smakrikt,Spanien,"Syrah, Bobal",Tillfälligt sortiment,1,0237
3864001,Meat Leaf (I wood do anything for love),Wine Mechanics,685.0,750 ml,Glasflaska,Kryddigt & Mustigt,EU,Syrah,Lokalt & Småskaligt,1,0237
9012301,Language of Yes Grenache,Language of Yes (E&J Gallo Winery),399.0,750 ml,Lättare glasflaska,,USA,Grenache,Tillfälligt sortiment,1,0237
9003901,K Grenache The Boy,K Vintners,459.0,750 ml,Glasflaska,Fruktigt & Smakrikt,USA,Grenache,Tillfälligt sortiment,1,0237
9363001,Kutch Trout Gulch Vineyard Chardonnay,Kutch Wines,579.0,750 ml,Glasflaska,,USA,,Tillfälligt sortiment,1,0237
9034601,Carlone Boca Adele,Azienda Agricola Carlone Davide,439.0,750 ml,Glasflaska,Stramt & Nyanserat,Italien,"Nebbiolo, Vespolina",Tillfälligt sortiment,1,0237
9002801,Château Cantemerle,Château Cantemerle,275.0,750 ml,Glasflaska,Stramt & Nyanserat,Frankrike,"Cabernet sauvignon, Merlot, Petit verdot, Cabernet franc",Tillfälligt sortiment,1,0237
3451201,Åhus Rosé,Åhus Vingård,217.0,750 ml,Glasflaska,Fruktigt & Smakrikt,Sverige,Rondo,Lokalt & Småskaligt,1,0237
9499401,Vini Franchetti Contrada PC,Vini Franchetti SRL,653.0,750 ml,Glasflaska,,Italien,,Tillfälligt sortiment,1,0237
9519801,Vini Franchetti Contrada R,Vini Franchetti SRL,653.0,750 ml,Glasflaska,,Italien,Nerello mascalese,Tillfälligt sortiment,1,0237
9440501,Cobb Wines Pinot Noir Coastlands Vinyard,Cobb Wines,795.0,750 ml,Glasflaska,,USA,Pinot noir,Tillfälligt sortiment,1,0237
9598001,Weingut Dönnhoff Felsenberg Riesling Trocken Grosses Gewächs,Weingut Dönnhoff,679.0,750 ml,Lättare glasflaska,Friskt & Fruktigt,Tyskland,Riesling,Tillfälligt sortiment,1,0237
9515502,Zeltinger Sonnenuhr Trockenbeerenauslese golden capsule,Weingut Markus Molitor,995.0,375 ml,Glasflaska,Sött,Tyskland,,Tillfälligt sortiment,1,0237
9416201,Barolo Mosconi Pio Cesare,Pio Cesare,1299.0,750 ml,Lättare glasflaska,,Italien,,Tillfälligt sortiment,1,0237
9579801,Barolo Cerequio Vietti,Vietti s.r.l.,2259.0,750 ml,Glasflaska,,Italien,,Tillfälligt sortiment,1,0237
3409301,Åhus Bobblor Rosé,Åhus Vingård,329.0,750 ml,Glasflaska,Rosé,Sverige,"Rondo, Solaris",Lokalt & Småskaligt,1,0237
9415801,Barolo Falletto Vigna le Rocche Riserva,Azienda Agricola Falleto,7495.0,750 ml,Glasflaska,,Italien,,Tillfälligt sortiment,1,0237
9459801,Montevetrano,Montevetrano,649.0,750 ml,Glasflaska,,Italien,,Tillfälligt sortiment,1,0237
9274501,Vento’z Rosé,Sociedade Agricola Casal de Ventozela,125.0,750 ml,Lättare glasflaska,Friskt & Bärigt,Portugal,Espadeiro,Tillfälligt sortiment,1,0237
9547101,Eyrie Vineyards Estate Pinot noir,Eyrie Vineyards,549.0,750 ml,Glasflaska,,USA,Pinot noir,Tillfälligt sortiment,1,0237
9284401,Alceo Castello dei Rampolla,Castello dei Rampolla,1349.0,750 ml,Glasflaska,,Italien,,Tillfälligt sortiment,1,0237
9322001,Penfolds Bin 707 Cabernet Sauvignon,Penfolds,3799.0,750 ml,Glasflaska,,Australien,Cabernet sauvignon,Tillfälligt sortiment,1,0237
9514901,Moschofilero Rosé Kintonis Winery,Kintonis Winery,119.0,750 ml,Lättare glasflaska,Fruktigt & Smakrikt,Grekland,Moschofilero,Tillfälligt sortiment,1,0237
9285401,Chateauneuf-du-Pape Tradition Domaine de la Janasse,Domaine de la Janasse,480.0,750 ml,Glasflaska,Kryddigt & Mustigt,Frankrike,"Cinsault, Grenache, Mourvèdre, Syrah",Tillfälligt sortiment,1,0237
9395201,Barolo Vigna Rionda Riserva Massolino,Massolino,1949.0,750 ml,Glasflaska,,Italien,,Tillfälligt sortiment,1,0237
9426601,Clos Vougeot Grand Cru Domaine Louis Jadot,Domaine Louis Jadot,2369.0,750 ml,Glasflaska,,Frankrike,,Tillfälligt sortiment,1,0237
9453201,Chapelle-Chambertin Grand Cru Domaine Louis Jadot,Domaine Louis Jadot,3369.0,750 ml,Glasflaska,,Frankrike,,Tillfälligt sortiment,1,0237
9446401,Gevrey-Chambertin Premier Cru Clos Saint Jacques Domaine Louis Jadot,Domaine Louis Jadot,2495.0,750 ml,Glasflaska,,Frankrike,,Tillfälligt sortiment,1,0237
9589001,Freienfeld Chardonnay Riserva,Cantina Kurtatsch,329.0,750 ml,Glasflaska,Fylligt & Smakrikt,Italien,Chardonnay,Tillfälligt sortiment,1,0237
9459501,Barolo Vignarionda Riserva Poderi e Cantine Oddero,Poderi e Cantine Oddero,2139.0,750 ml,Glasflaska,,Italien,,Tillfälligt sortiment,1,0237
9003101,Brunello di Montalcino Casanovina Montosoli,Le Ragnaie,1139.0,750 ml,Glasflaska,,Italien,,Tillfälligt sortiment,1,0237
9206101,Pooley Cooinda Vale Vineyard Pinot Noir,Pooley Wines,575.0,750 ml,Lättare glasflaska,,Australien,Pinot noir,Tillfälligt sortiment,1,0237
9219801,Tua Rita Giusto di Notri,Tua Rita,1049.0,750 ml,Glasflaska,,Italien,,Tillfälligt sortiment,1,0237
9281001,Alheit Fire by Night,Alheit Vineyards,469.0,750 ml,Glasflaska,,Sydafrika,,Tillfälligt sortiment,1,0237
9300701,Grotte Alte Arianna Occhipinti,Arianna Occhipinti,601.0,750 ml,Glasflaska,,Italien,,Tillfälligt sortiment,1,0237
9430701,Roxanich First Roses Venezia,Roxanich,199.0,750 ml,Glasflaska,,Kroatien,,Tillfälligt sortiment,1,0237
9301401,Château Haut-Brion,Chateau Haut-Brion,8119.0,750 ml,Glasflaska,,Frankrike,"Merlot, Cabernet sauvignon, Cabernet franc",Tillfälligt sortiment,1,0237
9281501,Corton Clos du Roi Grand Cru Olivier Leflaive,Olivier Leflaive,2349.0,750 ml,Glasflaska,,Frankrike,,Tillfälligt sortiment,1,0237
9480901,Latricières-Chambertin Grand Cru Rossignol-Trapet,Rossignol-Trapet,2999.0,750 ml,Glasflaska,,Frankrike,Pinot noir,Tillfälligt sortiment,1,0237
9064301,Barolo Gavarini Chiniera Elio Grasso,Azienda Agricola Elio Grasso,1149.0,750 ml,Glasflaska,,Italien,,Tillfälligt sortiment,1,0237
9219101,Barolo Ginestra Casa Maté Elio Grasso,Azienda Agricola Elio Grasso,1149.0,750 ml,Glasflaska,,Italien,,Tillfälligt sortiment,1,0237
9124708,"Barolo Vigna Le Rocche Riserva, Bruno Giacosa",Azienda Agricola Falleto,29950.0,3000 ml,Glasflaska,,Italien,,Tillfälligt sortiment,1,0237
9313401,Barolo Ciabot Mentin Domenico Clerico,Domenico Clerico,899.0,750 ml,Glasflaska,,Italien,,Tillfälligt sortiment,1,0237
9048601,Brunello di Montalcino Reninna Pieve Santa Restituta di Gaja,Pieve Santa Restituta/Gaja,1797.0,750 ml,Glasflaska,,Italien,,Tillfälligt sortiment,1,0237
9489501,Keir Tua Rita,Tua Rita,1149.0,750 ml,Glasflaska,,Italien,,Tillfälligt sortiment,1,0237
9493601,Vigno by Bouchon Carignan,Viña Bouchon,299.0,750 ml,Lättare glasflaska,Fruktigt & Smakrikt,Chile,Carignan,Tillfälligt sortiment,1,0237
9327801,Clos de Vougeot Domaine Jean Grivot,Domaine Jean Grivot,3999.0,750 ml,Glasflaska,,Frankrike,,Tillfälligt sortiment,1,0237
9116801,Bass Phillip Estate Pinot Noir,Bass Phillip Wines,1099.0,750 ml,Glasflaska,,Australien,,Tillfälligt sortiment,1,0237
9461401,Barolo Parussi Massolino,Massolino,949.0,750 ml,Glasflaska,,Italien,,Tillfälligt sortiment,1,0237
9484901,Barolo Le Vigne Sandrone,Sandrone Luciano,1095.0,750 ml,Glasflaska,,Italien,,Tillfälligt sortiment,1,0237
9519401,Brunello di Montalcino Biondi-Santi,Biondi-Santi,2199.0,750 ml,Glasflaska,,Italien,Sangiovese,Tillfälligt sortiment,1,0237
9337801,Barolo Ginestra Casa Maté Elio Grasso,Azienda Agricola Elio Grasso,1149.0,750 ml,Glasflaska,,Italien,,Tillfälligt sortiment,1,0237
9535501,Barbaresco Montestefano Riserva Michele Chiarlo,Michele Chiarlo,1295.0,750 ml,Glasflaska,,Italien,,Tillfälligt sortiment,1,0237
9534601,Barbaresco Roncaglie Vietti,Vietti s.r.l.,1299.0,750 ml,Glasflaska,,Italien,,Tillfälligt sortiment,1,0237
9419801,Quiñon de Valmira,Bodegas Palacios Remondo,2999.0,750 ml,Glasflaska,,Spanien,,Tillfälligt sortiment,1,0237
9442401,San Polo Vignavecchia,San Polo,2395.0,750 ml,Glasflaska,,Italien,,Tillfälligt sortiment,1,0237
9314101,Whispering Angel Côtes de Provence,Chateau D'Esclans,219.0,750 ml,Glasflaska,Friskt & Bärigt,Frankrike,"Cinsault, Grenache, Rolle",Tillfälligt sortiment,1,0237
9422601,Gevrey-Chambertin Premier Cru Estournelles Frederic Esmonin,Frederic Esmonin,687.0,750 ml,Glasflaska,,Frankrike,Pinot noir,Tillfälligt sortiment,1,0237
671601,The Econic Chardonnay,Bonterra Vineyards,129.0,750 ml,Lättare glasflaska,Fylligt & Smakrikt,USA,Chardonnay,Ordervaror,1,0237
5911001,Montefoscoli Santandrea,Castellani Spa,199.0,750 ml,Glasflaska,,Italien,,Ordervaror,1,0237
7064801,Weingut Hirsch Ried Gaisberg Kammern,Weingut Hirsch,389.0,750 ml,Lättare glasflaska,,Österrike,Grüner veltliner,Ordervaror,1,0237
649301,Lobita Loca Sauvignon Blanc Verdejo,Bodegas Parra Jimenez,79.0,750 ml,Lättare glasflaska,Friskt & Fruktigt,Spanien,"Sauvignon blanc, Verdejo",Ordervaror,1,0237
236101,Portia Prima,Bodegas Portia,279.0,750 ml,Glasflaska,Stramt & Nyanserat,Spanien,Tempranillo,Ordervaror,1,0237
7522801,François Chidaine Rive Gauche,François Chidaine,999.0,750 ml,Glasflaska,Sött,Frankrike,,Ordervaror,1,0237
7133201,Berberana Dragon Gran Reserva,Marques de la Concordia Family of Wines,95.0,750 ml,Lättare glasflaska,Kryddigt & Mustigt,Spanien,"Tempranillo, Cariñena, Garnacha, Syrah",Ordervaror,1,0237
7045106,François Martenot Crémant de Bourgogne Magnum Brut,Francois Martenot,299.0,1500 ml,Lättare glasflaska,Torrt vitt,Frankrike,"Chardonnay, Gamay, Pinot noir",Ordervaror,1,0237
1200201,Allesverloren Tinta Barocca,Allesverloren Wine Estate,149.0,750 ml,Glasflaska,Kryddigt & Mustigt,Sydafrika,Tinta barroca,Ordervaror,1,0237
5085201,Villányi Franc Jackfall,Jackfall,451.0,750 ml,Glasflaska,,Ungern,Cabernet franc,Ordervaror,1,0237
221901,KWV Coastal Views,Warshay investments,89.0,750 ml,Lättare glasflaska,Friskt & Fruktigt,Sydafrika,"Chenin blanc, Sauvignon blanc",Ordervaror,1,0237
7595201,Hillside Valley Zinfandel Black Label,Taster Wines,119.0,750 ml,Glasflaska,,USA,Zinfandel,Ordervaror,1,0237
224601,Finca Negra Cabernet Sauvignon,Miguel Torres Chile,159.0,750 ml,Glasflaska,Fruktigt & Smakrikt,Chile,,Ordervaror,1,0237
7602501,Fidès Savennières Eric Morgat,Domaine Eric Morgat,839.0,750 ml,Glasflaska,,Frankrike,Chenin blanc,Ordervaror,1,0237
7428701,Blanchot Chablis Grand Cru,Antoine et Laurent Robin,801.0,750 ml,Glasflaska,,Frankrike,,Ordervaror,1,0237
7483701,Barolo Ludo,Poderi Luigi Einaudi,399.0,750 ml,Glasflaska,,Italien,,Ordervaror,1,0237
7533101,Walter Scott Freedom Hill Vineyard,Walter Scott Wines,875.0,750 ml,Glasflaska,,USA,Pinot noir,Ordervaror,1,0237
7117001,Baías e Enseadas Malvasia Colares,BAIAS E ENSEADAS LDA,670.0,750 ml,Lättare glasflaska,,Portugal,Malvasía,Ordervaror,1,0237
7803601,Insula Vinus Chão de Lava AA,Insula Vinus,370.0,750 ml,Lättare glasflaska,,Portugal,"Verdelho, Arinto dos açores",Ordervaror,1,0237
7992401,Beeslaar Pinotage,Beeslaar Wines,602.0,750 ml,Glasflaska,,Sydafrika,Pinotage,Ordervaror,1,0237
7841701,Terrazze Dell'Etna Blanc Brut,Terrazze dell'Etna,369.0,750 ml,Glasflaska,Torrt vitt,Italien,Chardonnay,Ordervaror,1,0237
7957901,Baías e Enseadas Arinto Escolha Pessoal,BAIAS E ENSEADAS LDA,500.0,750 ml,Lättare glasflaska,,Portugal,Arinto,Ordervaror,1,0237
7805701,Quinta da Pellada Primus,Quinta da Pellada,570.0,750 ml,Lättare glasflaska,,Portugal,,Ordervaror,1,0237
7236201,Nordic Sommelier Selection The Catch,Tres Rostos,169.0,750 ml,Lättare glasflaska,,Portugal,Alvarinho,Ordervaror,1,0237
9026801,Katharina Wechsler Riesling Trocken,Weingut Katharina Wechsler,189.0,750 ml,Lättare glasflaska,Friskt & Fruktigt,Tyskland,Riesling,Tillfälligt sortiment,1,0238
9215801,Domaine de la Noblaie La Part des Anges,Domaine de la Noblaie,279.0,750 ml,Lättare glasflaska,Fylligt & Smakrikt,Frankrike,Chenin blanc,Tillfälligt sortiment,1,0238
9481801,The Vagabond Old Vine Grenache,Thistledown,259.0,750 ml,Glasflaska,Mjukt & Bärigt,Australien,Grenache,Tillfälligt sortiment,1,0238
284801,Herdade dos Lagos Carapeto,Herdade dos Lagos,129.0,750 ml,Lättare glasflaska,Kryddigt & Mustigt,Portugal,,Ordervaror,1,0238
1261501,Viña Herminia,Viña Herminia,59.0,750 ml,Glasflaska,,Spanien,Tempranillo,Ordervaror,1,0238
7526801,My Way Pinot Noir,Oenoforos AB,79.0,750 ml,Glasflaska,,USA,,Ordervaror,1,0238
7847001,Chablis Premier Cru Fourchaume,Domaine de Oliveira Lecestre,526.0,750 ml,Lättare glasflaska,,Frankrike,Chardonnay,Ordervaror,1,0238
